date,inundation_km2,population_exposed_est,crop_exposed_km2,rangeland_exposed_km2,cattle_exposure_index,flooded_cells,health_facilities_exposed
2015-01-01,1456.618086737062,1466.6231465637684,25.642834661075803,805.5318479530606,72182124.81773044,27508,0
2015-01-02,2323.640522035987,2703.365627273917,37.465161972197336,1335.6911365215037,111526965.21818022,43908,4
2015-01-03,1604.4005340832493,2014.5248929187655,23.527444958939775,999.090523657325,72416987.54418235,30327,2
2015-01-04,1922.2197155759798,1936.7350977659225,29.857526906447234,1192.888624048496,90102319.60300933,36320,2
2015-01-05,1627.0152063629969,1966.5007304549217,16.875824319472425,1029.3059759420667,65489557.445759065,30755,2
2015-01-06,1737.7480416138583,1620.23645670712,24.82684090180578,1091.1069462885155,77042329.89961682,32833,2
2015-01-07,2370.808200879512,2481.8934689685702,25.972222439172032,1450.6122030260744,100371998.12140979,44818,3
2015-01-08,1419.895097964383,1078.3343640714884,20.111671999890795,817.2880132248699,60498237.8218111,26822,2
2015-01-09,2134.300465206726,2009.071277551353,29.7146885328868,1164.317709885503,94284492.96274787,40331,3
2015-01-10,1058.6204276220224,742.9270863831043,16.30003805352277,498.7550035804611,46541433.48012373,19978,0
2015-01-11,1849.2740490457325,1469.2910883426666,23.191045258747312,1150.6399431749126,76964803.29367474,34943,1
2015-01-12,1428.985757301754,1346.8510404080153,12.424368775171505,855.4031747957931,52049238.21112081,27020,2
2015-01-13,1931.901651898515,1526.8346170634031,18.633394495285604,1243.7774657636087,76936908.19456382,36504,3
2015-01-14,2169.7702354705266,2004.089022114873,18.518402997659933,1258.1242268607273,83364766.32017854,41003,4
2015-01-15,1716.1896044105372,1090.135368451476,21.780536056502307,927.4217250086082,67238592.73543204,32403,2
2015-01-16,2570.515551375911,2325.391589716077,27.01225118968565,1360.9372469220054,102172017.58207737,48570,6
2015-01-17,1576.7270251681123,882.2387601137161,19.157274070259277,835.4401094159828,61620274.825342186,29778,0
2015-01-18,2242.9450433821266,1862.477904357016,28.389991595973992,1352.0840290921599,90051177.97826047,42397,4
2015-01-19,1557.7656917888307,1224.75877866894,16.60209409883293,1010.0549254433998,54932830.670344904,29457,1
2015-01-20,1959.8916470008971,1259.4701015353203,21.078586227585795,1305.2752703703143,72884954.71815887,37043,3
2015-01-21,1636.9434522285435,972.6620197221637,11.366048120830888,1072.2924064433505,49780822.116028555,30939,0
2015-01-22,1484.4608672726692,616.3677057921886,17.11024369025039,929.2441584990207,56117394.427110784,28047,0
2015-01-23,2116.146413231168,1418.3462198898196,22.634507156095342,1245.528056643196,80328148.85475187,40010,2
2015-01-24,1419.4187461442343,901.3684444651008,18.571172221946764,873.3164068291525,55354919.38838217,26849,0
2015-01-25,2153.1183878427814,1728.9567885026336,21.433808705241233,1262.1808471820605,87137127.25656678,40743,4
2015-01-26,1002.8348025118022,658.7623693495989,13.63695861845403,648.7922747607913,37964012.12990664,18985,0
2015-01-27,1742.289008926608,1046.136467948556,20.169303179577113,1120.3979631900336,69892878.20635353,32964,2
2015-01-28,1098.992495855569,543.9961060881615,10.417568336157393,774.9413050618996,33049850.867524415,20801,0
2015-01-29,1531.9236094198814,597.3907685279846,19.178909810739487,1006.3587914491948,61134606.48035482,28967,0
2015-01-30,1527.3717975781467,857.127407938242,12.981216709131632,980.3769492259842,52967807.85319483,28882,0
2015-01-31,1527.7638768467593,746.4021085351706,18.860069666714203,975.7118987876355,58367662.34824177,28879,0
2015-02-01,2371.934866420251,1605.5993906855583,20.915847752651175,1409.3708277818384,89453428.76552401,44846,1
2015-02-02,1519.0085427278384,899.3836338669062,16.76366188375092,898.4740243109768,61637414.6775177,28726,0
2015-02-03,2244.965564178866,1687.8795673698187,24.498817075316627,1355.1723336810965,90395706.33343966,42468,4
2015-02-04,1534.350921344551,1215.1630306392908,15.854075933465152,1029.385309386458,58914116.157890394,29060,2
2015-02-05,1956.5814440176846,1267.3748030140996,20.375105099309412,1274.9446659420842,75928942.46775034,37036,2
2015-02-06,1675.6906792234859,1252.4737414196134,11.72986798970359,1137.3076008860896,57886969.51079604,31738,1
2015-02-07,1501.027273923126,868.2376527264714,15.775117558627482,932.827153380458,60917813.52751142,28395,1
2015-02-08,1718.8755365333323,1309.7243846058846,13.298678430633812,1029.9984923624995,70251445.6638206,32523,1
2015-02-09,997.375070188657,414.78184293210506,11.390925630465683,615.7547046799401,42218982.947789475,18850,0
2015-02-10,1135.488928417351,575.0808425247669,9.952610040125228,777.975322307287,42511300.858163595,21480,0
2015-02-11,763.0920404282722,217.1267615556717,7.67489098546178,534.6794699264584,26711163.37264194,14440,0
2015-02-12,1042.5829154077392,435.92667512595654,11.797173426722287,717.9856639983082,39449495.581224926,19730,0
2015-02-13,822.9654100405511,651.4422895312309,9.269771727556373,516.5251738299308,30022495.161071375,15571,0
2015-02-14,911.9243609282013,512.7370391637087,16.887714880387488,489.32753922648067,44466156.58641924,17222,1
2015-02-15,743.0911606803777,866.1621915027499,8.148975197948303,338.4215955983279,34990486.92510131,14055,0
2015-02-16,486.0687846124263,364.32533843815327,6.830012496111024,169.87502567523293,29759104.321849756,9173,1
2015-02-17,1092.3578121051237,1351.9494647532701,8.76672661334738,488.3068620026789,56018597.559388354,20665,1
2015-02-18,777.2998150126544,933.4010658040643,9.83339180175855,357.84270576029695,44870489.07561083,14690,1
2015-02-19,1516.1107111958977,1442.5688391178846,13.007337745041749,895.0277866720493,65985761.496424444,28694,2
2015-02-20,517.7936536376168,394.51346702873707,6.297696798178839,305.35504599619566,17655940.05117958,9795,0
2015-02-21,491.21484487927216,30.253659397363663,3.495382497634896,353.9498064761431,11857222.315298894,9297,0
2015-02-22,270.6631086355264,6.876053988933563,1.1662582843092475,184.35518092889558,6276417.344242896,5121,0
2015-02-23,276.1685344114954,3.035142034292221,3.7542794405046562,135.59708714451568,13093631.629861105,5216,0
2015-02-24,317.93685098922845,343.9538625627756,6.034243746741496,83.06378119444162,21087738.7796683,5995,0
2015-02-25,254.91023545833164,25.140280932188034,4.875043500255421,37.92216709483025,18627474.619362917,4795,0
2015-02-26,414.4863967668193,101.81315550208092,5.835327026392541,170.68229260319345,23095485.683207277,7820,0
2015-02-27,276.08112637120536,12.954635083675385,2.7045418936568395,130.39942551344123,12866736.439002994,5211,0
2015-02-28,363.47453144576946,15.35356405377388,2.7560666378944227,144.6724905863772,20134509.20933645,6855,0
2015-03-01,87.81089162545675,7.0542309284210205,0.42573167971903675,6.564706938527589,3390451.1654049214,1649,0
2015-03-02,200.18039068705113,0.0,3.451304020991659,19.943300037409234,18419434.355231505,3760,0
2015-03-03,120.78650180755632,0.0,1.3331467974655782,8.25836731323354,7151442.8220202,2267,0
2015-03-04,180.27534666849058,0.0,3.3968675306892724,14.003536681249981,14513964.734561373,3387,0
2015-03-05,198.3348956067506,0.2893249988555908,3.813369296480791,33.258985975872335,14719697.389012363,3734,0
2015-03-06,177.48921505645373,0.0,4.978253294268421,15.626650755227194,14654600.631868104,3338,0
2015-03-07,260.2467337201054,6.0122610330581665,4.292329606817176,65.36725787378492,16143724.56753959,4901,0
2015-03-08,156.43041439246753,0.0,2.2284393100594793,27.11666663657016,7080723.267200595,2944,0
2015-03-09,213.88761832838907,0.3252129852771759,3.8209477525671147,50.25028586843576,9883341.807686986,4028,0
2015-03-10,198.30756291027313,37.84519353508949,2.7621690641238206,57.98006859728572,8767077.615662241,3737,0
2015-03-11,300.97440353243974,6.552197098731995,3.718929681538518,63.81167294709153,17555520.44792975,5661,0
2015-03-12,313.97996055160354,102.48211896419525,2.552768688752445,80.98767746931158,17606635.26942987,5915,0
2015-03-13,212.43928233889645,0.7699330151081085,2.9208822550071467,38.68034099751824,13316012.153406898,3994,0
2015-03-14,164.0712771628146,0.0,3.4497910716730313,31.902866402750387,7942454.092677833,3085,0
2015-03-15,112.13876478694876,0.0,2.760207298033437,9.143382112881708,4989889.649875263,2108,0
2015-03-16,141.4284916500341,0.0,2.65224590748947,17.925930967156983,5974883.391483453,2658,0
2015-03-17,96.48912032281079,0.0,1.4357470943166093,5.545606909659045,3886551.9582557944,1813,0
2015-03-18,154.73054821573703,0.3252129852771759,3.617686743915898,12.692180057184618,8764197.055609163,2905,0
2015-03-19,136.73774984559972,7.346384048461914,2.7192410416073356,11.090577663458498,5806744.368318306,2564,0
2015-03-20,224.81813499430493,7.346384048461914,3.1915590284545217,24.65850849641391,13295797.695365608,4219,0
2015-03-21,339.3179373584757,205.97622114419937,4.144679026583515,64.30490768103795,21601571.171358414,6393,0
2015-03-22,246.38139122282126,97.98813056945801,3.234319359538952,36.95105724677127,18005887.04129269,4642,0
2015-03-23,239.77960625483493,167.62290182709694,4.34423388178523,50.28323027161588,16681827.653168453,4524,0
2015-03-24,41.54498827346404,6.148486107587814,0.581756853697244,7.814461246354591,2821391.9762738277,784,0
2015-03-25,35.81617038036281,20.259917974472046,1.2224621972675846,12.024412671605416,2264562.9206525045,675,0
2015-03-26,32.990879396979814,6.211465954780579,0.6914341811467625,6.451006805047639,1421102.1969313738,622,0
2015-03-27,113.13573281724987,85.72119522094727,2.440954427039473,19.218429501591164,6678519.8670760095,2133,0
2015-03-28,217.78363407363614,184.53417047858238,1.752519103317107,43.172927063795825,14736230.391115349,4113,0
2015-03-29,188.91506006796223,120.09395734965801,2.7065456594094206,31.318269348761604,17049750.096018057,3565,0
2015-03-30,81.82667651404753,0.0,1.9638315541459703,7.810757529045919,8800745.349330092,1540,0
2015-03-31,61.213939911210865,0.0,1.804506849251792,6.639527880614714,3398462.6079588053,1153,0
2015-04-01,76.2197039705302,0.0,1.0075497139415575,7.505220049583703,3721810.7303412636,1434,0
2015-04-02,45.563401435321474,16.05077689886093,0.689734241459592,3.182133566517215,1386234.2187890823,858,0
2015-04-03,60.46975464409142,16.05077689886093,1.9659259525430952,7.938090673626047,3892793.549791333,1137,0
2015-04-04,11.449406826849001,0.3429200053215027,0.21264084935991676,1.0136834314938348,262234.84595637635,215,0
2015-04-05,18.098163435663704,0.0,1.111970936340286,1.2753132176358257,1816681.5038886103,341,0
2015-04-06,29.846975213012893,0.0,0.37208927116047796,3.1401491070438987,1257128.4900190167,561,0
2015-04-07,61.44498171317784,7.346384048461914,1.0624463141099867,9.639590212546262,2077999.954378338,1155,0
2015-04-08,120.67558405169709,41.7858167886734,1.008778130578132,19.253283245073852,5807249.499599328,2271,0
2015-04-09,64.22962285730397,29.150569796562195,0.6368757129961564,11.679849695507086,4100477.8926656474,1213,0
2015-04-10,130.51539041184287,56.824845254421234,2.2354073116935393,20.973943890934216,8342735.339962433,2462,0
2015-04-11,68.8351629763272,14.253057062625885,0.746176463231736,4.944246674037036,4569308.457560831,1295,0
2015-04-12,157.16754335441226,0.0,2.821550654705393,21.86427226692418,13753212.793514676,2951,0
2015-04-13,155.00964480365948,0.0,3.7346279450308764,17.715543162052366,10472843.766530214,2906,0
2015-04-14,216.64488651365778,0.0,5.69631926724195,33.06003783988892,13930081.414940616,4065,0
2015-04-15,223.95735756302415,54.72381767630577,2.874276914277903,39.710123223365585,12466191.758635662,4207,0
2015-04-16,76.55643937680136,0.0,0.15977353487292023,7.3089182651698685,3167054.36824446,1437,0
2015-04-17,29.499078696399298,0.0,0.3205033100402414,2.71973470074554,699636.1008390419,553,0
2015-04-18,11.304422746542661,0.0,0.0,0.05338986528435885,60894.54435427606,212,0
2015-04-19,21.7781067713105,0.0,0.47758263688594826,1.809730027971801,904361.872205194,409,0
2015-04-20,116.35728579797834,12.375789821147919,0.6899493908281986,7.862396525545938,5233948.064867471,2186,0
2015-04-21,179.07055161152743,0.0,3.027464199904105,13.965114233593198,10279990.474668413,3362,0
2015-04-22,238.57418495328545,20.898442804813385,2.501267301051347,21.236961713077882,10727322.744220521,4482,0
2015-04-23,198.95834636824858,0.0,2.1737369519275815,20.89690362131799,10172641.138902871,3736,0
2015-04-24,264.5451225943415,25.805708914995193,2.7613381082757282,28.318249770048013,12996891.159562137,4972,0
2015-04-25,139.64993156034782,5.460417032241821,2.4401445565690034,12.387730287031511,6869916.912508449,2625,0
2015-04-26,82.2835024461662,0.0,0.7436070939748352,8.305588332223845,2710448.772444507,1545,0
2015-04-27,15.860772601440088,0.0,0.21242928694142663,0.7433987791638998,543045.5541399047,299,0
2015-04-28,72.26264791729194,0.0,2.2410342927234175,7.408311185373796,3183305.463173132,1357,0
2015-04-29,232.54093052046082,52.597746163606644,7.526508174905838,33.80848899036192,13919268.853094446,4372,0
2015-04-30,253.93831757553937,0.0,8.209232333492322,33.19396037353081,15124251.194855977,4766,0
2015-05-01,305.66755341302985,43.20395931601524,8.836167619470034,52.010395373700064,19748455.50159029,5746,0
2015-05-02,139.03904284498591,0.0,2.2260029019706318,10.27849492571766,6946834.37597577,2612,0
2015-05-03,82.2754846242953,0.0,2.39349541399053,6.76781370572073,5442767.726980655,1547,0
2015-05-04,9.9957242981842,0.0,0.16026800797761453,0.37388056771653244,619482.7423503293,188,0
2015-05-05,62.08242408089126,0.0,2.8289811759305064,14.696978255275218,2137387.770616364,1164,0
2015-05-06,2.5543954037883165,0.0,0.0,0.05275187372863575,41695.76285903036,48,0
2015-05-07,70.30051980628592,0.0,2.9865846301290246,16.244572295319184,3671060.6104694246,1319,0
2015-05-08,89.97981102495463,1.1264790296554565,0.42457636664725706,26.653304413509606,2759333.9407414855,1690,0
2015-05-09,38.516639990460504,0.0,0.47626760919571465,5.365211704609855,797307.037803859,723,0
2015-05-10,216.3897696287927,29.89328908920288,3.8928094378651976,46.50945969882991,8185974.648669255,4064,0
2015-05-11,142.29351810087948,0.0,1.544737613543202,10.16569359079878,3779406.873971771,2668,0
2015-05-12,234.2270032772783,0.0,4.158917981133684,20.482139595447578,13776159.327386547,4391,0
2015-05-13,198.53284608025533,23.33661836385727,2.2919900934572564,14.925351690695882,7726222.084573769,3723,0
2015-05-14,304.0355513471206,66.99273344874382,7.190416692729036,42.56011634034918,17040095.8861283,5706,0
2015-05-15,303.9367945121868,66.99273344874382,5.8089039412931305,40.51902375897705,15517730.82284296,5704,0
2015-05-16,255.32379239996175,0.0,4.958096008473004,24.5784826944927,15089000.808388289,4789,0
2015-05-17,320.9634736073552,0.0,6.871470519243777,33.95940312107384,20629152.406227343,6022,0
2015-05-18,197.0746458199979,0.0,3.938950601625502,14.723604130883105,10327743.478460202,3699,0
2015-05-19,347.83511036378627,3.203671932220459,6.7171953777286,39.21735756127394,22918733.969055656,6530,0
2015-05-20,115.89905591162638,0.0,1.921074050559909,8.46997117671829,4274484.221546301,2175,0
2015-05-21,230.56764249164596,0.0,4.4307636874343155,23.99222348124529,16446833.924791284,4325,0
2015-05-22,164.2979000321601,0.0,3.575932216486534,14.041010773861956,9267542.03774459,3081,0
2015-05-23,234.18220144646605,0.0,4.585131266376307,19.690892527690213,12611779.52983703,4393,0
2015-05-24,226.6013948168031,0.0,4.692081881051666,20.543836185933202,11394742.332142817,4252,0
2015-05-25,153.97030203122074,0.0,3.6267856598744834,14.783832895324764,6280211.422919459,2888,0
2015-05-26,245.3516339180089,3.6046659350395203,6.918803143278251,30.099739978648643,13853870.633319223,4608,1
2015-05-27,119.28391977257621,0.0,3.7260911467701616,12.691380739950652,5586127.944883796,2238,0
2015-05-28,264.59136221593485,8.149207890033722,6.759308552446213,41.933652463674484,19099283.748839226,4971,0
2015-05-29,189.62880151766421,8.014517039060593,3.571003924347324,25.604908446580264,10800592.89292894,3568,0
2015-05-30,264.30857597758995,8.491540044546127,8.046919863534583,50.051226184508984,15917407.039725453,4969,0
2015-05-31,121.81284138764079,0.0,4.689290354222314,17.41606979742962,6936418.63178898,2287,0
2015-06-01,114.33201041832372,0.0,4.896163131504881,12.902648022668165,5195364.238383806,2146,0
2015-06-02,108.97367802260939,0.0,5.2665938596655115,13.63511746465929,4036549.0877249907,2046,0
2015-06-03,195.38880082094795,0.6681329905986786,5.371399757619536,14.177514641415858,7318265.401610448,3669,0
2015-06-04,295.7739333282178,1.7784650027751923,9.949685465558114,35.36178748375704,14577043.2566489,5557,0
2015-06-05,192.5131185843893,0.0,5.6983280006971375,15.728413741526337,9693086.990839269,3614,0
2015-06-06,227.63685471414826,0.0,6.762658628605215,23.52101253875498,12001725.074265085,4273,0
2015-06-07,102.33479306095347,0.0,1.3877185029646015,5.284188127110033,4498371.674531954,1919,0
2015-06-08,209.98512138537205,0.0,5.80801462125168,20.799814861569054,11881537.280780049,3941,0
2015-06-09,189.16544748040226,0.0,5.228068789522343,17.82090876454716,10144498.413674682,3548,0
2015-06-10,175.35428757493224,0.0,4.8021457564008605,16.918186077635653,9720611.602833912,3289,0
2015-06-11,162.8247596487476,0.0,4.964212248954486,18.037568306249124,8713286.909350142,3053,0
2015-06-12,67.12281031327561,0.0,3.3098104974320757,10.250929620519738,1595079.3225443987,1258,0
2015-06-13,125.2563355614984,0.0,4.480964275783291,16.710181697777756,4559582.496631247,2347,0
2015-06-14,56.607721029155364,0.0,1.1210827823531568,6.460745205720367,1655815.9332829015,1060,0
2015-06-15,159.5034751173914,0.0,5.062278644723837,18.72193628607302,5427530.3654803,2991,0
2015-06-16,164.72656066955022,0.0,4.055111940802486,13.076426119599084,7577331.912129115,3088,0
2015-06-17,195.7436617616664,0.0,5.11418877244281,17.924909486495984,11485856.979113158,3671,0
2015-06-18,146.07211394580244,0.0,3.736162916659464,13.499695266878492,8396824.568401339,2740,0
2015-06-19,108.63997356832702,0.0,3.946564885890322,12.219537247859272,6542480.863032273,2037,0
2015-06-20,127.55455370765704,0.0,4.206272844350499,12.585651536634842,5919412.08098384,2395,0
2015-06-21,60.96872352478199,0.0,2.9347143757058047,7.473166450057063,2267604.0681521525,1143,0
2015-06-22,140.90912229000324,0.0,3.6273782312761824,16.48712771467178,6036287.498411777,2641,0
2015-06-23,102.63128746579812,0.0,3.042413628818102,9.770497912147704,4702040.951422384,1923,0
2015-06-24,149.3743225820097,0.0,3.3619500999288414,14.360641544083501,6713845.358791796,2799,0
2015-06-25,225.13553839829933,2.636566013097763,3.2017439185762053,26.999308006327926,8142164.22444748,4228,0
2015-06-26,159.381567911816,0.0,3.4139917053102264,13.664600597460463,5592481.543845526,2986,0
2015-06-27,253.13444903720017,0.0,5.442926994417552,25.28720218599767,13625269.151378792,4747,0
2015-06-28,123.39845920242297,0.0,2.9315346351457414,10.774843731671904,3420089.196013126,2313,0
2015-06-29,240.92160232273994,8.304906040430069,4.960432473645809,21.38274652769207,15435360.228732765,4518,0
2015-06-30,147.79133442190889,8.304906040430069,2.0820292224307724,12.04015027704901,5025848.847904413,2775,0
2015-07-01,195.35992147389243,0.0,3.674395938320394,16.263878488259273,11163948.490008056,3665,0
2015-07-02,147.15393528503412,0.0,2.6678402414994777,16.792911014733225,7402021.165006297,2761,0
2015-07-03,178.46833720035139,0.0,3.4074123544005084,18.78283833784315,12019946.57839359,3347,0
2015-07-04,258.4297255164671,3.8950549364089966,7.43322080606342,25.698006665066565,16386625.099232065,4850,1
2015-07-05,213.03086079001173,0.0,6.048987117473917,17.90819153141327,12294551.37744655,3998,0
2015-07-06,335.60512217999144,0.0,12.997244135252092,33.51997502260847,22540589.583419908,6298,0
2015-07-07,204.51527714500415,0.0,2.026372557812031,11.145904885601805,7393776.724835738,3835,0
2015-07-08,255.2712483511328,0.0,13.547542200269625,21.172616108932893,14547529.642466823,4793,0
2015-07-09,203.06726554749102,0.3252129852771759,5.5047016517654095,11.231664909890888,5642348.988424901,3809,0
2015-07-10,186.2238055558779,0.0,6.878214647091377,9.317071223928702,8676614.246232612,3496,0
2015-07-11,193.24026633550895,0.0,5.4050543402450115,13.040129111374634,9851777.22908509,3629,0
2015-07-12,136.64409409187667,0.0,5.76944071668728,7.504075841311952,8394995.353877662,2568,0
2015-07-13,217.0362651840072,0.3429200053215027,7.1054533357968985,18.286654454012023,13757265.800434766,4074,0
2015-07-14,105.6069264345687,0.0,2.067488582881439,5.706082238302577,3878936.395081061,1980,0
2015-07-15,192.05978483566852,0.3429200053215027,8.746832454493024,18.76102844469045,8739365.36154096,3599,0
2015-07-16,137.24579696324142,0.3429200053215027,2.9729883233269887,10.276126517713326,4433481.1668709805,2573,0
2015-07-17,256.4258634667081,0.3429200053215027,14.345697507425468,22.29393259514302,14793255.262456946,4814,0
2015-07-18,211.79972836069086,0.3429200053215027,1.9729648178326769,17.763249598373783,10627025.907715328,3977,0
2015-07-19,157.73868871572517,0.0,4.444548485217339,9.165992916897386,8483524.64995748,2962,0
2015-07-20,135.64733926128548,3.2617459297180176,3.9170319787736845,7.830680862072424,7757896.706073417,2551,1
2015-07-21,92.85916350879802,0.0,4.80910458958756,4.459364339162522,6724100.700381716,1749,0
2015-07-22,123.10493291132964,0.0,2.221706685340848,6.179332136139398,9677418.359443163,2316,0
2015-07-23,32.65308679024109,0.0,1.3244157631946734,1.8644240908760283,1538185.4052115374,613,0
2015-07-24,107.88465568002832,0.0,1.906121846039826,5.697735196477493,8027391.856946996,2025,0
2015-07-25,120.55271290172355,0.633309006690979,1.5872354413749372,7.484799918906162,6123940.469210417,2265,0
2015-07-26,171.02941429962036,0.0,11.73275548299813,11.993473181739068,9323072.889209077,3214,0
2015-07-27,244.11107906766725,0.633309006690979,10.255584058724445,20.06289740848347,10569397.062916514,4590,0
2015-07-28,130.88594874209926,0.0,12.685114830568041,10.984372547132187,6597312.915806609,2462,0
2015-07-29,147.93264913880625,0.0,12.421105235766486,11.627005096563009,8327103.252031411,2781,0
2015-07-30,57.5648661125899,0.0,7.66418162002533,4.821258163836133,5232053.248056145,1086,0
2015-07-31,95.13858601238974,0.0,8.35654146587815,8.765345400294505,6225446.257965717,1786,0
2015-08-01,96.76642034208105,0.0,0.7477943349750169,4.966662303037498,2936811.3631913234,1812,0
2015-08-02,157.73557779916405,0.0,2.6044484421757286,11.683992275570128,6164893.581830539,2956,0
2015-08-03,136.07436096058356,0.0,1.2750944199099263,8.369025543050293,5377499.837988372,2551,0
2015-08-04,156.9824628998995,0.0,6.192882079001894,13.415208593700084,8150278.500134528,2945,0
2015-08-05,181.1610753878367,0.0,6.570813087317677,18.014522984479466,9292094.027757015,3396,0
2015-08-06,134.14294620619717,0.0,5.982864309742934,11.500737689043945,5469796.813493094,2516,0
2015-08-07,187.1549568966098,0.0,3.3625163112080796,18.681463712999097,10712774.484669354,3508,0
2015-08-08,83.51171323840357,0.0,1.11983152058629,4.749543303133393,2766891.2854896626,1565,0
2015-08-09,177.75682348439872,0.0,4.306040177925924,16.549238983935606,10833722.3708522,3331,0
2015-08-10,191.88039840285927,0.0,4.4039920524334875,13.494358379455177,11775712.897945594,3600,0
2015-08-11,315.2760785584924,0.0,25.39624190255789,39.11362583629408,19166140.39822848,5919,0
2015-08-12,407.1325051991213,6.815413981676102,30.37280882505578,69.40379280973858,23112033.53833246,7652,0
2015-08-13,255.16559346843724,0.0,24.801515852059385,33.18237694702969,15633728.698955419,4793,0
2015-08-14,310.7622393178346,7.825935035943985,6.806017041125843,37.5538183197891,18344828.827311814,5839,0
2015-08-15,156.28984871981106,0.633309006690979,1.9082239072789835,11.227122349030198,7311305.529259536,2936,0
2015-08-16,222.65752234628323,0.9762290120124817,3.8758909933736407,17.193448033341333,11235582.213657554,4184,0
2015-08-17,95.26578690179889,0.9762290120124817,0.5872689813101561,4.3727081602164395,3588428.4422256495,1786,0
2015-08-18,161.70122417283216,0.3429200053215027,1.5457211584901729,9.610246926087425,8505777.445040422,3030,0
2015-08-19,173.6013071870875,0.3429200053215027,1.3353424932998286,12.224938023241158,8200886.53859324,3253,0
2015-08-20,221.7727134740958,0.0,4.291230454325426,13.384881848287451,12197821.293248164,4160,0
2015-08-21,365.89563245474676,1.4237489998340607,8.79451901369638,44.62019927895131,20137096.44902501,6882,1
2015-08-22,172.60818970400481,0.0,17.86578167020807,15.803313259726135,11868688.069483234,3246,0
2015-08-23,275.74140768311446,4.377398908138275,25.960994616521077,32.838940300272384,18199513.225778647,5186,1
2015-08-24,139.33368918795324,1.3014419972896576,17.91212229584681,15.39770918668795,7978349.332840806,2625,0
2015-08-25,177.95656447149858,1.3014419972896576,1.7072425895907826,14.006056792502918,9219845.514602782,3342,0
2015-08-26,169.27922430623477,0.3252129852771759,1.0147795602278702,9.067323149896186,6511262.320299496,3182,0
2015-08-27,202.95914522425534,0.0,2.240412964292656,16.065486138197812,10597908.918400526,3806,0
2015-08-28,298.10519296205996,32.20587131381035,3.7755442522351075,25.04393200061754,15843988.11448168,5597,1
2015-08-29,217.77326355958996,28.70781135559082,10.793674048952614,18.873785172657637,14019902.74523897,4089,1
2015-08-30,243.67959691892963,30.695093363523483,23.16057656024019,32.8019711294437,13089986.265504891,4581,1
2015-08-31,96.00289534165333,0.0,4.544927656809933,9.021845095889859,4697203.359170259,1806,0
2015-09-01,170.05416262822737,0.0,26.5346645520781,28.25944314551002,8310582.8402182525,3198,0
2015-09-02,93.89826640777002,0.3429200053215027,16.913164325220045,14.83091459668518,3775413.652652172,1765,0
2015-09-03,126.25641895659172,0.0,24.8407660159731,21.183407883359983,6247726.366419655,2373,0
2015-09-04,157.27610270907314,0.3429200053215027,6.036904709252637,10.215437727338156,8561005.883354384,2955,0
2015-09-05,188.92872358285769,0.0,16.176769542523417,19.36911195801361,7512680.795277794,3550,0
2015-09-06,259.47979066309114,0.0,20.30014862599185,38.161714747434885,10596725.831551678,4880,0
2015-09-07,172.96676039213716,0.0,21.721932304177557,24.542976070530784,7082411.115286715,3256,0
2015-09-08,146.6125942017869,0.0,19.50220175658727,19.553543676954213,6728119.834628577,2757,0
2015-09-09,55.040492514339796,0.0,10.35873395326166,7.624136607213108,1686185.2264500472,1034,0
2015-09-10,121.44252604225213,0.0,8.043093601798086,13.66269765779922,5454930.416047832,2278,0
2015-09-11,249.17626565295717,6.195632100105286,15.869698243511282,37.69995690766226,13410905.57993803,4687,0
2015-09-12,271.50603002377164,8.22329318523407,30.61948442039414,46.42448224583751,16163888.141939338,5104,0
2015-09-13,362.4553542776007,8.11690217256546,31.042248317213627,56.294383521634735,19584601.615740795,6828,0
2015-09-14,204.6913565887575,0.3429200053215027,27.22427598147705,28.407748598414308,12368959.83889405,3849,0
2015-09-15,278.13064631452966,11.703329145908356,8.366291007515684,26.302259242664043,17893918.956788696,5243,0
2015-09-16,109.91508667256058,0.0,3.3362555886783087,9.011665916257728,8177191.898963682,2072,0
2015-09-17,127.4064069960241,0.0,4.717864878961035,12.073292890316221,7742013.760668482,2395,0
2015-09-18,95.44794328314795,0.0,3.466862035302168,11.172200936378482,4576206.159440163,1791,0
2015-09-19,153.74618484931415,0.3429200053215027,5.108998514998716,15.311105402807453,7020013.170841457,2882,0
2015-09-20,254.27887140542478,4.268782049417496,17.939041277894503,37.55943820966,11769093.272010423,4788,0
2015-09-21,225.89379119084455,0.0,30.55504332494203,31.753170982791456,13028086.573259883,4250,0
2015-09-22,206.4849309587631,1.8146239519119263,29.868624348298724,35.35223913106128,13236441.371139118,3885,0
2015-09-23,130.79476907373834,0.0,25.42420171539293,22.182433690169187,8521980.892626185,2462,0
2015-09-24,156.9672318558506,0.9585219919681549,25.00061314722787,23.557339634953195,9815346.14055357,2954,1
2015-09-25,84.62629353656186,1.3014419972896576,12.313663783645904,12.209904910095572,3387220.356057658,1595,0
2015-09-26,132.7469914647084,0.633309006690979,24.889505178719983,22.006333301742547,8054587.129305972,2503,0
2015-09-27,211.67522130790118,4.425070106983185,9.251939128511237,20.6446796476639,12914090.4409068,3994,0
2015-09-28,221.45930555936027,0.633309006690979,31.081776834662445,34.025090471192414,13427716.338737465,4166,0
2015-09-29,383.1569629937227,19.599954068660736,27.021355368328916,55.88743428912003,21871046.56390167,7221,0
2015-09-30,192.87074103999902,0.633309006690979,27.4895966193205,27.39849713625629,12516802.964323742,3629,0
2015-10-01,177.82513525704496,0.633309006690979,27.696844362117435,23.30573324131012,11846529.275497101,3348,0
2015-10-02,108.12667410045972,0.0,21.461564435255628,15.35110220736596,8920372.28109633,2039,0
2015-10-03,142.3385852456488,0.0,28.329699234127855,24.886342240259854,10624059.085308189,2682,0
2015-10-04,144.61481170401487,0.3682129979133606,20.88826582678578,31.71463650252695,9294299.080054743,2724,0
2015-10-05,214.70716410416225,0.633309006690979,27.29852612264249,45.08758480571783,14088009.970546551,4038,0
2015-10-06,161.85355688562493,1.4249080419540405,18.509551659315363,23.12479354729133,10496409.88987123,3046,0
2015-10-07,172.94592795043616,0.0,21.36219003097058,28.706377823706728,10758748.316160472,3254,0
2015-10-08,233.74693732513813,1.3208240270614624,26.819936838792064,41.35856394826958,13253073.69714084,4404,1
2015-10-09,196.4462750036811,14.049205005168915,23.635163094497134,28.133046507853166,12387122.159245957,3705,0
2015-10-10,246.60110177069592,20.443651974201202,29.03743664239494,46.878783290834384,15141830.605193155,4654,0
2015-10-11,89.39198069011546,3.1846579909324646,13.686780602554922,12.707560127125742,7248662.309472591,1689,0
2015-10-12,114.02709811264562,0.0,22.78449107115485,22.903736257626996,9632968.471108194,2149,0
2015-10-13,117.32721119352327,0.633309006690979,13.123027359470376,17.791625582221574,7969658.43728081,2208,0
2015-10-14,169.46994275995877,0.0,25.34122543051988,38.67889180282996,12530011.844606344,3190,0
2015-10-15,185.31805721344134,0.9762290120124817,20.53347357893618,30.310297548568713,12663805.598594727,3489,1
2015-10-16,162.34235293732036,0.0,18.71896225110218,21.91124124295719,10820802.727882883,3056,0
2015-10-17,157.3295015239363,0.3429200053215027,20.679043046775316,23.864801512404025,11848566.685330002,2965,0
2015-10-18,84.94669587466564,0.0,12.794309257482933,10.486116584406068,7776798.721029335,1603,0
2015-10-19,61.14863171334477,0.8055359721183777,7.350390338442925,8.27749031633213,5634451.350872235,1155,0
2015-10-20,26.98126456713684,0.0,0.3172417904243464,1.2244547186648258,1893446.2209694982,509,0
2015-10-21,94.38421528555045,0.6681329905986786,9.308049773317604,16.375658807565436,5917127.130732034,1776,0
2015-10-22,121.43663934393481,0.3429200053215027,9.897761934632703,15.050012652620962,6952951.59948391,2284,0
2015-10-23,99.22693219273701,0.0,11.64227434589595,12.802372470584897,6920997.394477012,1868,0
2015-10-24,130.64052166330396,0.0,14.340063977794799,17.33655582154429,9354451.316563739,2459,0
2015-10-25,111.50963849485065,0.0,9.413994514440017,14.279583057588303,8059940.850979306,2100,0
2015-10-26,202.20221640813602,0.0,13.02223116416366,30.27102886272424,13511740.885085257,3802,0
2015-10-27,122.23211882710184,0.0,3.390146799271357,14.873886252914085,7240901.951408319,2300,0
2015-10-28,195.9752964224902,0.8300129771232605,11.804540212960541,32.415395715767595,13308662.019440304,3686,0
2015-10-29,69.70461746356682,0.633309006690979,3.547892941509265,5.621630400582074,7453406.889344501,1315,0
2015-10-30,101.95884906131816,0.0,7.99206940601835,11.295166295279566,9542184.58232459,1922,0
2015-10-31,161.69619254936933,8.69924920797348,4.398904887065361,14.448293933500352,10617135.963165293,3055,0
2015-11-01,144.92635424478118,4.124559104442596,4.1821683913078,26.606312487904898,9917250.525943438,2732,0
2015-11-02,344.0042636418377,53.983057379722595,6.194014359785945,69.16737901977784,17344254.702502612,6493,0
2015-11-03,126.11371350547326,2.3267719745635986,3.6568614414550513,22.524748894878524,7990067.249950712,2382,0
2015-11-04,154.54129913515374,0.633309006690979,5.025234839908664,36.32682927667504,9202466.79058058,2916,0
2015-11-05,71.63601993436053,0.633309006690979,0.7947344938958909,14.732130760417496,3030954.515608582,1353,0
2015-11-06,124.26805656941204,0.0,7.058038667706169,33.96673322407024,5886633.825188572,2337,0
2015-11-07,117.37281540815471,0.633309006690979,0.5856754510633809,14.836245138507573,5977819.890710085,2209,0
2015-11-08,129.72936558178034,0.0,3.9806295141614534,16.80570770156438,7002731.986670763,2434,0
2015-11-09,160.92124786592777,1.3666920065879822,2.9132963795761335,27.5419479237844,8203731.78906359,3031,0
2015-11-10,165.08823742081998,0.633309006690979,6.402624051095236,22.301298402135384,9791826.922910877,3110,0
2015-11-11,274.38671590245787,5.318050235509872,11.222814642367473,47.010287164155216,16349854.463043304,5172,0
2015-11-12,202.09425166982498,0.9762290120124817,5.348834862363027,35.89235071142564,11507200.548967784,3810,0
2015-11-13,278.01878812609203,1.3014419972896576,9.400142177931924,57.225367108219416,12729778.550664661,5228,0
2015-11-14,380.12222459605226,9.460237920284271,6.434843926882074,71.44912455666174,15507492.538959064,7152,0
2015-11-15,317.1991641591081,0.633309006690979,14.58558555447366,59.91670181161721,17481795.111206185,5961,0
2015-11-16,153.54233376194006,0.6027799844741821,9.31371234156228,21.815824534087106,11715925.018525911,2894,0
2015-11-17,106.45502025148747,0.0,10.210752168197422,18.880731200918763,10124194.8838458,2009,0
2015-11-18,112.1216564685367,0.633309006690979,6.770940807313333,19.821175903011884,10094338.388915025,2116,0
2015-11-19,140.10110715168983,0.633309006690979,6.1931562078722795,30.078534648293104,10254153.988484101,2642,0
2015-11-20,336.64708149920807,0.633309006690979,13.953877833521862,74.6744737785421,20868385.44595076,6331,0
2015-11-21,189.4064503753931,3.329815983772278,4.501265403886792,37.53872438949212,12440489.088977044,3568,0
2015-11-22,324.88907249415405,0.633309006690979,16.596407994961943,88.3049159070329,19110796.945583325,6109,0
2015-11-23,516.7704886433554,24.356796234846115,18.802535159741275,88.73016500608442,27528025.38096501,9747,0
2015-11-24,366.3786201002674,1.1247639954090118,31.13030816551467,91.49572202467273,20676720.64399833,6889,0
2015-11-25,816.0141138836112,69.73375096917152,32.41722259906,180.58069332837408,42295085.64560922,15381,1
2015-11-26,400.4540803999252,9.985851883888245,14.428946015218612,144.64137610899505,23832084.616189342,7542,0
2015-11-27,500.12708390167586,34.968227848410606,11.702258061876773,196.44556372270097,27400025.465080004,9433,0
2015-11-28,309.9989094425448,39.892056718468666,2.9106824222296015,118.89002538638807,13284769.000867555,5847,0
2015-11-29,320.1152166109435,1.9404510259628296,10.108247026659413,125.87273449987174,16516353.843895406,6036,0
2015-11-30,255.76405367027627,3.440420001745224,4.078502578351912,47.714343139754774,14717578.873645028,4825,0
2015-12-01,239.29741532619994,0.633309006690979,7.7862537911415135,45.8528984768372,12588374.765091892,4500,0
2015-12-02,254.28419121861,1.058595985174179,6.743079570178317,50.61458125228732,13121487.173722407,4777,0
2015-12-03,274.070129518383,0.0,8.118928527575447,69.35674948398045,12889258.479394156,5146,0
2015-12-04,490.6083193691343,16.22286692261696,17.35938638505024,132.5463673561293,26155221.74499146,9222,2
2015-12-05,275.32345283838976,0.9762290120124817,8.371896858848633,66.33480537995091,15192126.467845012,5181,0
2015-12-06,489.5036656416741,1.3014419972896576,20.55862350184932,133.878368040771,25060816.00802131,9205,1
2015-12-07,339.25090252282246,30.009253352880478,5.566328590328278,83.45715665033366,14352330.6402127,6385,1
2015-12-08,398.63909148887575,30.009253352880478,12.57336532491244,94.34794477465707,20446128.280714836,7495,1
2015-12-09,506.9527224988038,60.20349505543709,5.473293518668975,89.92818530394597,23039767.05736169,9552,2
2015-12-10,296.2095747552221,0.9762290120124817,4.681559439122874,56.608176837890674,10847924.794579437,5561,0
2015-12-11,576.7423268077471,20.842883855104446,8.528926507664577,130.13973986064755,23334683.943802476,10854,2
2015-12-12,340.1526725909851,0.9762290120124817,1.2253939641003513,60.621155184384314,7798006.4674038105,6387,0
2015-12-13,481.43584603889116,35.74653831124306,17.0365557646532,123.65678585579093,16821356.16410333,9059,1
2015-12-14,395.55833437458426,9.021806851029396,10.432623055881525,78.87161481336095,7342308.29054553,7439,0
2015-12-15,479.9470240973498,39.744631201028824,32.338906117830085,131.176707785452,19601880.229306214,9034,0
2015-12-16,657.591700365062,53.1600059568882,9.779276273289698,148.1755865329795,20706982.467507727,12383,1
2015-12-17,516.3705519993115,21.54059973359108,13.352200292917843,99.28059351734007,20270234.72916575,9713,0
2015-12-18,837.0912888370297,75.73298245668411,11.824716613722263,176.43300730077902,34259333.62903283,15781,2
2015-12-19,426.0002482015242,5.738430082798004,13.25242230518193,83.48543749600161,17235913.143342473,8010,0
2015-12-20,684.3270685998299,34.31764078140259,22.00135411109078,163.5043144711098,33007110.608137038,12891,1
2015-12-21,415.3307275695209,5.738430082798004,8.31114434415562,93.8406357724787,15531715.22058589,7817,1
2015-12-22,579.9733625931748,14.103771835565567,18.738075935672864,148.96005010495452,28875171.35459117,10919,1
2015-12-23,484.91522638251485,17.649735182523727,5.35724914405722,107.07399106842082,18587860.57871781,9131,1
2015-12-24,485.0756716133205,4.179635018110275,11.185447062498524,63.858578328549,23969668.983675644,9120,1
2015-12-25,649.0436594827022,12.442029178142548,2.7028018405411,62.466847313052945,21884626.06315911,12227,1
2015-12-26,443.3146439973591,13.64564198255539,8.104568754589415,82.97679427567307,13555865.40362849,8327,0
2015-12-27,946.8792244934485,134.55516584217548,9.279942885173686,307.7221116394552,31496274.407779895,17853,2
2015-12-28,544.2638579222786,62.82725352048874,8.43517669310724,195.0281775214794,15580557.01531283,10241,0
2015-12-29,805.2867896467484,143.26192298531532,13.169977393190925,367.94576001881074,33495689.90074898,15174,2
2015-12-30,598.0819235142525,90.61530327796936,4.515538045591195,214.3164186407437,18014501.30580797,11257,1
2015-12-31,790.0206900690036,126.75164031982422,13.848852506488804,352.6605388319761,31809874.737624772,14877,1
2016-01-01,1029.2776454796724,177.10779350996017,7.230329343338821,466.3262919168593,32871685.794745915,19394,1
2016-01-02,702.1588530030309,44.9816018640995,16.397421263252713,233.50514810527855,27628220.261292562,13206,1
2016-01-03,1079.9558301296588,59.77439983189106,15.317920267599499,287.6698990589527,39518452.19401971,20336,2
2016-01-04,483.6214332170705,34.898675352334976,10.766915257951412,94.99663694587237,17158875.544105615,9090,1
2016-01-05,713.8439847320948,64.53706933557987,15.94481149565691,172.8051274991127,29437644.421668004,13438,2
2016-01-07,634.2873631085761,8.281695008277893,13.435433815155681,225.32270088591048,25480559.41630419,11942,0
2016-01-08,765.4852281073903,7.467438966035843,4.825546600939431,284.0436488945257,20730530.354129102,14420,1
2016-01-09,904.6127857942023,49.94716891646385,11.010189974428071,402.32448725303715,28909665.291224062,17049,2
2016-01-10,846.1815099891197,99.24593159556389,4.599949275253347,384.4124362260093,23390019.87781811,15967,1
2016-01-11,323.6919128421229,8.339933842420578,9.152950363888468,83.27362465471904,12240750.047380827,6103,0
2016-01-12,563.4846229639769,12.538212046027184,7.676903433400499,178.78440302584806,17219884.038993817,10628,1
2016-01-13,261.9443458054988,1.533681958913803,4.982326343756341,51.37130408019492,6253357.126682415,4928,0
2016-01-14,495.37557483679996,21.71530395746231,6.000278551073355,204.63044073569958,13560215.605597783,9334,1
2016-01-15,253.05003244756708,9.548209100961685,1.0600078144256475,89.02772735405985,5322339.383277969,4766,0
2016-01-16,425.9030591285534,4.033742994070053,3.5437572189818063,233.95997426685545,10551913.863867514,8023,0
2016-01-17,652.6456348777403,10.729243874549866,1.0616027127741612,343.43778567248194,15810569.818479408,12310,0
2016-01-18,524.7406863661053,14.069506108760834,3.332504373961701,357.28555809451484,10461556.87901195,9884,0
2016-01-19,450.3636956309883,11.802341014146805,1.3723838124666723,182.0242848683336,14745619.536446016,8502,1
2016-01-20,68.59796259120431,0.0,0.8460773975144253,21.169349565405593,4968264.741211609,1295,0
2016-01-21,196.34450748181527,12.054853856563568,2.5415392264516714,28.25054168518563,9956414.248438666,3709,1
2016-01-22,209.95123086309363,1.8565179705619812,1.8548672081656363,40.85240098244792,7596054.576642184,3954,0
2016-01-23,470.22201172086653,11.371885120868683,6.563821371077332,148.24515885326758,20073604.747074854,8859,0
2016-01-24,353.7512662446258,1.533681958913803,3.1811553470969334,76.72424678237043,12789823.45555397,6660,0
2016-01-25,332.00048279980905,1.533681958913803,7.578614944543835,44.49741858295264,17539120.253001492,6242,0
2016-01-26,396.720485985421,5.547955900430679,3.7675085792989678,40.50304107093952,18570599.861950696,7473,0
2016-01-27,249.5244309422881,0.0,6.569156363425136,20.89223646407491,12268372.459403109,4690,0
2016-01-28,534.567489762931,5.611797899007797,7.371050963401644,64.73497141454536,24414883.56235996,10077,1
2016-01-29,280.2803493400657,0.33513399958610535,6.041187503581404,35.070104951356136,12111393.15462511,5277,0
2016-01-30,58.27446411521323,1.0991170406341553,0.16001263954829764,6.1776992908554265,3323015.118560989,1103,0
2016-01-31,523.8949014966893,2.9556350111961365,4.04793159433473,122.57546582188195,14541660.710177423,9861,0
2016-02-01,592.2474417728104,3.186410963535309,10.652629218189777,199.69568616801536,21925777.110695247,11144,0
2016-02-02,640.2416518749524,7.8775359988212585,6.703463218675979,105.1759196671807,23653912.717323065,12058,0
2016-02-03,446.68013417541806,9.044807851314545,10.925769244112008,58.394175292129304,20227496.752957013,8401,0
2016-02-04,749.5527496582266,30.88575354218483,8.2232725607086,94.05362207888976,30629884.020934224,14120,0
2016-02-05,411.6299081827428,1.533681958913803,5.881249077378169,48.00645013489852,17003929.609810047,7736,0
2016-02-06,675.9301957083574,29.60955259203911,8.761302234416203,110.55325678535004,30952025.879544772,12729,0
2016-02-07,301.98993820872175,11.938270419836044,3.9737829508574327,42.03644691991057,12724664.841814563,5686,0
2016-02-08,423.01850822187555,28.123978435993195,7.533160210478559,74.43825782567374,20179663.325228818,7966,0
2016-02-09,301.69991763169105,28.123978435993195,2.3332427100977777,48.98825193446378,12277799.416471865,5687,0
2016-02-10,365.278734309958,28.123978435993195,4.933994821589662,57.671298938209794,17748817.61808423,6883,0
2016-02-11,475.47051949456886,73.73896397650242,3.505428329440263,73.99462124221283,18602325.711629562,8964,1
2016-02-12,303.6625680990466,23.48744171857834,6.258157637186553,35.36251239824883,13141655.995922362,5716,0
2016-02-13,532.1537637359323,67.28802067041397,7.113730508660514,72.53486645489883,20774962.01309105,10026,1
2016-02-14,268.01872543824857,2.8635749518871307,4.240019963891689,31.398896811435375,10600145.373608125,5046,0
2016-02-15,468.34269618504266,34.62135946750641,7.745950656678172,56.48685700982346,21200055.089137487,8821,0
2016-02-16,299.77834331562417,37.599560379981995,1.9110452424082949,33.098600648274775,11311708.155288756,5650,0
2016-02-17,337.0420790337955,31.459945887327194,5.9510634444126564,31.246827943986258,16730798.86156752,6338,0
2016-02-18,226.06903340838576,19.115837544202805,2.0788776546185908,18.546204581227766,7756041.682909222,4245,0
2016-02-19,208.0460310241172,0.0,2.6569456661475432,13.9044631384608,9289993.453797566,3906,0
2016-02-20,83.99806720457573,0.0,0.956493597996652,5.166195441315504,3510121.930214274,1578,0
2016-02-21,41.774437194810545,0.0,0.7927848467242202,2.5527175749938213,2648402.4343731655,788,0
2016-02-22,31.78798720065325,0.0,0.15832003508355658,1.3862339216931894,2029362.79633405,597,0
2016-02-23,6.6191463406373305,0.0,0.31710242298741087,0.42363983026647056,953232.1227537004,125,0
2016-02-24,8.383035106949219,0.0,0.31687076751953513,0.4238302943475106,1083632.475067294,158,0
2016-02-25,4.470337797565424,0.0,0.0,0.4238209072264115,241446.18693303788,84,0
2016-02-26,56.94104764377777,0.0,1.493640317024782,5.0690417435426935,2545550.6972521995,1067,0
2016-02-27,47.64669897925374,0.0,0.32045272133041147,2.4497928362943275,2156771.7770852596,894,0
2016-02-28,44.66104657191679,0.0,0.7958528484441351,2.393946638097617,2046553.9846150137,841,0
2016-02-29,107.85897303156335,0.0,1.2737705724938355,11.373476884988929,5200532.619679712,2031,0
2016-03-01,116.81385073262499,0.0,3.285381284621964,14.665987842305233,5915210.3345835805,2200,0
2016-03-02,136.64265608262372,1.533681958913803,4.519717782620996,21.754564816760414,7617931.9036987275,2572,0
2016-03-03,78.83630554637278,2.8635749518871307,0.7421427895584504,7.063730761571635,3966489.2767251194,1485,0
2016-03-04,155.14444919513144,2.8635749518871307,2.702734293025844,21.623298465462543,8098003.265804335,2919,0
2016-03-05,185.22694254230495,8.407618045806885,2.8649489990695534,20.785378817610606,8183983.275154025,3482,0
2016-03-06,249.94882505097794,7.077725052833557,7.1650778938107225,32.53486595374195,12627751.086453153,4694,0
2016-03-07,201.57686319149607,1.1985479593276978,3.7161898611751654,21.349789115175835,9818850.345828837,3785,0
2016-03-08,93.19550589210561,0.0,2.065839592512761,8.141500219284278,5020259.743344552,1753,0
2016-03-09,62.76069312938012,0.0,2.3791294769124307,4.031039589408912,4238668.060388819,1184,0
2016-03-10,54.63184691746994,0.33513399958610535,2.5949134896566974,4.610284633105473,3147811.637761341,1032,0
2016-03-12,130.31965654776107,40.00893208384514,2.2907363988752825,9.42165623842048,5785600.103223554,2450,1
2016-03-13,197.7627599871565,0.33513399958610535,4.102821953255069,18.341647027439212,11324773.678817209,3710,0
2016-03-14,149.46719452879958,0.0,2.8816973779152084,14.6041937070157,7260147.036455452,2803,0
2016-03-15,216.73371691664912,0.0,4.47274495228452,21.908108629461974,11002290.098543957,4066,0
2016-03-16,227.63951079529252,0.0,4.944109858566803,29.300774542749373,11264143.916396722,4272,0
2016-03-17,158.28605673661704,0.0,3.1828052675865286,18.73984415634994,7046997.088265816,2973,0
2016-03-18,136.73176618537133,0.0,5.248317432880766,21.300303838778007,7218404.18184096,2569,0
2016-03-19,48.72411111835524,1.1985479593276978,1.6933159257144386,3.6129924747427102,2397013.56252382,916,0
2016-03-20,132.1970032062159,3.4509879052639008,2.238923641688812,18.439450074965222,8281621.114356345,2480,0
2016-03-21,130.05359817014175,3.4509879052639008,1.546473265125138,11.928737164075164,5258710.31468476,2439,0
2016-03-22,136.813585048884,0.0,1.651793706782177,12.424200911128203,6728442.6992428005,2567,0
2016-03-23,130.76966994600255,0.0,2.9103638704824455,10.647906754658223,5131713.36292625,2457,0
2016-03-24,123.78685008061674,1.1985479593276978,2.4329286300751662,12.570380688662551,3979939.4020594265,2327,0
2016-03-25,148.54367991285517,1.1985479593276978,2.1209424650161646,22.460635514680973,4926195.992008463,2793,0
2016-03-26,70.75680080094658,0.0,2.338732490850397,7.661243686806894,1998433.4759602405,1328,0
2016-03-27,97.7899199079349,0.0,2.763286540240909,10.062342754044659,4449613.680211427,1835,0
2016-03-28,77.36970010533813,0.0,2.017309150291753,5.531809131905258,2840722.897187212,1452,0
2016-03-29,81.7834011827159,0.0,0.9021462878382205,4.786302705808976,4528048.391769705,1536,0
2016-03-30,51.21158227762821,0.0,0.6365859870085452,1.7027027185646055,1748671.0033147032,960,0
2016-03-31,65.14769104280529,0.0,1.7471051490785012,3.984514979911533,3342325.251934038,1225,0
2016-04-01,57.285701319547016,0.0,1.6977868954397857,4.357260969818299,2158587.9760467177,1077,0
2016-04-02,41.18586114857546,0.0,1.6435228183377366,2.813560105216658,1511641.1786174034,774,0
2016-04-03,18.38287902072841,0.0,0.4777889847171733,2.236824193188101,720144.8329585908,345,0
2016-04-04,5.7480417788068525,1.1985479593276978,0.0,0.42504653734845044,89639.51109726599,108,0
2016-04-05,45.33192573337326,1.533681958913803,1.224235777151909,5.646399283092617,2797051.9907985884,852,0
2016-04-06,86.66378593397944,1.533681958913803,1.4332361951439587,9.778695504175534,4040112.545619576,1630,0
2016-04-07,123.54430535339996,0.0,2.542607302018875,11.74645157000976,7143838.105782976,2323,0
2016-04-08,129.82079177906692,0.33513399958610535,1.4336887636997468,8.509532049539938,5036149.734089328,2441,0
2016-04-09,59.095865924295694,0.0,0.7394527556364922,2.7630811201378047,3467870.97623903,1113,0
2016-04-10,126.99363370615352,10.30385035276413,1.438269355411191,8.728477483360665,5285402.438281879,2391,0
2016-04-11,29.58246589879921,0.0,0.952557555670263,3.1368805582649553,1311794.0044816635,558,0
2016-04-12,74.03111801432009,0.0,1.3838942420067426,7.61269719321263,3503777.4535403913,1388,0
2016-04-13,38.13694384789797,0.0,1.2261865382226276,3.463088354548573,1640808.6977306665,715,0
2016-04-14,79.41661388124382,7.91561222076416,2.02351561703683,8.3134996452665,4461461.182263761,1489,0
2016-04-15,84.4203298397268,0.0,1.3862607696678133,14.015971115699001,3187282.766172437,1582,0
2016-04-16,73.59848350418788,0.0,1.2797661321222449,13.952936576810071,3142793.944921043,1380,0
2016-04-17,73.07517976496156,0.0,2.23079939540695,10.062320160266367,4033430.6918075085,1373,0
2016-04-18,42.804037328501295,0.0,2.9098143355400388,3.9793027198323987,3352606.194250495,806,0
2016-04-19,63.56975862490653,0.0,2.6982038537865742,13.937720479354663,2521336.7331706695,1198,0
2016-04-20,32.28628693542561,0.33513399958610535,0.6846868491679193,5.580937833020554,776997.7237678177,608,0
2016-04-21,136.548108280501,3.4509879052639008,3.080449384114554,19.35535154205368,4893617.426710887,2567,1
2016-04-22,124.96640913931137,0.33513399958610535,4.427015178504222,14.947487573965834,4295249.084977655,2344,1
2016-04-23,172.03580189559025,3.3779170215129852,5.644171782883551,18.73590050417239,9463838.515479825,3229,0
2016-04-24,125.79078268431742,0.0,1.6999657703339608,7.887507303855549,6322045.803430289,2362,0
2016-04-25,88.95165816637916,0.0,1.0609979782074175,5.43646223331642,3446609.333580579,1670,0
2016-04-26,82.6723668902966,1.1985479593276978,0.5294299865024571,4.797844402417719,3112427.5027133413,1552,0
2016-04-27,68.63575340880391,0.0,0.5298390834417415,4.742239653231426,1860757.8963842175,1287,0
2016-04-28,46.58786593933371,1.1985479593276978,0.31824170172662175,1.703066353185449,3194687.8939002566,876,0
2016-04-29,39.91221140075267,0.33513399958610535,0.05342238296097998,1.279490511992891,730660.1512661543,749,0
2016-04-30,32.24318942820095,0.0,0.5327923173419599,5.861515058688934,915736.5086612734,605,0
2016-05-01,49.42501937143529,1.9862929582595825,0.21366907746000502,10.5474285617944,1169462.1197578297,931,0
2016-05-02,43.73218131176907,0.0,1.6406101795443453,10.916225771665289,1178403.9522266,820,0
2016-05-03,94.72476845013291,0.0,1.3238768271346202,34.499194624899815,2740547.8061768967,1777,0
2016-05-04,113.1158965954487,0.0,1.959988164233402,48.7161330258119,3233712.3947273637,2121,0
2016-05-05,97.3683163701154,0.0,2.3862054273241333,41.19327669939077,3346966.0715324003,1827,0
2016-05-06,23.70977016678075,0.0,0.6876714824659242,10.345361821890007,983936.1946790423,445,0
2016-05-07,131.16766247147285,3.2603498697280884,15.59235169271189,55.53309004059485,4857452.681060437,2464,0
2016-05-08,196.84684881823057,1.533681958913803,26.56815130005096,82.28090844414088,6649323.089524953,3699,0
2016-05-09,371.6375725189409,0.0,48.80310182040399,165.9969879232805,19210926.806353025,6980,0
2016-05-10,358.2551572359447,0.0,72.19595359088856,169.22119392339306,16149202.788838975,6725,0
2016-05-11,327.01831704059794,0.0,86.72839255653922,159.66651012321083,15588964.845231883,6138,0
2016-05-12,442.93797167117106,0.0,145.23737010230303,271.0625059123975,17529897.435608413,8318,1
2016-05-13,317.5784638027937,2.762240022420883,99.65159263000638,171.85598099963465,11957504.33629222,5963,0
2016-05-14,623.7029024704875,22.89264675974846,142.3754780592073,338.85365639314506,29987626.06000647,11724,0
2016-05-15,262.99231628012046,1.1985479593276978,78.0939767036194,122.191113713665,9953562.480563397,4936,0
2016-05-16,441.06628713179344,1.1985479593276978,128.99491265357554,210.11328587283813,23044905.524300013,8284,0
2016-05-17,220.05979692084244,0.0,28.544035771392764,51.9955653657214,10353355.213290397,4126,0
2016-05-18,316.27905477082703,0.0,50.426025918087944,89.89962561708151,16054845.577957785,5936,0
2016-05-19,410.5137173898995,3.35870099067688,57.040644669402624,156.05919912851664,18247925.54692446,7715,0
2016-05-20,336.8101550649178,0.0,57.18249748423906,144.5070949306299,16161656.911040075,6332,0
2016-05-21,291.252626632431,0.0,43.294398974281414,93.98184202661261,17152396.90939515,5472,0
2016-05-22,114.72699628035424,0.0,8.72299157016818,21.6897588033786,7054263.840975421,2155,0
2016-05-23,245.07234525550854,1.1985479593276978,21.31574365001039,57.93198654219673,17673285.719109986,4600,0
2016-05-24,176.24868655525236,1.533681958913803,13.211822418544935,38.482334158759244,7590847.677020889,3305,0
2016-05-25,269.4440235577301,0.0,20.222475193189386,58.42998391682324,15569783.479371455,5054,0
2016-05-26,292.28328955407693,0.0,18.587488259996604,66.80876405364444,13539012.389168162,5479,0
2016-05-27,246.26954431445205,0.0,12.920890625464361,54.879349063985,11585101.101941513,4619,0
2016-05-28,358.5541459183686,0.0,14.251685842510467,92.03005528146336,19454577.771477334,6729,0
2016-05-29,193.44689953377238,0.0,9.03103106633732,35.271495186833555,10188885.768704832,3631,0
2016-05-30,339.5800590959634,1.1985479593276978,18.182780295252748,71.9882664400455,20874868.4905628,6372,0
2016-05-31,179.29690908907037,0.0,10.427075458033192,36.50469804578065,8711761.063206064,3363,0
2016-06-01,320.8482278190207,0.0,22.44785308751156,69.3521808598219,18533313.502647948,6020,0
2016-06-02,325.712241263415,9.83105206489563,13.56017794918639,63.617382597361114,15084593.388295094,6111,0
2016-06-03,298.8916974333663,0.0,19.36402429198312,55.76695207848984,16241489.07360114,5610,0
2016-06-04,306.72638496098244,0.0,15.242110835546722,58.27344817680917,16153158.735893665,5759,0
2016-06-05,149.7490300669964,0.0,7.914610917384496,24.300718075574444,7027635.295076819,2811,0
2016-06-06,209.15477930625826,0.0,8.096731022151987,44.187786098782915,11028235.61596001,3923,0
2016-06-07,88.71778094149312,0.0,4.107320274253708,16.267453764648906,2899784.7666473966,1662,0
2016-06-08,230.56192578143117,0.0,10.690944529641671,49.79324421648038,11783580.40301795,4325,0
2016-06-09,235.92572289715457,0.0,7.809078697995405,33.72912605509218,7854324.010544514,4424,0
2016-06-10,309.781298912617,0.0,15.115596650497142,48.324989816372096,13839671.7339988,5813,0
2016-06-11,368.27375747906416,7.830427139997482,11.992247147729712,99.01571544144284,14951133.242040688,6919,0
2016-06-12,257.4612692710396,0.0,12.089614798505883,34.99255650910159,12183590.486301465,4833,0
2016-06-13,287.8118160191638,0.0,13.634750983163176,41.59533534436168,15628763.742750647,5402,0
2016-06-14,151.69769467224825,0.0,7.218272433917312,17.909122500912275,6715840.8551153885,2847,0
2016-06-15,183.4446784267903,0.0,8.926869493138318,26.215122404812224,9723456.67280815,3444,0
2016-06-16,50.870040460291044,0.4007759988307953,0.10635579778761145,1.120688419389133,1044898.0062086919,954,0
2016-06-17,88.23217698888055,0.4007759988307953,3.1261656140563465,6.240346748386677,2524895.9351331573,1655,0
2016-06-18,43.98330561201365,0.0,0.8007919820113347,4.103910059367335,1047944.288316772,825,0
2016-06-19,87.67875524846632,0.0,3.1926601424302894,11.20029959114528,2292196.789706959,1643,0
2016-06-20,110.18835347081621,0.0,3.8419782390586077,17.492364403886373,3097606.601155139,2065,0
2016-06-21,100.41351704165203,0.0,3.362611645589491,11.05014676636382,3052675.069889167,1882,0
2016-06-22,51.61336726453784,0.0,2.5076680259264665,5.975734928170365,2214463.732451522,968,0
2016-06-23,11.363542159632983,0.33513399958610535,0.0,0.4776240189071918,627199.1547225622,214,0
2016-06-24,54.911436656333784,0.33513399958610535,2.0820291479205433,7.304127485281251,1577426.255988415,1030,0
2016-06-25,138.959081990745,0.0,2.349035932804269,17.013999837696485,3751735.486650729,2607,0
2016-06-26,140.25928869862042,0.0,2.8295395371641074,15.740491577625676,4285439.198540017,2628,0
2016-06-27,134.87222163789446,0.0,2.5090873165853638,12.864830212223424,4742890.993598994,2527,0
2016-06-28,118.16883610856844,0.0,2.7760367415895812,14.7870895373933,3787957.601392483,2214,0
2016-06-29,171.10114695988003,0.0,2.508304875089357,20.813589501091453,5839095.734116674,3206,0
2016-06-30,139.2544755949448,0.0,2.346499582911113,12.332844881813566,2801458.470738892,2608,0
2016-07-01,188.37589730997865,0.0,3.7911034279582476,26.32102553523807,7915159.863997921,3528,0
2016-07-02,140.8678023311348,0.0,1.4950765605679333,8.486226805350034,3727269.8990450306,2638,0
2016-07-03,226.1102359713715,0.0,5.499311999723403,31.540033958408237,8152016.298873319,4235,0
2016-07-04,184.451573313475,0.0,4.484766781345629,22.675472789925124,5600387.028537938,3455,0
2016-07-05,121.48900002154203,0.0,4.001013321789592,13.287313365790187,3971031.2780879587,2276,0
2016-07-06,95.47821885787671,0.0,1.8151346246797049,7.633905506327644,3297161.3323753574,1788,0
2016-07-07,33.86078751120375,0.0,0.10676718430059629,0.9075587771555838,396245.6517980216,634,0
2016-07-08,92.95268410018622,0.0,2.081720710488007,10.939516046079861,3474512.169213504,1741,0
2016-07-09,47.394163640218906,1.1985479593276978,1.227266820114156,5.545788396332955,861523.482041515,888,0
2016-07-10,133.43402040279756,1.1985479593276978,4.268694369272283,17.91586522664671,5004158.651968289,2500,0
2016-07-11,129.42633153804923,1.1985479593276978,3.416990101627164,18.204802844978612,4335597.069213827,2427,0
2016-07-12,140.34415471819014,0.0,4.376862026977185,19.527856259074376,4870391.036060242,2629,0
2016-07-13,119.1876214553054,0.0,3.9439331758975924,14.36032401774046,3979774.7698393534,2233,0
2016-07-14,99.38543939324926,0.0,4.3703434475228,13.022024018154973,2803463.198913574,1862,0
2016-07-15,170.3453077582012,0.0,4.63864607550503,22.393211190600997,6933431.679309535,3193,0
2016-07-16,139.9967321740308,0.33513399958610535,4.803474855992527,17.333828481024476,3789167.977775428,2625,0
2016-07-17,319.7585797110768,0.33513399958610535,12.5605231422913,51.19807910583808,18058225.682524864,6000,0
2016-07-18,199.2999524794987,0.0,8.620631333884898,24.637489892898785,9530655.593354745,3739,0
2016-07-19,283.6899588290245,0.0,13.232023256242085,39.54219403891968,15172178.164671551,5323,0
2016-07-20,202.36738318558764,0.0,7.58085565407621,25.815455323397266,8249246.211753961,3792,0
2016-07-21,187.14233293183983,0.0,6.8334610573639,21.194710368288792,7224613.891542423,3505,0
2016-07-22,310.14133249983115,2.5737410187721252,7.36758414662476,84.62025625506075,13717320.768032124,5828,0
2016-07-23,162.98518721693793,0.0,13.377360157342958,23.010314978122512,5816444.067099032,3057,0
2016-07-24,206.5505430550606,0.0,10.902694937285473,30.540639601941123,9955306.164963135,3873,0
2016-07-25,111.36628590300167,0.0,5.605512238271136,14.944785908988178,3996577.494786299,2089,0
2016-07-26,214.0328829444397,0.33513399958610535,6.2435787358867225,26.538136071736506,9545956.674319865,4019,0
2016-07-27,207.76162101587832,5.642837971448898,5.39016147058178,33.43657687793992,8126553.698874521,3905,0
2016-07-28,138.12324250238723,0.0,5.389981312869007,18.310711590987985,4892366.884441817,2587,0
2016-07-29,200.23577626477933,6.029784977436066,1.975074776352842,76.38908484851288,9843804.555114552,3767,0
2016-07-30,128.30363560538035,0.9768890142440796,0.052792680512396356,9.131486979637327,3783933.901020517,2415,0
2016-07-31,265.65113850578126,1.6301060020923615,7.883141875271413,61.077491418984266,8669646.26854836,4997,0
2016-08-01,104.60446094011797,0.0,8.720136431385644,16.335626428253835,3604787.5717133037,1963,0
2016-08-02,324.3897880640301,0.33513399958610535,26.867430739832074,94.0269062682509,15716734.964447444,6094,0
2016-08-03,227.24938569314702,9.829427927732468,6.078257238185124,32.683509929473345,8856294.327381903,4274,0
2016-08-04,306.2143709638708,9.494293928146362,21.044898410234037,48.605566129819344,13707022.897214059,5757,0
2016-08-05,103.13276275048035,0.0,4.2711376685984845,15.08773520170114,2849372.0439944025,1932,0
2016-08-06,89.10818300989774,0.0,3.523418649339565,10.0361131724316,2340182.177926714,1669,0
2016-08-07,68.84236560188606,0.0,1.2234152434766654,4.216883270544694,1851857.1756602859,1290,0
2016-08-08,31.466842328871778,0.0,7.67138797327023,5.141357007170671,634657.9928206715,591,0
2016-08-09,38.74033370721484,0.0,10.160904850815037,9.180606443551609,1732917.999229151,728,0
2016-08-10,15.744147069704718,0.0,1.2278613758342376,1.654359533041885,318394.73565979244,295,0
2016-08-11,112.31468816906288,0.0,2.7758170214515974,16.046387499136817,5545728.162382727,2105,0
2016-08-12,183.8841095079134,1.312261015176773,4.218046881494287,26.256854837668346,8037428.5720086945,3447,0
2016-08-13,258.67302680529565,0.33513399958610535,6.979926294844789,34.443319560705746,12589984.637763342,4850,0
2016-08-14,707.7435318301269,163.55249951034784,28.343740632858026,302.3816824459919,35663944.56936309,13333,1
2016-08-15,417.4271535997905,100.91641084849834,20.182692984879242,123.1602241357835,20574083.49766918,7863,1
2016-08-16,557.0734403879761,127.96523977816105,33.62127452045656,178.13308705426599,32826043.987028368,10498,1
2016-08-17,209.567317340879,3.854120969772339,13.82691588434367,30.791476404291654,12422691.714038732,3942,0
2016-08-18,319.7527680750527,3.854120969772339,25.010465289452693,60.56058621136884,21217326.445992816,6006,0
2016-08-19,247.4324846444198,101.42696616053581,9.712094744252331,45.99327769532066,12914061.215869876,4648,1
2016-08-20,259.64195569845685,1.5213839709758759,6.2991264811102035,37.41522144567492,11069728.843610393,4868,0
2016-08-21,381.15882613979124,28.83781236410141,6.6186627542675645,144.78744839675446,17910198.880575106,7165,0
2016-08-22,319.2877226328059,3.820970892906189,9.5408488640469,40.84691966870697,12241934.312097661,5989,0
2016-08-23,1010.9012422081271,191.74866620451212,27.969468548792666,388.310082348662,52466536.038904674,19075,1
2016-08-24,384.78445444344334,4.720752954483032,27.733124523329227,43.94065029765072,20091886.904129624,7250,0
2016-08-25,563.9117277580722,169.74567136913538,24.410072768045424,225.55530908397722,27839980.123392023,10638,1
2016-08-26,126.8932471777843,84.93532219529152,3.943252081945009,22.468199091841075,5660585.658942975,2385,1
2016-08-27,226.95148278627016,84.93532219529152,16.74821729332547,41.755143746778984,14576247.179872958,4264,1
2016-08-28,646.6509919295694,217.1659837514162,12.038447516818545,161.01167670675693,36293385.834869884,12205,1
2016-08-29,268.352867139236,0.0,25.155799404178044,40.37514314044325,16073464.734653743,5037,0
2016-08-30,802.7641214102283,277.02397652715445,21.132699085308417,247.95975151720629,42031738.33374437,15146,1
2016-08-31,187.72249194682365,0.0,22.17070527448584,30.394416785097132,12143895.231317263,3525,0
2016-09-01,325.9259038774706,2.270336002111435,29.89771201085106,79.71134056873889,22159816.084811784,6122,1
2016-09-02,153.72616156401492,0.0,14.88014767518048,20.57751457931658,6896292.547113941,2886,0
2016-09-03,260.41633272107487,0.0,37.50531412261434,63.087469082524706,14230306.041576412,4881,1
2016-09-04,99.83237092749854,0.0,16.311121136221622,19.72114243595499,5021940.122469394,1873,0
2016-09-05,179.9234005398592,0.0,24.986811065472846,29.21791954593893,9159225.935979458,3378,0
2016-09-06,287.7721744526096,105.53647455573082,20.44013881381873,43.3855360650285,16566745.270697001,5420,1
2016-09-07,302.6568250506539,105.20134055614471,29.336051020348815,51.619243195095166,18633900.03812467,5698,1
2016-09-08,259.67016262868833,41.25211548805237,20.773924707668545,40.83171612307505,15445064.82749011,4880,1
2016-09-09,199.03275262411273,0.0,15.321168271806197,28.455699272352888,11131915.423731167,3740,0
2016-09-10,160.69528595498534,38.844611048698425,7.3892712468222905,26.56768684587805,7706057.477680729,3016,1
2016-09-11,113.80874034992233,104.17382928729057,5.951136966966638,20.39910757663479,5473340.290616048,2137,1
2016-09-12,186.45758277114754,85.01126620173454,22.34217398038131,34.151852822983436,11606007.443627944,3501,1
2016-09-13,247.6916613267287,95.27124032378197,18.966507690433154,38.83543584690527,14254596.934415838,4653,0
2016-09-14,246.97311771639997,0.0,27.098687255915284,34.072785115225294,13521422.19033716,4639,0
2016-09-15,418.88629551064383,35.56249740719795,23.344773056177964,43.2239839192804,20609195.063548256,7889,0
2016-09-16,185.44115933140077,0.0,27.663081057719378,28.97751713508036,12492132.532521615,3487,0
2016-09-17,251.49550166002462,39.20812797546387,21.06351009549918,34.82990913604893,15356928.251005372,4731,0
2016-09-18,105.59321745009952,51.53207024931908,5.621529271214887,16.576112741944065,5414346.569993706,1985,0
2016-09-19,143.51800919883382,143.83222369849682,3.611333576512007,23.757350657189747,5898029.345882558,2703,1
2016-09-20,80.49317300719554,54.106956988573074,3.980389238958088,11.510456019735427,2643662.1302248025,1515,0
2016-09-21,151.66433063309915,19.483135908842087,6.314581553848554,14.962734162520443,6396081.633086057,2845,0
2016-09-22,223.97781174138962,89.68876975774765,14.106128432160912,35.47007770077032,12803868.908715112,4208,1
2016-09-23,254.1473042389239,89.68876975774765,26.457701613460728,42.59143204694953,13915038.880500868,4776,1
2016-09-24,298.6130657795957,197.2082620188594,25.909209478425822,49.67011199691901,17119708.264552984,5625,1
2016-09-25,131.59142096787906,77.85812360048294,19.401871986926977,22.3140271109437,5228094.086952449,2474,0
2016-09-26,117.09471445539081,77.85812360048294,18.822179313083225,20.120719500958156,5917708.518199332,2203,0
2016-09-27,33.51662133203192,0.0,11.579759334789461,7.465459190583028,1055933.698531987,630,0
2016-09-28,64.14329887203357,0.0,16.54058242487717,12.551543516809408,3073545.0047209384,1206,0
2016-09-29,73.07820837439526,40.34423354268074,6.818255299656484,10.018084134005935,2842647.7155984864,1374,0
2016-09-30,148.07916592748865,40.34423354268074,10.327885787523266,19.025846245918867,6421792.916477373,2780,0
2016-10-01,278.8186017336281,136.0245588645339,3.9339942046788625,26.645033794605727,13233014.151764752,5249,1
2016-10-02,156.84343508767586,28.742696970701218,4.24876026001569,17.914801663848216,6740276.02098414,2947,0
2016-10-03,216.30703076244646,110.09013452380896,13.377176865958464,24.959458729931477,10268173.535807151,4079,1
2016-10-04,104.64101587833612,81.94272118806839,10.203416689221202,19.85875307994405,8027781.333442514,1975,1
2016-10-05,136.08940504885854,89.30385929346085,24.53412830293261,29.694992720833078,11300608.606142005,2571,1
2016-10-06,101.96126343909604,54.646688252687454,16.755945385154906,17.40643271427536,8657910.543034466,1926,0
2016-10-07,125.48165165221549,0.0,29.607981625791112,25.207019033464288,11144899.536534015,2367,0
2016-10-08,194.16335729124927,3.7012750804424286,24.90167800257223,27.26069534827881,12350809.943210797,3657,0
2016-10-09,245.28273837702034,3.7012750804424286,43.83777457625132,48.96986655823574,18170675.505893413,4619,0
2016-10-10,240.11275297496186,17.507011622190475,40.608434515442944,41.95826963899588,18620889.781255703,4520,0
2016-10-11,141.39602291608895,0.0,31.026326792957235,24.828670850835827,12470533.973767668,2665,0
2016-10-12,147.52652016945498,0.0,28.45366625041581,28.942929198249974,12370552.18766338,2776,0
2016-10-13,105.23667117222665,29.189986050128937,13.214600150699228,17.369908646397462,4999848.8632327365,1982,0
2016-10-14,212.88081258751723,15.345430970191956,26.410803849053714,37.179428036957646,15688815.345124425,4001,0
2016-10-15,204.68886069265292,78.36445942521095,14.138572997931208,24.871948284371822,9171518.115776539,3849,0
2016-10-16,237.24261106464093,50.083242297172546,32.53258437658961,35.28943329715125,15066835.26697788,4461,0
2016-10-17,354.56325563482125,71.26909302920103,27.666577706698536,40.89389431740325,19474527.34542241,6681,1
2016-10-18,182.22813443451477,0.0,34.5259454878065,31.332326548165486,13937792.68772641,3433,0
2016-10-19,318.0215905549257,12.153232872486115,35.216070007856345,45.201102381008425,22279910.654560827,5992,0
2016-10-20,143.37149240673054,51.86550012230873,24.20180858388175,22.390893604835604,11917832.62566518,2703,0
2016-10-21,192.67511922889898,51.86550012230873,32.77890530634613,36.883986711227635,16177031.372196596,3628,0
2016-10-22,148.57658341765548,49.21983328461647,17.96927908071844,25.38431872300005,10613338.990848556,2802,0
2016-10-23,216.75692523387244,0.0,34.37302161299194,34.66940629277884,15035177.190315185,4079,0
2016-10-24,575.171192052205,142.8561410754919,22.53635824965642,65.52946261653199,26960667.680738483,10855,1
2016-10-25,329.97521459808496,0.0,33.74438269489224,52.95545662262429,17796242.550286964,6208,0
2016-10-26,484.5072932669476,155.9125197827816,32.78741498995106,69.68228678972933,23439173.95186499,9136,1
2016-10-27,208.6346374044455,0.0,30.33988024755556,30.957726731103243,13220391.470053049,3930,0
2016-10-28,244.96220231478827,14.923455685377121,35.72888739699692,41.72927509943355,15630940.961597908,4621,0
2016-10-29,131.00561075339488,15.233786791563034,16.752272411143096,16.468013535517745,10301240.910165517,2471,0
2016-10-30,215.73236260744025,15.233786791563034,35.8376908255922,39.37913177107993,17020519.08592089,4066,0
2016-10-31,346.92923553997815,75.56770831346512,20.739709418272028,42.33298044823307,19835993.14947008,6543,0
2016-11-01,334.5305924021297,0.0,42.41842983386182,71.02352541268871,22060787.84479686,6293,0
2016-11-02,579.5140601035022,197.77648542821407,36.51927098936456,88.20959518201796,30773799.36205737,10932,0
2016-11-03,260.61615567491344,5.976892948150635,37.167651650129386,49.1848960772046,18501719.78708357,4914,0
2016-11-04,334.072926607469,95.92073641717434,36.54812677777747,58.488430032467356,22709056.415044956,6300,1
2016-11-05,177.69233933551934,11.547474980354309,23.579212049331527,28.319200873320682,13813842.143653225,3354,0
2016-11-06,306.01460305819506,15.352811068296432,39.12696304227632,71.6748821845045,23209825.731353343,5763,1
2016-11-07,216.88802203038327,23.914461761713028,7.146128042984508,26.35169918675162,13200623.330233026,4088,0
2016-11-08,180.9237334707934,11.347030907869339,14.444853069000978,34.3039914348665,12672200.614735967,3408,0
2016-11-09,250.2113791210391,82.03529033064842,5.713197026946314,27.96838769626859,12112566.725609588,4722,0
2016-11-10,127.19658195366317,0.0,13.062037027286715,25.022394358000014,9528519.844762748,2398,0
2016-11-11,461.37985279062946,145.93728545308113,21.212875217040935,70.80604250735072,24357453.522526275,8699,0
2016-11-12,194.30003492466892,0.0,18.448970263042177,36.44904800129401,13060886.891944256,3661,0
2016-11-13,398.0808463211813,55.40419042110443,23.608814150767365,71.54292733722949,23876053.013533942,7492,3
2016-11-14,190.3846684926609,0.33513399958610535,8.623753778204513,35.51621676964624,11553665.470158247,3587,0
2016-11-15,307.2239214278162,9.261942923069,26.453119597687593,66.9480280156377,21667172.59913709,5786,0
2016-11-16,180.3403025640757,6.3913209438323975,9.377918101741326,30.98061633961586,12520012.736549532,3397,0
2016-11-17,200.73620969630122,0.0,18.79126450878997,37.8442326887812,16935695.48176124,3780,0
2016-11-18,224.1946204850801,8.209217220544815,12.767113248436006,50.536645697203134,14657310.428760182,4223,0
2016-11-19,156.5985392814798,8.865845918655396,15.297372303514125,26.375639370010436,11273045.76386781,2951,0
2016-11-20,358.0009962339661,27.728934407234192,29.549143591024382,98.46643630314173,21024537.793419454,6739,0
2016-11-21,177.78003502149866,15.823446989059448,13.079643871386086,34.2922249416931,10407520.439244363,3349,0
2016-11-22,314.7706529323974,17.250710040330887,26.043589712291165,89.0488370221034,19661972.679756466,5926,0
2016-11-23,102.88556838547852,2.7221051156520844,4.760646747201271,18.619471822806595,6129530.610690385,1941,0
2016-11-24,183.91431989189633,0.9436600208282471,15.393214028100134,37.93333734673247,14508581.940189837,3467,0
2016-11-25,336.2499452678333,39.65883922576904,6.507506264151381,46.31606473080715,15958806.141699357,6343,0
2016-11-26,326.45640250777353,1.4342510402202606,18.006797903415407,70.30595389111738,16226964.340806104,6144,0
2016-11-27,593.0790115765537,107.5271115899086,12.725441806681669,127.42971320039878,21699930.904656537,11195,1
2016-11-28,286.3900024679925,36.21888110041618,8.690871237534454,117.29069500631208,8302644.99058367,5399,0
2016-11-29,517.1612120871735,77.2293983399868,16.137112610364355,257.3087051262833,18142516.629260935,9761,0
2016-11-30,262.9587751388971,11.760323196649551,2.5382472505187996,137.79389563010756,9047131.297466248,4974,0
2016-12-01,286.4208822098596,3.09665510058403,14.966585663877845,76.69663650340323,17710020.053568333,5397,0
2016-12-02,272.39279469341966,43.429860293865204,3.5418306622156788,41.47474433305784,13157051.209547963,5142,0
2016-12-03,271.46736889583786,0.0,20.527902721493938,55.69662572293009,18291790.69921449,5108,0
2016-12-04,466.0870721927953,7.638816028833389,15.24975572616563,82.5421956259607,24361240.300192446,8785,1
2016-12-05,263.59338692389065,2.8253509998321533,21.263367108879486,56.43338125135462,17429935.258949954,4964,0
2016-12-06,459.5837701534297,12.901390880346298,20.579093617442336,141.37170768671015,23486354.46686144,8664,1
2016-12-07,386.8415028454454,28.51076051592827,16.767458687546064,164.99470609946218,18386935.108776424,7301,0
2016-12-08,739.9527940296953,181.82241839170456,22.169162875916875,364.3054403466711,30131079.93632385,13961,0
2016-12-09,864.0233647393088,211.93449014425278,11.397802937588123,537.4839981800255,26678724.15942774,16300,0
2016-12-10,894.8251893504951,220.55369198322296,27.347568782483542,531.6581432619104,33243950.45959203,16870,0
2016-12-11,1218.9864187442947,190.28665521740913,16.723022358128166,628.8562405784763,37933812.67707292,23001,2
2016-12-12,644.9313943939269,108.27165028452873,30.58213896255208,378.95544036508386,25655926.458706856,12155,0
2016-12-13,972.670205250881,185.27584826946259,38.79509754443069,536.6956422231258,37441096.281466015,18345,2
2016-12-14,353.46650735827524,25.647758305072784,21.301201763673653,196.7212969620545,18191464.23499799,6670,0
2016-12-15,572.5122257568955,25.139699161052704,22.250268939679987,268.41300864940877,26703997.26760762,10797,1
2016-12-16,287.81232092041836,3.906168043613434,8.627232380815025,112.9477952815199,13759541.622270966,5430,0
2016-12-17,567.0700339483981,10.559646040201187,20.884996803916472,228.3453698366484,26708159.06674822,10688,0
2016-12-18,807.8411189867636,22.068921118974686,13.88186679311501,266.7828513489226,28363581.187249318,15230,0
2016-12-19,585.6223383637259,16.956531405448914,24.64408993664934,204.52655418877438,27456803.99925468,11035,0
2016-12-20,914.678209574813,79.84999783337116,15.632078249589188,283.95280865935416,38229073.160120346,17261,0
2016-12-21,427.9618107836818,23.814205199480057,14.132465914235551,158.30741174035845,20278117.99248705,8066,0
2016-12-22,797.9445418260626,83.46327492594719,18.787749155923116,344.28578568148015,32720256.046344955,15050,0
2016-12-23,380.09318217787194,23.299839317798615,10.818281644856791,188.47441489961884,13780925.085485099,7171,0
2016-12-24,696.9277389307617,52.49981480836868,29.578228058504386,367.3245797065657,32769829.332937047,13145,0
2016-12-25,435.423115960571,33.01755312085152,10.980613490843577,197.7223434096149,18885946.853945304,8218,0
2016-12-26,435.7148799724736,13.303498804569244,21.352659096394067,168.17635979888877,24950159.86824868,8212,0
2016-12-27,482.28744765256533,10.306894987821579,9.84965894600757,116.58212134787894,22491612.36239512,9097,1
2016-12-28,316.8212757945095,0.0,18.466238260345378,87.02406433634114,18732160.075807564,5966,1
2016-12-29,700.0840278831428,19.94738331437111,14.823605719175136,195.19807657818885,29038669.083847467,13210,1
2016-12-30,319.8655347839912,2.4270540475845337,13.173144478049332,111.72915913837424,14753988.285867615,6035,0
2016-12-31,672.4187592741142,51.07123680412769,18.762013270691206,276.85994738538767,28374411.279983014,12691,1
2017-01-01,468.53150151421346,14.116980984807014,7.938520011994315,220.86570112636372,17515193.58365612,8849,0
2017-01-02,683.9491115513927,15.43110303580761,20.238150411251052,401.76111817004784,27951888.946248367,12907,0
2017-01-03,856.7739586068043,18.458306863904,10.08658423889937,467.1383823063198,29660941.409143217,16174,0
2017-01-04,733.7966248065455,17.764220774173737,21.508497424464686,355.8370709015008,30836430.43870407,13830,0
2017-01-05,943.2775150204457,35.74517897516489,15.117630768236273,267.8987414186225,37898293.42757633,17789,1
2017-01-06,486.2454319622254,0.9159240126609802,15.88326141144464,131.4981242018402,21718508.019157518,9154,0
2017-01-07,840.0885539253752,26.49922562390566,17.858994502212177,256.3630993862376,35106078.44199806,15833,0
2017-01-08,612.5370703266896,6.964560993015766,12.335337915976421,219.74607050018284,19976838.172380645,11542,0
2017-01-09,868.2992287263731,16.498850874602795,18.58609733034264,389.16500799910415,33074312.8842399,16373,0
2017-01-10,847.6338501790356,41.35669591277838,6.198898964549265,384.20895132526914,25081932.738104496,15986,0
2017-01-11,776.1837369355334,18.745260879397392,15.661875366855462,384.50598437680816,30553182.170831434,14641,0
2017-01-12,964.7920369857802,39.02819982171059,9.542456070919014,469.63710153465667,35766958.01762016,18214,0
2017-01-13,527.5930253364584,6.410905957221985,16.513789688477793,243.25025124207727,23897833.83532803,9945,0
2017-01-14,1001.926768125016,26.006521120667458,18.65836065543639,389.1504649522155,41352798.22995988,18904,0
2017-01-15,458.3017372995243,4.128441035747528,13.97593759440208,116.67171722965566,17245447.724021453,8627,0
2017-01-16,835.7247351393667,10.56846997141838,19.72563085707411,278.6613173360004,35517498.09275659,15753,1
2017-01-17,510.4354043839657,3.267242968082428,7.105019496418021,151.0379859844407,19636947.23535015,9627,0
2017-01-18,656.4372689690598,2.0930150151252747,16.215194676244305,237.38668413468008,29976570.01556597,12375,0
2017-01-19,702.9594747241714,6.004891961812973,6.853670551675752,224.80706479556565,27278441.492839873,13264,0
2017-01-20,478.7876930014288,0.2135159969329834,16.900571197315262,129.58140856379532,23807638.030004527,9015,0
2017-01-21,758.387659702647,10.85496398806572,12.787708569062989,161.6231832090511,31080087.78019451,14302,0
2017-01-22,322.7087904217874,2.5190150141716003,10.859713403701196,72.2360081855028,15895501.312192118,6078,0
2017-01-23,560.8053908767871,6.042044043540955,13.309821490949455,127.04444848395538,25468730.970325958,10570,0
2017-01-24,270.743972218762,1.1294400095939636,7.1475779953397325,40.12040014876807,12334687.241890326,5102,0
2017-01-25,442.82867873879326,0.40352100133895874,16.00522000473731,104.85180426692031,23709359.8427264,8337,0
2017-01-26,281.49114400000667,1.2068319916725159,5.1579823023207965,46.45791362703252,13778523.459998144,5301,0
2017-01-27,376.2588899670327,0.6468290090560913,14.79856569859583,79.90418768482824,21520330.905359287,7077,0
2017-01-28,365.81226776339133,33.06829386949539,9.571479651259743,72.735956257947,18945087.87004822,6891,1
2017-01-29,214.71735770494303,28.2412109375,10.062788091526276,42.15511791340748,12797107.725833928,4042,1
2017-01-30,302.75899412980357,0.0,11.782469782647,64.30928059357466,15396561.837092763,5704,0
2017-01-31,145.56674604078407,1.6030910015106201,6.726448710252776,19.201805684789583,7603635.40803677,2740,0
2017-02-01,367.41665133760245,1.6030910015106201,14.913965962277572,83.37268938845872,19540522.581792377,6918,0
2017-02-02,163.29319566852715,0.0,3.5538718825285716,18.78656069906132,7488421.665506037,3071,0
2017-02-03,255.92747370226755,0.0,12.824840205675349,47.47843637147465,15926833.591150727,4816,0
2017-02-04,150.96780328124999,0.0,4.093166264146498,15.56357110586043,7124337.391054318,2840,0
2017-02-05,217.44655163979976,0.0,9.00622651046228,22.54178121859071,11824634.703474777,4087,0
2017-02-06,463.86857202764963,44.31966897845268,12.85655028121855,113.89107845258567,19335715.5171474,8739,0
2017-02-07,246.82420746801148,0.0,11.03272396834486,35.39053004861801,13373135.686191931,4637,0
2017-02-08,486.6784841212618,42.652642995119095,12.407041832048863,115.9475802234684,23032700.840502277,9168,1
2017-02-09,183.52255516550827,9.148408830165863,5.823186481340308,17.517070207555395,9289218.284835894,3458,0
2017-02-10,235.53185661891135,8.232484817504883,11.174835756708962,30.590881843530827,16217383.44983141,4434,0
2017-02-11,135.30424371536944,0.9159240126609802,3.4950778097002364,10.98109187997676,8191816.783864915,2553,0
2017-02-12,224.08805970711788,0.0,10.433874276495498,20.88822978595103,15895768.202418601,4214,0
2017-02-13,182.99796325361817,2.9254690408706665,4.090619281326487,14.00309024720433,11182997.693985846,3440,0
2017-02-14,133.68408057083704,0.0,5.628810375895492,13.307451514562537,9988232.129376754,2511,0
2017-02-15,111.84929574757639,0.2135159969329834,2.0179303058033824,6.545404374146251,5122838.981556944,2104,0
2017-02-16,45.8208920071138,0.2135159969329834,2.437058900579447,3.8685733556099406,3311185.1456614453,865,0
2017-02-17,133.37745418877114,0.2135159969329834,5.395997755951291,10.39788426657215,8193154.884555633,2514,0
2017-02-18,44.7710341519559,0.0,2.4385005924848455,3.3425638915054825,4088543.5506174676,845,0
2017-02-19,118.61790773686543,0.0,8.988602857305,20.939667102575022,9372725.357036393,2230,0
2017-02-20,122.71726999033126,0.0,7.409334583420908,28.106182340058663,7099174.136219393,2305,0
2017-02-21,210.3844000193401,0.0,7.872989541532439,36.94290194317737,11584427.291732205,3953,0
2017-02-22,153.46619869577566,0.0,4.350867304452348,18.584502461331333,7943196.183652835,2885,0
2017-02-23,97.80746577847981,0.0,3.9181105421806577,10.937539254239823,6323839.923208599,1842,0
2017-02-24,80.36483458141568,0.2135159969329834,2.647978540070716,7.055798435893144,5934272.448594869,1516,0
2017-02-25,119.19268553884655,24.068193018436432,1.1139456611269785,31.150877136496604,5991912.588825577,2251,0
2017-02-26,168.46764494536936,9.693739913403988,6.4243024423050255,29.404144863464023,11442525.142478991,3176,0
2017-02-27,177.2033711816512,69.85312845557928,2.501688958189028,30.847036771779575,6701678.516150561,3342,1
2017-02-28,196.9942614262848,0.9159240126609802,9.20363932221655,24.689625115676858,11082216.517106188,3705,0
2017-03-01,182.11603958984068,5.516355097293854,4.956327203898044,21.437560081525803,9380398.073168168,3430,0
2017-03-02,160.41888249755613,0.0,6.787440878169386,19.097074856186467,10633831.958369203,3017,0
2017-03-03,241.7024966429981,31.71810495853424,10.489980378382317,36.99888309775224,13069157.379952684,4549,1
2017-03-04,146.4519422727221,0.0,8.523215575682933,19.647026800975738,8542420.006958524,2759,0
2017-03-05,216.16338919026953,30.2763729095459,7.568648485320089,27.88111789974178,11617058.536244618,4072,2
2017-03-06,152.9883563116464,28.66596892476082,2.760168338943048,12.729884797688305,8239216.417478186,2882,1
2017-03-07,229.48399468232572,32.12240996956825,10.14325455523162,30.561720263576255,15356115.071026117,4318,1
2017-03-08,188.38157868849643,29.263317942619324,5.258978242957569,17.823126811495637,10635838.342370128,3540,1
2017-03-09,173.30745785201518,0.0,6.828791757375916,15.80275287469502,11866809.35335954,3259,0
2017-03-10,145.653041329609,0.0,4.505345097668186,12.59773590940468,8334654.811360669,2742,0
2017-03-11,127.51715681716796,0.0,4.656915084920176,12.587429074395297,8152839.492846694,2402,0
2017-03-12,113.10222241714688,0.0,4.076024143479845,12.538080250982501,7689277.960525508,2132,0
2017-03-13,90.04316966110126,0.0,2.649865799070268,9.513580698493948,5230330.698978711,1697,0
2017-03-14,121.41178490898383,0.0,3.1225811617202286,8.825580495395675,7831549.826957599,2285,0
2017-03-15,71.42719951223309,0.0,1.6918826823164996,3.7716499107245065,4359668.762279455,1345,0
2017-03-16,96.48136155557587,0.0,3.750958877891549,8.337635179765293,7102175.390882148,1817,0
2017-03-17,51.804797528141876,0.0,1.0018673282694448,2.3409377145219556,2526622.115371505,975,0
2017-03-18,78.15972136576697,0.0,0.8460360881357286,4.157900572642517,4460720.164001704,1470,0
2017-03-19,113.60769539290922,0.2135159969329834,1.7475793632063195,7.610701675607639,6753981.558812784,2139,0
2017-03-20,92.3311976804798,0.0,3.972636505865126,9.459937264858219,6559275.313689176,1739,0
2017-03-21,99.88853086134979,0.0,4.022341256047136,12.594786039116991,7381894.682354988,1883,0
2017-03-22,48.88095141478336,0.0,1.2221775100927073,3.831787995179225,2160201.458513188,920,0
2017-03-23,119.04984105320712,0.0,8.516284546932317,28.837724045122044,6989340.603691759,2236,0
2017-03-24,140.32732779469066,0.0,10.223544515710051,39.06343820521791,5879793.561272856,2633,0
2017-03-25,159.76148392477174,0.0,7.0665663625824795,27.85820252347414,6709079.16872553,3000,0
2017-03-26,134.88221642330342,28.2412109375,3.229334818745853,14.745189032293732,4560306.967186644,2534,1
2017-03-27,104.05176223197712,0.0,3.4342158387106303,16.979019247891518,3111239.5800855253,1956,0
2017-03-28,104.56323106096795,28.2412109375,2.6411473395130978,10.384440503601695,4082532.550298781,1966,1
2017-03-29,39.50614960169286,0.0,1.372418295595795,3.557511676072806,1573561.7045137375,745,0
2017-03-30,62.88824691012233,0.2135159969329834,2.1301226339221935,6.819182052745461,3338256.7189751957,1180,0
2017-03-31,76.0487728160882,0.2135159969329834,1.3796266854358983,5.795352778730339,4382122.774531198,1429,0
2017-04-01,148.32566798399304,0.2135159969329834,3.8805317039174403,15.33929633131463,9258258.799096566,2786,0
2017-04-02,212.6091213901513,0.4054970145225525,5.6293451137514525,28.960230974082027,11540619.170469617,3995,0
2017-04-03,217.06453851637673,0.0,8.370768982236113,27.33644319649409,12652834.910899121,4079,0
2017-04-04,181.42218295751604,0.0,10.175984607690983,22.43043759252934,10979749.0359198,3412,0
2017-04-05,108.40983237833788,0.0,5.395649340777147,13.288964143203621,6355249.664864639,2042,0
2017-04-06,96.33856527777209,0.0,3.9139977214655826,7.005182947894337,5569403.729419351,1814,0
2017-04-07,49.48737189953076,0.0,1.16162331041205,1.2186994568086331,2078732.2356657875,932,0
2017-04-08,45.177776329934034,0.0,0.9501637183838402,1.916027709442325,2714547.8193468535,850,0
2017-04-09,50.09346020459158,0.0,0.6369112081726682,3.7861340038030358,3327822.625400915,942,0
2017-04-10,112.55937884954051,0.0,2.6509405232737167,11.509851097904448,8751344.877773408,2116,0
2017-04-11,125.82415471430082,1.0425599813461304,4.722984194900777,16.27700398653674,7849083.145103142,2367,0
2017-04-12,117.01110836524074,0.0,4.663472830811657,17.292219587362755,7282259.038978226,2203,0
2017-04-13,145.7347788364707,0.0,5.617239963574973,18.760037881622782,8017456.2369149625,2743,0
2017-04-14,92.10308098781375,0.0,3.178913958377379,12.807754334386429,4453983.46643157,1734,0
2017-04-15,112.13428494831025,0.0,3.444331941183162,12.873911552433098,6474124.919634809,2107,0
2017-04-16,40.45426469510861,0.0,0.6883402747507972,3.0321494915338736,1640792.0499217696,760,0
2017-04-17,74.23802503589735,0.0,2.4369555217723473,6.488450954120566,5539850.33710813,1396,0
2017-04-18,35.55121272951096,0.0,1.4349413123904353,4.257703776572158,1596298.9150096402,667,0
2017-04-19,62.48513813046975,0.0,2.442698290820812,7.024789056553514,4782805.907505191,1174,0
2017-04-20,85.68308422893762,0.0,2.652778465851414,9.471973775654536,5394759.7048061015,1609,0
2017-04-21,92.95209174899176,0.0,3.818494387549351,12.497917125850115,4830829.69268015,1747,0
2017-04-22,99.43182305301056,0.0,2.8676839935220815,12.993285462179216,5216929.4496456925,1867,0
2017-04-23,24.115568594573745,0.0,0.10603212126115702,1.3316103839506668,1625670.0261797972,453,0
2017-04-24,14.28036283667214,0.0,0.7986185416130347,4.207648377107332,384903.58388086036,268,0
2017-04-25,1.5940801920369698,0.0,0.05290988519070491,0.05290988519070491,30882.342756652386,30,0
2017-04-26,15.448394568505044,0.0,0.21244865774244084,1.8630965969181341,414805.4245086066,290,0
2017-04-27,84.14728853670758,0.0,3.079481919454335,13.138327092230856,2776397.8674539113,1580,0
2017-04-28,118.18334815420843,0.0,2.656143636243595,19.534058357080646,4865169.643180697,2219,0
2017-04-29,135.66470104942593,1.2560759782791138,2.550707275899147,22.136961268887866,5823337.033258797,2551,0
2017-04-30,27.18530897132222,0.0,0.053344333490312375,3.4086819465315106,509729.2416805907,510,0
2017-05-01,56.84314329617305,0.0,0.4249028337559613,6.286907019522752,4327490.230453627,1071,0
2017-05-02,52.21258781553355,0.0,0.47932205070066713,4.726224722905865,1654876.5669300077,981,0
2017-05-03,81.99246151086291,0.0,1.172620686817701,8.257035450024592,4196334.117363061,1540,0
2017-05-04,119.35971884978014,0.6901000142097473,2.9865383794363294,32.55069711114121,4684492.958431494,2239,0
2017-05-05,119.31322885483262,16.595245361328125,3.192481117043002,26.046504847064003,5043866.350292353,2239,0
2017-05-06,167.81250107766965,0.0,5.524002255095624,42.22539829959144,9141843.886086576,3151,0
2017-05-07,84.08871575426839,0.0,5.770395519334878,15.997393231788562,5640382.22876179,1583,0
2017-05-08,99.73262076486735,0.0,3.3850980826565102,13.730315724855657,6179236.348528449,1874,0
2017-05-09,60.54238401076078,0.0,0.7969589480942247,5.855405087870987,2431234.345364385,1137,0
2017-05-10,120.15850066108136,0.9207410216331482,4.846129009066496,22.652740896827293,6379404.361016421,2254,0
2017-05-11,134.46588664405093,0.9207410216331482,4.525990390227296,23.965659698061852,7469919.371629956,2524,0
2017-05-12,163.80556977002288,0.0,6.894966128653053,26.085058739018283,10221918.858151887,3077,0
2017-05-13,185.7102908932145,0.0,6.155708646442663,28.218108028324572,10895694.195296708,3486,0
2017-05-14,160.73096708735872,0.0,4.813615728301526,22.898210048548517,9458628.127961248,3017,0
2017-05-15,174.12282749995924,0.0,7.642934076129035,39.40996788262192,8883777.99222914,3267,0
2017-05-16,98.9398029666829,4.4015212059021,4.453167266602504,15.903781362197007,3782346.2650727434,1857,0
2017-05-17,164.22520187842161,569.476956486702,9.038799028738525,50.66565199444912,5484565.910411848,3083,1
2017-05-18,62.311898384227064,0.0,1.705155000860064,7.5088496672793,2250852.661268274,1170,0
2017-05-19,101.20069567309277,0.0,4.7219729227798215,23.8646087238669,4141111.5586571633,1899,0
2017-05-20,142.86960695684405,1.0425599813461304,2.230509659052227,21.92714058201895,4716437.821039133,2682,0
2017-05-21,215.8136664867601,0.0,6.934739502332744,40.318057019565714,9649859.69548812,4051,0
2017-05-22,332.3999341398217,3.8385940194129944,6.8078500403727835,59.62503895000982,16071975.119354814,6244,0
2017-05-23,164.73581631750824,0.0,3.4414231423688015,18.133258426542177,8708833.831838718,3092,0
2017-05-24,269.595204454832,1.0425599813461304,7.215580740600438,33.70207741101569,16096427.180962363,5061,0
2017-05-25,136.605022032612,0.0,2.967633184489012,6.874495557018662,5814869.846183965,2562,0
2017-05-26,230.08837500901168,0.0,6.893481420381305,28.33363221593355,14055172.843312,4319,0
2017-05-27,149.60603220864488,1.0425599813461304,2.0782852474526092,20.674474674318606,6199823.964597559,2803,0
2017-05-28,133.98188383001656,0.0,2.448001680773853,21.037800954264263,5571355.382176681,2511,0
2017-05-29,114.4958951001983,1.2560759782791138,1.7037431537749625,13.528911146790403,4129230.005739066,2146,0
2017-05-30,65.73332700211274,0.0,0.10651205091548918,5.120725152807595,1486247.6144876964,1231,0
2017-05-31,134.92847744759877,0.0,0.8509265364492623,15.819923754826824,4914437.317887336,2530,0
2017-06-01,74.58607962041941,0.0,2.6412511619473036,5.374834073646093,3185422.436209573,1401,0
2017-06-02,179.82217637736684,0.0,3.491666686273528,27.107904603926542,8763455.957702057,3376,0
2017-06-03,67.82778034823046,1.0425599813461304,1.373582432065151,2.7727062090614614,2056838.3683437635,1274,0
2017-06-04,144.67431279974124,0.0,2.1146472429523158,14.854005797269982,7889810.66375655,2717,0
2017-06-05,119.72897253265387,1.0425599813461304,0.6334971032412158,4.52333826090907,5250355.634127484,2250,0
2017-06-06,132.09229077930075,0.0,2.9056263488560248,6.440438397883134,6638469.455872769,2482,0
2017-06-07,140.54594694946863,0.0,3.0693029732559465,8.152769748008488,7689702.462929956,2640,0
2017-06-08,106.8250046414266,0.0,3.1167554670941335,4.470428407444122,5340858.927728745,2008,0
2017-06-09,131.96121904102122,0.0,4.701273358429797,10.851696725366759,7547649.488656672,2482,0
2017-06-10,97.18682887439779,1.0425599813461304,1.6386547258460762,3.4042207619085256,4197951.536699678,1827,0
2017-06-11,164.84120853637378,1.0425599813461304,6.667241485819735,18.625898557145533,9678198.060666585,3097,0
2017-06-12,113.70713628592455,1.0425599813461304,0.8532005717072358,5.545604375430317,4216439.034846984,2132,0
2017-06-13,151.88348346517867,0.0,4.070944673621175,8.252834337680486,8205065.920370306,2852,0
2017-06-14,130.94745138071443,0.0,2.484153498976575,3.570802780514405,7222140.816073354,2460,0
2017-06-15,98.26433329734742,0.0,4.594961033188625,3.826326529554352,6657875.943049022,1849,0
2017-06-16,127.93839500735679,0.0,6.81782539057409,8.410457342653205,8884233.555494836,2406,0
2017-06-17,52.34684758537265,0.2135159969329834,5.2306772968180715,4.24944302121215,3782049.2087740437,986,0
2017-06-18,127.2014401774564,0.2135159969329834,9.043941794498215,12.077275516534108,7766207.38308701,2391,0
2017-06-19,43.624011837390626,0.0,1.2705153894174026,2.1826672706255867,1612053.1955280006,819,0
2017-06-20,140.51161518419954,0.0,8.828879448603102,9.312352342427518,8007345.359593776,2639,0
2017-06-21,167.01581965401877,0.0,5.246697965733324,18.532297269403866,7877188.072909702,3134,0
2017-06-22,196.15491557582604,0.0,7.040868955269445,21.29561335353545,9735338.134576747,3683,0
2017-06-23,181.52457545543928,0.0,5.882077972560015,17.787436058491686,10520691.552742194,3409,0
2017-06-24,81.7054119994581,0.0,1.6378787250610107,2.7130167310221625,4222424.164015707,1536,0
2017-06-25,132.42334295049454,0.0,2.5522691028114033,12.628210885927135,7352908.172748187,2483,0
2017-06-26,44.046892256919094,0.0,0.21334891044581522,2.6138873660965594,869814.5740031158,825,0
2017-06-27,96.08545486937123,0.0,1.173431964934374,9.284822242254943,4369011.9296441,1800,0
2017-06-28,60.12358828176405,0.0,0.6409348567582016,4.325568062400937,2336879.790926326,1126,0
2017-06-29,89.47530919911644,0.0,1.3263507173210431,5.818841198136866,5328274.757468947,1678,0
2017-06-30,109.33995309749174,0.0,2.014639064799493,9.542900589812083,4932962.753300513,2051,0
2017-07-01,104.89484318919303,0.0,4.64684210649585,8.194999710346659,5038051.183726453,1970,0
2017-07-02,257.99142401478605,26.871756076812744,5.201069196436451,92.09121730337509,9095811.334352618,4841,0
2017-07-03,65.67706131605202,0.0,1.0570951263095054,3.360414998621815,1721137.0916783276,1231,0
2017-07-04,79.79177923873475,0.0,1.4284251211257615,4.90955596870232,3304568.7966907993,1495,0
2017-07-05,6.916634275757171,0.0,0.0,0.10680507786144287,102179.93596372391,130,0
2017-07-06,60.76211998463328,0.0,0.528505695737642,1.4386990496405436,2583144.0626221523,1140,0
2017-07-07,37.83313337728197,0.0,0.053393596473399654,3.24630140741686,1157914.991555084,709,0
2017-07-08,54.30187205340907,0.0,0.1591375053898716,2.4560606983768505,1923851.9740381807,1017,0
2017-07-09,58.21303780116056,0.0,0.05342291693788184,3.5254847712245314,2077062.5438167374,1090,0
2017-07-10,53.358158672863496,0.0,0.0,2.617489186468418,1345652.298197832,999,0
2017-07-11,82.64434244361257,0.0,0.1602502500308809,5.536156453522905,2665481.740730843,1548,0
2017-07-12,43.02743675108007,0.0,0.0,2.0156991588159623,1004347.1240296164,806,0
2017-07-13,65.05400389986256,0.0,0.2652263398006211,1.8160706273651999,2239127.2623218927,1218,0
2017-07-14,65.53272275241889,0.0,0.1602674552842785,2.1359447110057057,1616910.1129832685,1227,0
2017-07-15,101.15309168174346,0.0,0.3198316410175,4.372882990577534,2403149.08025743,1895,0
2017-07-16,109.65864057049787,0.0,0.7981607011709918,7.990981688948978,2916469.738399833,2056,0
2017-07-17,72.54273139781118,0.0,1.2713441668817285,5.37937998701505,1581176.1140800894,1362,0
2017-07-18,121.83019759854297,0.0,10.458807534807534,7.513205896647308,7828319.75414341,2289,0
2017-07-19,34.690954756042544,0.0,1.6386673544305679,1.8674178006845088,837824.4427258244,650,0
2017-07-20,74.31950106003396,0.0,0.5339014898443326,3.577676181088444,3010538.289833109,1392,0
2017-07-21,42.198379744775764,0.0,0.4273807286934509,2.2435589575163837,766206.7288395244,790,0
2017-07-22,76.5186446417396,0.0,0.6944539422135897,4.059419074230431,2715372.6775487107,1433,0
2017-07-23,71.27288460505096,0.0,0.2670963913914402,3.6845812857750446,2537608.3033597567,1335,0
2017-07-24,65.9134288794126,0.0,0.47544105830281147,2.027071707135431,2219573.90954039,1237,0
2017-07-25,51.88025372286258,0.0,0.369262254962607,1.7603942547719724,1438625.3079786636,974,0
2017-07-26,10.67908672423829,0.0,0.21116774570115832,0.4795057293096219,246544.27923000598,200,0
2017-07-27,16.338775832986503,0.0,0.2117802892065359,0.9061752335902891,210645.61773363198,306,0
2017-07-28,16.817591030319015,0.0,0.15961300193510444,0.9600032479887628,495594.5221544401,315,0
2017-07-29,118.84484388567199,0.0,4.506053870081295,8.421930028316671,6252724.956975052,2232,0
2017-07-30,96.40487443672457,0.0,0.6395788373014905,4.85695654246474,3411319.6637734855,1809,0
2017-07-31,88.63309862839681,0.0,3.438562876779409,5.006514370906263,3883480.130105872,1665,0
2017-08-01,63.1990115431332,0.0,0.32018739026121557,2.883558205543022,1997127.854776055,1186,0
2017-08-02,42.748125302125864,0.0,0.3703149697787688,2.0808191972917616,805327.9150183569,801,0
2017-08-03,112.24594185914071,0.0,2.131537631471175,13.29028384159583,5978629.462574743,2103,0
2017-08-04,33.23512201090713,0.0,1.5326088149941248,2.6083736061385907,1134274.097768526,624,0
2017-08-05,165.28301232173024,0.0,5.63613737233665,19.411955045260978,9710592.873334585,3097,0
2017-08-06,75.39703524051825,0.0,1.1688403944902859,4.53647394391515,2700268.4766143374,1412,0
2017-08-07,105.43477663303008,0.0,0.5876384445655727,6.088908121799712,3754687.3736521592,1974,0
2017-08-08,59.07596144455964,0.0,0.21368975433582613,2.5629970165212175,1418340.9992473847,1106,0
2017-08-09,68.36610531522113,0.0,0.1602678751197406,2.9903059893450514,2225638.665448821,1280,0
2017-08-10,81.10486882589002,0.0,1.0555401318438218,7.756234517989986,3474332.107445735,1520,0
2017-08-11,84.99354451027622,0.0,1.0555401318438218,8.023082805735267,3516461.4092298397,1593,0
2017-08-12,57.86327785159817,0.0,0.0,3.518976329370426,2109633.826468154,1084,0
2017-08-13,48.27975603258213,0.0,0.10662860695282969,3.1413602059271186,1688457.1636300706,905,0
2017-08-14,110.05381256494951,1.0517170429229736,1.6535610732623967,16.61212082644834,5168461.763019149,2063,0
2017-08-15,138.93300272393637,0.0,2.293417102070759,19.848994191221518,6145609.142054306,2604,0
2017-08-16,131.79704936642662,0.0,2.179515058575415,12.994089743165805,6393521.464311286,2469,0
2017-08-17,132.2979759062848,0.0,7.150870350419963,13.737795928515853,5724564.032412678,2480,0
2017-08-18,128.19440074804353,0.0,7.739978558644809,16.873293793142984,5232847.700328406,2405,0
2017-08-19,147.2988131090075,0.0,16.853798946807547,26.793814508209778,6436983.528851011,2765,0
2017-08-20,94.22572850283811,0.0,2.02717027760119,8.319320414465912,2578193.9842377943,1766,0
2017-08-21,158.6065924294437,0.254393994808197,16.530432716085613,25.48144055268143,7843583.920801541,2975,0
2017-08-22,87.0967561393667,0.0,4.569612843081081,9.654350863010405,2470955.537017089,1632,0
2017-08-23,122.58282673159287,0.0,6.276500419904747,15.47097440312422,4659605.157295536,2296,0
2017-08-24,108.0817859858812,0.0,8.045833811076477,28.06999334237891,2813947.6810295735,2026,0
2017-08-25,108.30465920282191,0.0,6.874480590497354,24.875625851421542,2885020.6666331748,2030,0
2017-08-26,118.61550297894661,0.0,3.4107887850250473,30.81622984700986,3818050.912956145,2224,0
2017-08-27,79.92441965588598,0.0,2.2387193811915345,8.10322419359983,2283881.882102364,1498,0
2017-08-28,91.46119609398754,0.0,3.2525650787631033,11.250362981311723,3168945.895628649,1714,0
2017-08-29,45.28106518070322,0.0,2.081965501877685,5.605616436148903,1056594.975346142,848,0
2017-08-30,14.900053866351488,0.0,0.31933930847496267,0.746471927111051,106558.19281384551,279,0
2017-08-31,12.06416660312047,0.0,0.16026775921357134,2.075866888666116,279525.44662917906,226,0
2017-09-01,18.953888238686332,0.0,0.0,10.360260560294506,331244.14171395946,356,0
2017-09-02,37.59315845418312,0.0,0.6904980436686865,6.176319792291829,1142877.5589034357,706,0
2017-09-03,27.585284261925004,0.0,0.6406134336383772,2.828222215189296,614115.0201204789,517,0
2017-09-04,32.01912479921681,0.0,11.103164461842795,8.686758301576294,1097157.4872443487,602,0
2017-09-05,22.275133392607863,1.4655050188302994,1.4270314915613054,8.257661061677938,1150963.8331999453,419,0
2017-09-06,67.32209332136493,6.431118056178093,3.9631505680220585,18.969521881690262,3565910.1168139684,1265,0
2017-09-07,90.45408452040454,3.015565052628517,1.59227604850058,22.504234966330273,4123282.393217889,1698,0
2017-09-08,180.8160565946445,0.0,11.1216868862509,38.175653427357936,9143554.990948522,3392,0
2017-09-09,190.60606255140397,0.24822700023651123,11.079307894068936,48.76113246123233,8974552.477377012,3577,0
2017-09-10,214.26845110435636,0.24822700023651123,25.453285372280742,48.332810534183096,9517941.962897733,4025,0
2017-09-11,358.2157135408667,30.65649914741516,25.739612392643043,121.95223604075028,17502333.316340335,6735,0
2017-09-12,190.838049963771,10.993782058358192,27.55561264970053,35.5804417583357,10852871.444230774,3591,0
2017-09-13,261.2646652522288,26.09215721487999,33.27636315036729,68.25777431300189,16104176.882270213,4916,0
2017-09-14,94.84338911645598,10.780266061425209,18.361452339539344,26.08713167453854,6163485.571183495,1786,0
2017-09-15,78.53011442549786,0.0,9.639632543097951,12.586475412402466,5105965.282968986,1474,0
2017-09-16,180.53870285240393,0.0,4.040594098477025,121.24773274957461,2830760.3275913578,3392,0
2017-09-17,276.1919960527595,1.4600310325622559,10.55215782423653,137.56742020465643,6550776.632863887,5187,0
2017-09-18,289.9215410967077,17.988790929317474,13.040965447558609,103.88605302274722,8660931.593947878,5446,0
2017-09-19,167.83738278131358,0.0,17.472574364673008,24.04126152555455,6529180.704077559,3151,0
2017-09-20,247.93599491510435,20.103975772857666,24.188272942282698,106.61346062958458,8281602.853571497,4658,0
2017-09-21,114.8837374114689,0.0,21.435292511014495,23.219160214124788,5502694.654606245,2157,0
2017-09-22,189.94348105088073,20.001051902770996,24.976738242769958,101.33251654576567,6593469.5224583,3570,0
2017-09-23,79.57530442132139,2.118442013859749,8.904521752824774,25.205678188210175,2550890.026892304,1494,0
2017-09-24,178.5816002499636,2.118442013859749,24.188581327283433,37.40630112884786,10627036.287835931,3355,0
2017-09-25,638.0005873108514,225.9997084978968,18.37478489732661,473.02303920901437,16354345.46735722,12001,0
2017-09-26,201.12748667162802,0.0,29.000655544973856,40.49242591678112,11640044.955109067,3780,0
2017-09-27,1703.2981603985,434.40878264419734,23.400869341989065,1524.5739385529805,27861610.91360091,32048,4
2017-09-28,226.91585301818307,166.7279504854232,22.3505300601836,67.9152687500598,11878098.137874497,4270,0
2017-09-29,263.2504094402137,166.7279504854232,21.64804237755554,135.8521428755152,9860508.532796865,4955,0
2017-09-30,41.83148071729111,0.0,4.368392696688584,10.762474574099222,1608449.0123489844,786,0
2017-10-01,45.158736857068796,0.0,2.1206129230183484,18.448709518091327,1696348.4518878015,848,0
2017-10-02,324.6144640653271,114.22781231626868,6.348543453000881,193.74580778682613,7736013.2254644185,6096,0
2017-10-03,479.0776644477884,151.77346782013774,27.338535924874535,281.62007822896624,14617604.8557281,9004,0
2017-10-04,1055.9979904566624,282.57207808084786,43.56523635552113,616.1471422853256,45188643.218987815,19901,1
2017-10-05,367.654960307639,1.5906989574432373,45.927962228535534,144.6304265921003,21382342.468894538,6917,0
2017-10-06,607.5468463181852,120.492417704314,44.83095747774509,382.58307631558546,23442487.29968699,11429,1
2017-10-07,146.27873525268458,0.0,27.779903793764056,37.54427031328205,8617142.132624634,2752,0
2017-10-08,421.4390894253078,41.61388314887881,34.98165849897617,267.772598908554,14795722.093062514,7926,0
2017-10-09,135.27834833374246,1.4086079597473145,17.15022338912644,68.08191825566654,4652391.422339416,2543,0
2017-10-10,187.85201934192997,1.6221239566802979,24.664392849079608,71.95082540960104,10681820.731812954,3531,0
2017-10-11,135.92169634880798,0.0,10.557066404049554,49.88646638021768,6235330.166457508,2553,0
2017-10-12,83.49411354182381,0.0,13.123685476397107,13.228318900197479,5216188.483658194,1569,0
2017-10-13,250.6890376980012,15.428020134568214,21.771195857977396,132.59241874314,11379911.532179326,4723,0
2017-10-14,138.68195189238725,18.56003011763096,27.371957467001202,38.10162232148852,12059514.299076146,2620,0
2017-10-15,164.63636925786156,18.56003011763096,40.47891444721121,53.48625288285779,15097050.989908755,3111,0
2017-10-16,104.62347299677346,14.557212088257074,18.184551386023855,27.948243697194037,9642129.61987236,1974,0
2017-10-17,149.54607304107003,0.0,30.058525746716988,39.53045701173877,12763817.58944329,2813,0
2017-10-18,225.64945363713775,36.47930807247758,8.413732772867014,80.54061875907155,11078763.358450519,4249,0
2017-10-19,76.23718488875215,0.0,18.950964745642885,18.899174226266418,3437169.3881502654,1432,0
2017-10-20,159.3079759703513,28.273986000567675,8.161480301446023,43.30020869523528,8107335.046312407,3008,0
2017-10-21,67.50723716483444,0.0,24.783266742357185,17.95038312321289,4280332.571812726,1274,0
2017-10-22,229.6807562415901,2.295072987675667,37.67283904078786,77.23706862411889,15709793.777469702,4331,0
2017-10-23,147.6503243148204,4.33583801984787,31.32939937950116,29.81894447688338,11668190.86271086,2786,0
2017-10-24,236.74970110524416,2.3566249161958694,45.42735015690685,53.63512516460206,16944941.562200278,4457,0
2017-10-25,134.97306245500798,16.429068196564913,14.798310057438115,34.37440437633103,8827769.39344639,2543,0
2017-10-26,188.21732484213453,0.0,40.97041063841866,35.303559385150855,14553139.618761985,3544,0
2017-10-27,210.01928176574842,13.293010223656893,24.070370207782126,52.545537761518204,13845424.557054266,3960,0
2017-10-28,192.70517055651973,0.0,44.10649247546857,40.61157944704298,14040516.84624702,3630,0
2017-10-29,212.97220180167957,0.0,39.05802510911187,40.98371866934351,13551955.921046885,4007,0
2017-10-30,117.31704239249615,0.0,29.26767147510335,18.095173406907286,8716624.983653374,2211,0
2017-10-31,124.40118332763873,0.0,18.88221456839867,17.146395123519138,7707586.40190871,2340,0
2017-11-01,76.83566198848607,2.8195199221372604,5.862669812590345,13.031794038365732,4205421.469463133,1444,0
2017-11-02,181.73560599142414,0.0,19.24753237342668,27.811042969221617,12071860.315367633,3415,0
2017-11-03,211.91542558597234,48.55515559017658,20.410130918242114,42.43448485225607,14931164.328984415,3987,0
2017-11-04,200.17060622285936,31.08378553390503,39.567900883563404,39.573354531775735,14720775.1880654,3766,0
2017-11-05,184.44774416644262,23.755264073610306,28.8186159367133,63.5138312301672,12009403.470879024,3479,0
2017-11-06,115.5832837374781,13.556933149695396,28.480841264657297,38.84169583082112,10230604.847127495,2183,0
2017-11-07,240.1911093522892,54.601849764585495,32.96201965920735,90.68190825705932,16022743.992837006,4534,0
2017-11-08,202.72352556861904,21.38200816512108,25.989008549591215,51.88361614750838,13954473.55677642,3825,0
2017-11-09,260.3054637654914,6.696895092725754,40.07897166627514,73.35632801163419,18343738.464162745,4905,0
2017-11-10,223.25718196449264,34.6377019174397,19.785185749467985,56.000806513039414,14205663.8764123,4209,0
2017-11-11,272.7603096802221,0.3575960099697113,43.13270264342447,60.231527147661666,18528119.51443511,5132,0
2017-11-12,465.09199221622094,71.90735572949052,24.420649359585077,88.33191116854299,24388168.578711305,8783,0
2017-11-13,243.4422728255371,2.1180100440979004,39.74731467302443,53.82709078193023,15550982.056814723,4581,0
2017-11-14,460.83657011327006,13.573459789156914,37.373111781235195,86.87833194486173,25029061.21926808,8687,1
2017-11-15,323.95196621726876,0.0,41.49565103972012,65.76159738055838,19180100.72839093,6093,0
2017-11-16,422.8797949865252,6.021194934844971,44.3597833140154,81.31861963494933,24928480.850153565,7951,0
2017-11-17,236.0561529632063,4.204587936401367,23.896219779073444,34.51105442937153,13086528.65862521,4438,0
2017-11-18,287.2436948651469,71.11337661743164,35.83131804095604,53.850662188227766,17440267.681536965,5403,0
2017-11-19,255.23115224653597,28.195375189185143,18.60724254717142,42.380301698462404,13434396.290418008,4798,0
2017-11-20,375.03214643931125,51.47386419773102,40.771832338999886,71.85298936779574,21909086.0012945,7050,0
2017-11-21,716.4504340813905,127.14946775138378,35.088526972715336,107.14544315763948,35953933.26912416,13486,1
2017-11-22,432.5753951999292,41.59586715698242,36.076475680739826,70.24694576408164,23196787.398772087,8125,0
2017-11-23,584.0535844537944,114.09093229472637,34.447993120041424,93.49413824300949,29116970.354370005,10989,1
2017-11-24,312.2208165322025,4.418103933334351,20.88947002465499,46.09928982875501,13417335.206903206,5868,0
2017-11-25,374.0802406462112,5.5762359499931335,25.820020901248945,60.21451161675195,20321171.045798842,7030,0
2017-11-26,275.2531564080002,11.123602032661438,11.690326243139204,39.103178387210015,9622821.52058624,5170,0
2017-11-27,425.5062676760307,47.01261925697327,31.915652839020037,73.51482270364315,24344183.46535895,7994,0
2017-11-28,593.5198089428742,65.8829043507576,23.674821255560136,72.73049353199129,28727367.207773782,11174,0
2017-11-29,425.9198419369255,0.0,31.447050049542273,76.22560627160455,22029010.165806048,7998,0
2017-11-30,635.5028191248401,24.48146604001522,24.886554396713642,90.85627631809686,29941049.870790932,11974,0
2017-12-01,292.28694640539874,0.0,23.4266574439912,49.53818039509244,15310728.506871913,5496,0
2017-12-02,480.8749885308119,112.23387628793716,30.418401337767285,98.64124978735126,25713042.98608971,9051,0
2017-12-03,364.66779215881934,82.79831114411354,18.036302178881883,72.95839292339933,18724100.844729226,6862,0
2017-12-04,455.2377529014815,73.23342227935791,30.269165416459547,104.9064129374157,26831772.384148262,8559,0
2017-12-05,580.9592078290198,146.00199456512928,15.248245895643585,90.16232105382583,28059020.353529397,10944,1
2017-12-06,414.2899852840721,2.2989010214805603,29.88998122815848,85.42112070170347,24470904.622071456,7786,0
2017-12-07,687.1557648096755,59.95604249835014,23.080008585265315,102.1550365230277,33436216.477687046,12945,1
2017-12-08,308.8223308623529,0.0,24.330929641194277,55.582396677344946,17717510.477655012,5806,0
2017-12-09,405.5249352957031,54.38905483484268,24.811892688518377,85.26778295576429,22399404.540136077,7632,1
2017-12-10,167.75368858058602,0.0,14.95942948619931,27.835242312206915,9577086.49817609,3155,0
2017-12-11,277.91828452555677,6.874069094657898,22.40917413949593,67.59365921234799,16520913.718973562,5231,0
2017-12-12,196.78464758656358,0.2135159969329834,8.555364599634984,33.39084169312014,8047189.322504226,3699,0
2017-12-13,374.89469315023393,0.2135159969329834,28.282717289442868,84.00850516476572,20907273.71815116,7050,0
2017-12-14,561.4599943012253,4.44682303071022,18.201245780117596,86.39489339381919,25012723.607517034,10572,0
2017-12-15,361.19557687529283,0.0,29.67125793624496,81.12436381792533,19824651.33899583,6792,0
2017-12-16,739.5756858657284,66.179083943367,27.30865677523344,147.1802628041115,33111186.607151043,13946,1
2017-12-17,279.0652089208448,0.0,21.51263492992309,65.2139901386416,15075896.43856512,5255,0
2017-12-18,591.4554234538539,57.63557828962803,27.36899726292318,189.24951612732616,28608080.747743078,11142,0
2017-12-19,322.62820024476895,3.202651008963585,14.60838206202145,110.38050869686225,15741935.917041937,6081,1
2017-12-20,500.5200729461932,7.032868042588234,31.26254937061678,206.79047401098015,26728377.40705225,9425,1
2017-12-21,646.5788110751546,9.642637059092522,18.24328577582504,207.1348594594788,26790219.180038653,12187,0
2017-12-22,508.4045302354343,2.167722001671791,30.390147395912543,150.69048819715584,25778840.433497038,9568,0
2017-12-23,878.0455322295178,43.96621918678284,26.918958432266322,207.31310765613387,38509697.14027276,16555,0
2017-12-24,365.00176675140466,1.0382819920778275,23.421541754607805,92.4969789380642,18834829.79695786,6868,0
2017-12-25,485.9214094089098,51.47564299404621,23.577297592540443,160.940506124482,25082573.506468434,9152,0
2017-12-26,205.19627540891508,0.04782100021839142,16.946581466962684,51.00895695898807,12297812.654947408,3865,0
2017-12-27,444.15010737730046,1.0382819920778275,23.524307574327555,145.83203623552723,24837687.01133898,8363,0
2017-12-28,332.81280259375364,3.2919169813394547,12.377627248967812,91.98396584142387,15879563.468098922,6272,0
2017-12-29,525.2758978286694,2.167722001671791,27.224520319146578,180.18355220507098,26422897.120163143,9892,0
2017-12-30,965.9383826544158,42.97044072300196,18.931842769782637,349.84674607778544,38625953.26435358,18225,0
2017-12-31,576.5153206929033,2.167722001671791,20.28202339128392,237.33911732142369,27673429.20170093,10864,0
2018-01-01,749.2716530890445,4.914437964558601,23.03734369766761,328.92532825102336,31366895.154518317,14116,1
2018-01-02,279.7972610368021,0.42031899094581604,13.92302478178394,86.09107883838648,14259984.929505033,5271,0
2018-01-03,400.88376036315054,2.4575709849596024,15.840704258505209,135.87714962708836,20263107.158406135,7556,0
2018-01-04,230.50669241523462,0.0,6.7338355777519405,54.03499587051805,9501107.103191799,4344,0
2018-01-05,390.6592388525205,11.545059848809615,13.243440333825976,138.78336532659785,16320170.590976719,7363,0
2018-01-06,403.93524936423574,1.2724239975214005,3.5535549728475737,96.68375704181938,10225799.34096131,7617,0
2018-01-07,542.6439359494725,37.962279577041045,10.858108271170348,273.5428181499977,15032024.510857647,10227,0
2018-01-08,1007.9483920776893,64.48751248419285,6.84124445002823,406.5570043557088,31996296.013945732,19018,0
2018-01-09,539.25016328447,1.4435029923915863,8.010972300054462,130.0201799261146,17863935.99866687,10153,0
2018-01-10,1048.4836806026965,87.0565016567707,10.74873141168916,379.2204016001749,40685989.054729275,19770,1
2018-01-11,712.7986479444712,15.294468715786934,5.631194110944222,279.172096350512,19631993.787207935,13431,0
2018-01-12,895.7310656711738,37.17178373038769,14.73844534312969,457.11167950953865,32379341.664391186,16905,0
2018-01-13,729.5377241976993,15.90146367251873,3.965987582407572,274.11074606131547,22307367.7430613,13762,0
2018-01-14,567.217419710088,9.787027016282082,17.047041195749827,169.98722047991302,25241271.914370164,10704,0
2018-01-15,827.8698222419981,23.49591428041458,11.773497560894478,188.09880017556694,33520462.675975386,15634,1
2018-01-16,473.0435035507616,3.6062251329421997,19.60011037522053,119.85747485710502,22125953.513426643,8913,0
2018-01-17,971.1528679764639,22.453877158463,21.798635195842888,236.28027743856345,41499847.616723396,18326,1
2018-01-18,468.7152680595679,0.8164790123701096,15.363837540341143,113.38161412783758,19330274.069528792,8833,0
2018-01-19,840.8109595946407,52.84967215359211,19.799595624583787,278.498447855043,37670965.82480686,15858,2
2018-01-20,655.4845426534224,36.44333319365978,5.835565820642286,201.4314237449855,22476004.485481814,12362,0
2018-01-21,690.6803677478302,27.93013136088848,19.074651465658196,257.980562377645,29789761.535805523,13024,0
2018-01-22,697.1544632952667,30.38724835216999,8.018406743069859,202.9041758834168,27945487.854953174,13153,1
2018-01-23,515.7054995839297,1.5149760097265244,17.445637247003205,121.33434289575248,24339749.20835872,9715,0
2018-01-24,718.0836781942199,8.152309969067574,14.274855095616957,154.5759192948761,30516836.322663013,13545,1
2018-01-25,288.69215529907876,0.7227460145950317,12.926527193061526,60.153820584974675,14661187.425102359,5440,0
2018-01-26,625.3901010095391,29.812810137867928,16.764763847147574,199.49722493782076,27075734.803526472,11804,1
2018-01-27,265.9287107557807,2.34231798350811,9.532227459318797,76.27896181580026,12724263.847639935,5019,0
2018-01-28,550.8652619118698,29.935771122574806,14.679850545273343,219.32029055263635,24011734.438292246,10391,0
2018-01-29,349.1855539409753,2.34231798350811,4.450582563374936,97.61481740227984,12820030.10583417,6588,0
2018-01-30,385.03351729741877,1.2308960109949112,9.787441031047168,123.05512328475209,17178206.84637091,7258,0
2018-01-31,659.7257841919014,3.7805140763521194,4.032524020340065,172.69728674986587,22981684.44765099,12445,0
2018-02-01,439.2018994079131,1.1371630132198334,11.492435831409654,123.87140384710908,17521778.29752452,8273,0
2018-02-02,948.7559258183442,45.11942955851555,11.877689355755113,268.48878958141495,36722629.049006164,17901,1
2018-02-03,393.6576574738481,0.7227460145950317,9.691218455886341,79.98897670790755,15663607.974248983,7420,0
2018-02-04,619.5819164020882,11.02116285264492,10.723440318559687,209.77180247566957,26533821.574274506,11686,0
2018-02-05,326.57938087686506,23.24098202586174,2.649422518624845,93.42408409972765,12439385.371361913,6164,0
2018-02-06,383.82421591638274,24.50528395175934,8.263997105634632,135.5210518759301,17288260.67846203,7236,0
2018-02-07,404.1237132267659,26.16278386116028,4.978953765871417,113.58047781264446,17408586.632941183,7628,0
2018-02-08,335.8361323904999,4.3964009284973145,13.493465272453143,83.19415120688103,17720217.581469458,6327,0
2018-02-09,422.3733653879644,5.119146943092346,7.306434847568139,80.26000411395451,19439923.8936002,7969,0
2018-02-10,182.50922460753026,0.0,6.669247265416414,43.506418817835524,10267284.085506154,3438,0
2018-02-11,191.49804437794302,7.606890872120857,3.288371254937934,46.48196700161156,9189224.55138559,3606,0
2018-02-12,60.377514949638886,0.0,1.8006832678655782,5.1614983896449305,2424477.7013457227,1136,0
2018-02-13,176.37910846805792,0.0,5.632634872190829,39.19036144173398,8826721.62502624,3316,0
2018-02-14,192.42669503995376,0.7227460145950317,3.1898405437952504,37.86889157879581,10374736.035103358,3625,0
2018-02-15,326.14793234084664,0.7227460145950317,12.682677310373997,70.74052616554619,18829869.797588795,6137,0
2018-02-16,380.939742307864,23.673695027828217,8.352003506382573,68.60433946477481,20008003.87948002,7175,0
2018-02-17,280.5535440116525,23.113674998283386,10.40300537505804,39.02634394091149,16476686.22845923,5274,0
2018-02-18,232.6732179383432,0.0,8.547381351032154,30.532631739146602,13604375.133587776,4372,0
2018-02-19,95.49511596160995,0.0,3.718257948666379,12.930909084014585,6502030.902680697,1796,0
2018-02-20,116.94638658980091,0.0,3.778041351057488,20.937817034621702,7289410.299504839,2198,0
2018-02-21,40.4913468998021,0.0,0.9064472965773852,5.829289709278378,1316058.1543116055,763,0
2018-02-22,129.2488434920531,0.09373299777507782,3.3579104919470044,31.27336722222291,5031865.833162452,2430,0
2018-02-23,154.23234095820644,0.8164790123701096,3.254141341095162,28.851216158145387,5362987.782893114,2907,0
2018-02-24,140.16726574613338,0.09373299777507782,4.206652510787555,25.24848161601658,6097772.2957096,2633,0
2018-02-25,227.7330546309911,4.566085144877434,5.949159930750038,43.48428995907209,11033706.394384209,4284,0
2018-02-26,112.32875836733852,0.0,3.350314317945705,17.843883288849806,4280602.096123819,2110,0
2018-02-27,125.51398525837615,4.2694031447172165,4.570489282873211,23.39646195614253,5653024.311244734,2362,0
2018-02-28,26.247405759283676,0.0,2.232677716921184,5.789333679876585,1122562.8039563096,494,0
2018-03-01,54.9535673368934,0.0,3.542410318658093,9.307968309132178,5346311.354883528,1038,0
2018-03-02,34.399567221873355,0.0,2.0586190953113124,3.1186724776632087,3335659.0041729226,650,0
2018-03-03,41.24227975687863,0.0,2.583972707842103,6.550878683100155,4466761.495215085,780,0
2018-03-04,19.81830200258476,0.0,0.8958359119406818,1.5837744669019973,2045119.6599019289,375,0
2018-03-05,30.30240006736113,0.0,1.6355712823496968,2.9584585805586117,3474365.6363468594,573,0
2018-03-06,77.11398011426793,0.09373299777507782,2.5388826224175576,6.99338983814892,5340490.855257147,1457,0
2018-03-07,48.63568387841092,0.0,2.116784853611483,4.670363366159125,4446652.445087211,918,0
2018-03-08,128.27471262990312,0.09373299777507782,2.707615112719532,16.77464999753235,5580866.975096603,2415,0
2018-03-09,101.61818444352849,0.09373299777507782,1.916411208727272,9.821412363376407,2911442.6615675464,1911,0
2018-03-10,148.82224719062077,0.09373299777507782,6.317083624805626,20.842259934442,7451734.6200827295,2796,0
2018-03-11,114.79982400961443,0.0,1.7552470882914541,11.15398679069861,4531764.381080255,2156,0
2018-03-12,107.03897578003044,0.0,3.6575681300331446,15.84240301884324,5224079.084897216,2011,0
2018-03-13,79.45592843802028,0.0,2.0137164159752907,9.500075366154407,2963986.415979569,1497,0
2018-03-14,29.021689860732128,0.0,1.216083723225432,2.39029093330021,1496866.6426150824,547,0
2018-03-15,57.36372314722303,0.09373299777507782,1.3189412975661507,6.073214694269445,2616615.403114091,1084,0
2018-03-16,24.4083805259979,0.0,0.6334777392706823,2.4289893511379113,666303.2285734297,461,0
2018-03-17,97.75296517921996,1.2597400099039078,2.376720188145115,12.36591599260134,5456887.966595875,1848,0
2018-03-18,115.78882224384445,1.7420139461755753,0.7396058181601589,22.517240655135563,5009426.773696948,2188,0
2018-03-19,77.25277719598954,0.09373299777507782,1.688167038112566,13.06322753607142,4285228.94826124,1459,0
2018-03-20,89.39071476639708,0.0,0.4768238327205181,18.09326584623825,3378595.2779360707,1686,0
2018-03-21,80.77784476232944,0.0,1.165590746109392,10.27576783720387,3589454.783919425,1521,0
2018-03-22,129.85880019298918,0.0,4.19877897641686,18.47274223248748,5356128.332047767,2444,0
2018-03-23,75.62030735451059,0.0,3.2428497010004667,9.509574924618802,2873219.929973479,1422,0
2018-03-24,104.84331490153707,0.0924379974603653,2.023990910160553,12.148494750042182,3721565.3149997587,1970,0
2018-03-25,56.32570457994289,0.0,0.37198784297009707,5.240303948661736,1683065.4805213811,1058,0
2018-03-26,57.66182644062967,0.0,2.0632143272521013,4.141218031158436,3346874.927086801,1083,0
2018-03-27,58.36901850217082,0.0,0.8497524360091725,3.4061248392162544,2979117.4448942873,1096,0
2018-03-28,59.71065008226016,0.0,2.114172875452139,4.090781592051019,4725315.449219643,1124,0
2018-03-29,32.71992331253307,0.0,1.0047959092310874,1.9637651017519069,2155887.432512098,616,0
2018-03-30,18.377769750481466,0.0,1.1095961891971564,1.4287929270234352,1709260.8686311378,347,0
2018-03-31,21.58879566212471,0.0,0.7950245199610014,2.6042086552094323,1711254.6292846305,406,0
2018-04-01,27.952720305080778,0.0,0.848528010044523,2.762101196376983,820332.0285669884,525,0
2018-04-02,60.78072244108926,0.0,0.850345674118854,9.426994176632006,3424783.8823630344,1140,0
2018-04-03,7.132584416658204,0.0,0.15885733761613788,1.3296292022764047,318386.31412315264,134,0
2018-04-04,23.477650937392628,0.0,1.0663046080688805,2.4530965455939335,935232.2686672267,440,0
2018-04-05,16.578523468911747,0.0,0.10681002730238882,0.5875201152205998,450691.50739344745,311,0
2018-04-06,34.80111465289597,0.0,0.3708239741047474,2.0224111576096844,991119.5635849977,653,0
2018-04-07,47.48910520596962,0.0,0.2124921401730016,3.249953090943822,1962557.4749098541,891,0
2018-04-08,24.59027741506023,0.0,0.8994747669792716,3.2468551954654545,1692171.8762553383,463,0
2018-04-09,38.447259366112625,0.0,0.6339847254463937,2.552520601235801,3977123.776530214,724,0
2018-04-10,43.49180713561462,0.0,0.15832443444180572,1.3820641064756352,2121165.0711755906,817,0
2018-04-11,46.71731610967519,0.0,1.1154330377175994,3.1467224256457054,1561406.6890113617,878,0
2018-04-12,50.12896266495324,0.0,1.5440173493922424,3.7361828575225884,1803251.859528355,940,0
2018-04-13,63.320197420171766,0.0,2.3960410244107093,5.602667541159858,2454502.4813970253,1187,0
2018-04-14,30.14020212754878,0.0,0.1581878978295559,0.37210985159019494,1401038.44725448,566,0
2018-04-15,29.97131949771671,0.0,0.6868754408413096,1.2734966930898224,2150679.1037000027,564,0
2018-04-16,24.868376115203947,0.0,0.8982358742383703,1.1115380646869402,2240080.8991701733,470,0
2018-04-17,35.7585307705082,0.0,0.3166548555831652,1.380849962444156,1581076.3197595626,673,0
2018-04-18,40.53422827573007,0.0,0.632706593059235,7.863803181093269,2782926.7389865317,765,0
2018-04-19,42.68425558544199,0.09373299777507782,0.5810578050184253,1.0096267758371267,928505.7322726923,802,0
2018-04-20,205.70026250611423,3.4057931154966354,14.21211032946045,68.72917518263768,10181593.890456272,3861,0
2018-04-21,73.64276637057172,0.0,3.8883949941547864,10.511993244257974,1656301.924347992,1379,0
2018-04-22,82.80718239311842,0.0,2.9284934421984063,10.028427630522595,3348112.8432134637,1553,0
2018-04-23,174.6101257093221,0.0,77.30109396357534,92.47857776932602,6315726.920626793,3278,0
2018-04-24,170.41767386805412,0.0,79.09367997336639,102.72604507939829,6894229.800711263,3204,0
2018-04-25,322.49904881333515,2.372283935546875,116.77331507792302,178.87156408462064,13797689.508889897,6058,0
2018-04-26,66.48898787784587,0.0,14.784285390990835,28.005305328094188,4632210.113559017,1251,0
2018-04-27,60.25776621314645,0.0,12.880231104652175,22.911617132964583,1754072.7855386836,1130,0
2018-04-28,59.76000377243133,0.0,4.046344374041062,7.622614017507881,1772467.3392256205,1120,0
2018-04-29,111.5452295918291,0.0,3.841495554025037,13.877555966817198,4207439.800291429,2090,0
2018-04-30,284.6489625457969,0.09373299777507782,44.77625657135649,75.23461788080827,10471973.816410175,5339,0
2018-05-01,146.77154477693458,0.0,8.94520977657154,37.19490549733505,4499251.412136452,2752,0
2018-05-02,376.9264514378255,0.0,94.62702940628347,200.5446098418166,11869103.287072752,7080,0
2018-05-03,141.27332195115227,0.0,6.058788088617085,44.02837563228103,3968813.139663157,2651,0
2018-05-04,329.8702687594244,0.0,44.97027924804614,157.1112721512853,13635366.537154902,6195,0
2018-05-05,130.202067077911,27.72563362121582,7.871611767834957,36.24690228541326,5503519.633098286,2448,1
2018-05-06,169.21409039280468,27.72563362121582,27.6266264902096,81.78961235280575,6639986.92550814,3179,1
2018-05-07,129.66982693520913,0.0,27.039790519447386,65.06796212013235,5454713.956291491,2437,0
2018-05-08,224.98787005994507,0.0,50.56777882659823,117.29227287076105,9539903.731713487,4226,0
2018-05-09,385.88980435936594,0.0,75.74476234999985,166.30917831973414,18081706.104455065,7245,0
2018-05-10,307.08539138246226,0.0,49.595060272150825,117.76776944124555,13385514.920676235,5765,0
2018-05-11,307.6730206559546,0.0,35.6071070803876,97.12037169019725,15309473.91814776,5775,0
2018-05-12,143.2528360681308,0.0,8.847850491352768,30.717989146047827,6474768.403097804,2688,0
2018-05-13,279.727020724747,0.0,37.10849714548918,85.36871503513768,12722200.869202284,5248,0
2018-05-14,168.36892498822957,0.0,13.789051915886205,34.14343174798327,6981142.855739002,3157,0
2018-05-15,281.239829732645,0.0,16.988656045606913,68.6868127197573,13003856.429392263,5275,0
2018-05-16,180.22893713733876,0.0,8.745324423835186,34.831248303333915,7080519.460656158,3379,0
2018-05-17,135.5046856426861,0.0,5.604697111433377,23.599607436037044,4067554.073913842,2539,0
2018-05-18,198.72221659318393,0.0,8.900799848063167,40.03420857021421,6535396.400040948,3725,0
2018-05-19,109.6306992667789,0.0,6.771529977505462,24.391732265017136,3052236.934879891,2055,0
2018-05-20,299.6053158872075,0.09373299777507782,16.025012087484885,77.85309272683851,11993583.475374786,5622,0
2018-05-21,51.23195544985892,0.0,2.9278748966692607,5.974259918772191,970084.1227207873,960,0
2018-05-22,55.31951392972249,0.0,1.2770113400154302,3.2529092966283177,2212535.6980869914,1038,0
2018-05-23,11.501953087886557,0.0,0.586262797919805,1.334253419834666,281869.3278586177,216,0
2018-05-24,93.40177262276237,0.0,6.710082485668569,24.484148333315062,2442004.314581784,1753,0
2018-05-25,226.87441116467886,0.0,28.009597808789465,80.14831447812789,7394151.518684975,4259,0
2018-05-26,220.63616579938733,0.0,23.96378478246919,62.44416716985344,6170480.770505625,4140,0
2018-05-27,384.682013067463,0.0,54.43094633942393,143.01547610946838,14902884.657864587,7220,0
2018-05-28,175.1937867461277,0.0,6.549630782115259,22.493580127031795,5968125.818486511,3287,0
2018-05-29,373.02137971621346,0.0,39.88978434523931,128.2005378032325,15012116.317104518,6999,0
2018-05-30,272.81817577766054,27.72563362121582,22.52947733374572,67.33935253425025,10118194.655739442,5118,1
2018-05-31,348.4743455453574,0.0,31.087262210383713,94.08859930346304,16899637.24845006,6539,0
2018-06-01,353.5644993158458,0.0,14.919048189144448,76.1917672569857,16382527.553357603,6640,0
2018-06-02,224.10040732410323,0.0,8.846897181716638,33.437965329671535,11030179.441522744,4204,0
2018-06-03,342.59009753174456,3.8306691348552704,14.66033212832393,88.16314842305896,15459341.363771012,6425,0
2018-06-04,86.12654930564396,0.0,3.4555963318879943,10.083618890898506,3162642.426353551,1614,0
2018-06-05,13.313890454844787,0.0,2.486767872544779,2.496698815633076,1252468.4301506518,251,0
2018-06-06,2.2747645917207873,0.0,0.21107096984862173,0.317043140356034,165013.95240411806,43,0
2018-06-07,13.229722447222349,0.0,0.4225539260857873,1.161111520108729,551964.2029974252,249,0
2018-06-08,120.79876797067404,0.8723049759864807,4.8042658504611095,31.351155330071133,7310644.571059903,2267,0
2018-06-09,258.2645186701817,0.0,14.12726889874578,47.72524373665174,12472503.611285137,4843,0
2018-06-10,364.72789579132836,5.662816047668457,23.035769760654702,79.99841889218017,18664592.599483885,6838,1
2018-06-11,272.6851951775679,0.0,13.266362770382502,41.03497823271195,9786305.860597922,5111,0
2018-06-12,483.30103678358734,0.0,42.06316344544435,142.2967903739456,30509177.497184895,9060,1
2018-06-13,182.94845139039074,0.0,7.527676172666986,28.13573907525475,6193549.088159403,3427,0
2018-06-14,335.6054737271786,0.0,16.484088269491792,75.50427585900177,17856753.702796,6289,0
2018-06-15,210.4059899708446,0.0,8.435399843690655,32.72775926473092,8308918.404424113,3941,0
2018-06-16,263.31737513107635,0.0,8.75582405580262,36.3588042637108,10789778.994897494,4932,0
2018-06-17,298.5946161061606,0.0,11.311568470156528,57.178502753212925,13313518.887900943,5598,0
2018-06-18,191.530783575624,0.0,8.843491224458864,30.318625853785772,8506589.394802455,3590,0
2018-06-19,259.0686804724686,0.0,13.650845020799267,58.0233703183936,16177284.292642869,4858,0
2018-06-20,119.7504708491693,0.0,5.494329718339268,17.079498332573163,3830056.257075187,2244,0
2018-06-21,202.20275225955388,0.0,8.622821093694462,33.1404052262647,12010125.408984955,3793,0
2018-06-22,36.13729889998633,0.0,0.48052329033009505,7.203473940204157,2951299.4807865196,678,0
2018-06-23,311.8627784371495,0.0,12.578997086108263,50.614285421200414,14764364.014499627,5847,0
2018-06-24,323.9624247174121,0.0,9.604157077088926,44.18556652913709,13780251.444634132,6071,0
2018-06-25,304.1000336017958,4.93078088760376,10.772749698437142,41.9348688337094,12681816.672008514,5698,0
2018-06-26,294.5340872439526,0.0,9.01318312582405,38.36927868312786,11849084.014552211,5521,0
2018-06-27,206.9978021494319,0.0,8.62386491682071,22.569862621859283,6637874.367667668,3879,0
2018-06-28,319.2570470574052,0.0,15.004397340345506,42.53730669791084,14430343.241273535,5984,0
2018-06-29,230.15906947884915,0.0,7.471291587972752,23.381236222079337,7124489.922782064,4312,0
2018-06-30,306.4129626009972,0.0,14.941093846436765,37.18960158042486,11884458.465935808,5743,0
2018-07-01,228.86217307438224,0.0,6.406312262806282,22.896729048912977,6465470.829163974,4287,0
2018-07-02,328.5014875462951,0.0,8.96829745755927,30.05166098181084,9286796.180246767,6154,0
2018-07-03,326.37909257206877,0.09373299777507782,9.07583466082826,35.658939150725004,11688355.515863795,6114,0
2018-07-04,288.77894159867054,0.0,8.27399749404764,29.72817575049431,9939710.162674103,5410,0
2018-07-05,340.3875941098461,0.09373299777507782,13.29474842417524,40.57578624822494,15343079.331018561,6383,0
2018-07-06,253.95099232932648,0.0,6.710541717554031,21.392979839375055,6320408.729740473,4759,0
2018-07-07,418.83580780944806,0.0,12.879204774529152,40.688337318943795,13047714.216203783,7849,0
2018-07-08,342.18862711813944,0.0,8.06141335366402,28.96799681814346,7805768.798322301,6412,0
2018-07-09,382.56462739368374,0.0,8.915729026436166,33.93136854936556,10696310.07517539,7169,0
2018-07-10,180.92270089816134,0.0,4.537796756441266,19.676293535214537,5064727.716264144,3390,0
2018-07-11,83.70276475153123,0.0,1.6917025395416911,4.963712145462817,2147040.5188165423,1568,0
2018-07-12,131.9802584268796,0.0,3.0856835411650514,11.152291764761616,4860406.216084593,2474,0
2018-07-13,34.136444692167856,0.0,2.1247952199267797,2.1868851404320115,1098670.409078938,640,0
2018-07-14,290.9560920198009,0.0,9.549348013590938,34.788708625141204,11493971.548634464,5457,0
2018-07-15,56.65854290997367,0.0,1.548340008297097,3.5244171913647437,1684852.5860871144,1061,0
2018-07-16,383.86759534004744,0.0,25.828212359917828,45.46213251368397,17031544.071422067,7198,0
2018-07-17,278.4227863702787,0.0,9.182184376614286,27.442084867273667,9178046.263965594,5215,0
2018-07-18,413.8981223308252,0.0,12.790236647165539,39.40233662774029,12465668.00128158,7755,0
2018-07-19,394.0839732264909,0.0,11.260120636426826,36.82909900393486,12020521.994770115,7383,0
2018-07-20,369.149043465224,0.0,19.737609729134693,35.30673057889052,10398444.83351156,6920,0
2018-07-21,397.99320323534454,0.0,22.71562291933467,42.73391120141754,14314345.161756096,7460,0
2018-07-22,211.4808897603172,0.0,7.26018384198815,20.390570861935306,5132274.613977666,3963,0
2018-07-23,185.27561529506283,0.0,4.164731152346701,21.435839941890322,7384746.184789638,3475,0
2018-07-24,63.90626647890793,0.0,1.0144765853815503,6.224448639821256,2269039.743553764,1201,0
2018-07-25,260.26057884546015,0.0,8.648260748796785,30.72832287917103,9298597.184928058,4878,0
2018-07-26,266.0448835945264,0.0,8.381904338846915,27.809117761727908,8571773.264576482,4984,0
2018-07-27,306.986998294836,0.0,8.270790857285677,25.993667315215113,8422960.751837824,5751,0
2018-07-28,404.17145927677217,0.0,12.403166780340152,32.86985286553905,14823218.675857374,7575,0
2018-07-29,388.69189895513176,0.0,18.475299145908142,33.15343213495147,14359742.874292199,7290,0
2018-07-30,517.6903020978117,0.0,26.95770955799934,55.153464006558885,23976238.70444675,9711,0
2018-07-31,388.8029818045743,0.09373299777507782,13.033803750546948,38.085866011008335,14958959.814055847,7295,0
2018-08-01,525.1122976800498,34.03471390902996,17.48574404810052,54.56884138368719,20047053.21462249,9858,0
2018-08-02,382.0737512913506,33.94098091125488,9.556599954985503,38.26857035221594,10831431.207092836,7168,0
2018-08-03,346.8554207428951,0.0,19.749867465574553,39.56578113226987,11298485.269670848,6503,0
2018-08-04,347.1905699621566,0.0,11.827301266502738,37.94678873553064,10974090.763789369,6507,0
2018-08-05,256.55996226112086,0.0,10.384595458196653,28.632493790938423,8473515.753777752,4808,0
2018-08-06,316.6259559320289,0.0,10.972161033278578,32.89245293445898,11301581.445273148,5935,0
2018-08-07,262.36901741359424,0.0,11.057755816107807,24.359319532750867,9124609.155264525,4919,0
2018-08-08,387.2292090000873,0.0,20.64306075982755,41.646518516920246,16844575.365447152,7262,0
2018-08-09,316.3908522497187,3.308193989098072,18.524381193708397,43.089578485013796,13806281.672913663,5936,0
2018-08-10,414.359937206172,3.308193989098072,25.832628847151934,59.64024423258229,17187178.00876502,7771,0
2018-08-11,437.2980833870803,2.5926589891314507,10.141632655727209,71.57393752083226,17060681.56926086,8205,0
2018-08-12,351.65465704554293,0.0,8.644002303860924,36.124685930921814,13363050.870976524,6589,0
2018-08-13,466.9795890422558,3.162618115544319,9.973644141702753,68.46239181787354,20846725.6637245,8764,0
2018-08-14,310.2609704306791,0.0,9.06620490882029,34.3882971494025,10204560.690474555,5815,0
2018-08-15,401.2851449016231,1.774105042219162,12.164977665731442,52.93087919013479,18026318.675458778,7522,0
2018-08-16,251.6799637260297,0.0,7.52729127304537,24.87156635821345,6686482.611418028,4715,0
2018-08-17,219.99212163159757,0.0,7.31459771717166,26.75131989574737,10223246.8399207,4120,0
2018-08-18,80.80548783162777,0.0,1.174800410201373,6.2977673875339955,1990465.8054530725,1513,0
2018-08-19,130.92658778246724,0.0,4.217770963552051,11.907547130173052,5258122.364160106,2452,0
2018-08-20,133.68637454875724,0.0,4.042603376625673,11.133957977602988,5713466.356838405,2506,0
2018-08-21,217.26545931616468,0.0,8.206070185065268,23.368124757608417,9025469.832759323,4072,0
2018-08-22,153.6517195294327,0.0,4.852076087405547,17.63541568124799,5881731.465401717,2880,0
2018-08-23,74.90425124748303,0.0,4.317791932047886,13.154947765248766,2491602.606105935,1404,0
2018-08-24,104.97529738080668,0.0,5.068886003991309,13.955281340653237,3097793.7714648824,1967,0
2018-08-25,64.065298290071,0.0,2.773305036728864,5.391138026703502,1530919.0411793627,1200,0
2018-08-26,146.2379524088307,0.0,5.86377886025133,14.031717435167202,4976370.095793943,2739,0
2018-08-27,135.70700815196366,0.0,5.81146248325974,18.08014178567959,3966677.8585393075,2543,0
2018-08-28,242.14199015836542,0.0,7.839908496643615,26.841398732688564,7645211.134138988,4537,0
2018-08-29,186.47571245536884,0.0,6.085270030651684,20.600481243695654,5563632.813924495,3494,0
2018-08-30,188.9400641119681,0.0,6.512292100001483,20.97758907840121,5641057.309408191,3539,0
2018-08-31,165.35747343031824,0.0,9.204037556073835,21.328514977193354,6029190.085742406,3099,0
2018-09-01,202.02622940196716,0.0,9.310854044177127,23.862841516830123,6812700.873024771,3788,0
2018-09-02,234.3206106830753,2.646284982562065,20.472270588025925,36.65891974529509,12479363.850034231,4399,0
2018-09-03,220.06717499870442,0.0,12.908918908790714,32.241238662014354,12365658.078626938,4128,0
2018-09-04,258.53963218065473,0.0,27.97388177278656,43.406147387979175,16689643.419880396,4852,0
2018-09-05,289.3930280831515,0.0,22.483947915715376,42.16730639765441,16398495.07937817,5432,0
2018-09-06,322.4621211082716,0.6296700239181519,35.376619985596776,59.76377447950191,17252409.886151064,6056,0
2018-09-07,389.48443115452534,0.6296700239181519,39.829635702732205,87.69773735243947,22881101.080940098,7318,0
2018-09-08,237.28234267896488,0.0,28.86617820913471,41.019419375574635,9299600.806669472,4452,0
2018-09-09,313.24094500967124,0.0,35.1158551721882,70.4408390290954,18427853.429587096,5882,0
2018-09-10,181.85899502787737,1.9701549708843231,16.889912214274315,27.654944718606423,10583838.20834074,3417,0
2018-09-11,295.9780535779059,1.395956963300705,34.16062618318586,66.0000446923211,19428092.318275835,5562,0
2018-09-12,139.21444467820402,1.395956963300705,18.86299299269372,30.46133964101715,9272569.57030611,2617,0
2018-09-13,196.04621552258556,0.0,27.857495007955205,47.52629463051542,12756851.962294282,3685,0
2018-09-14,187.86641181092156,0.0,23.947405632247,46.0083483317374,10541867.937693257,3530,0
2018-09-15,197.03870231443904,0.6296700239181519,22.41931448538425,44.65894568148272,8732714.382479431,3699,0
2018-09-16,219.29112583860183,0.6296700239181519,12.64574028978653,41.9865994566572,11554608.239412544,4118,0
2018-09-17,127.63404891812374,3.101688951253891,5.466649004411059,32.48549241858618,7389831.751919498,2400,0
2018-09-18,164.62187101878104,2.989941954612732,9.750359671388079,37.83290053597713,10255237.953307906,3094,0
2018-09-19,198.5133299747049,11.63049778342247,8.40627483921595,47.2548714271257,11798740.160359874,3730,0
2018-09-20,246.0453233279512,0.0,24.060626573164228,37.26110966429358,11913615.834633166,4617,0
2018-09-21,308.69382384779544,15.71727778762579,23.954766864533585,62.664677279077544,18551346.227070536,5801,0
2018-09-22,214.27349541105474,0.0,23.67839078708341,33.7219109474663,10578927.274943022,4021,0
2018-09-23,252.25323366780455,11.39155799150467,21.135603453341467,51.641833651001434,14352870.739185937,4739,0
2018-09-24,170.6691435081864,3.0371700525283813,23.760302547596876,34.19140801243627,10473990.53475857,3210,0
2018-09-25,221.94568990826662,2.498594045639038,30.69273297082854,47.43881676667667,14609199.37877062,4176,0
2018-09-26,193.73918749905445,4.453824996948242,18.054262914233792,43.963828537403906,11954867.546693403,3645,0
2018-09-27,235.3606052336553,0.7234030216932297,26.638668897794258,43.16432297622439,14864228.035893649,4424,0
2018-09-28,280.81752844964075,24.04825473576784,26.8373293046179,96.33337758053203,21089732.308163222,5292,0
2018-09-29,191.53270174632263,0.7234030216932297,31.44319430964558,36.29506728433427,12723136.354028184,3604,0
2018-09-30,206.51847812232012,1.261979028582573,29.380263969661147,43.52772234831268,12101854.009963678,3886,0
2018-10-01,155.49886480018762,0.6296700239181519,23.718595678439286,28.828777595198304,8472081.989057772,2924,0
2018-10-02,133.84875237275332,1.1682460308074951,20.7995075486168,30.051634121171546,7423112.079843406,2518,0
2018-10-03,55.17542175833368,1.4166549444198608,11.683058930322145,14.542191024208586,3916438.2847545864,1040,0
2018-10-04,81.6948316690282,0.0,19.193714554269178,20.672606045317007,5281542.883984478,1537,0
2018-10-05,228.93313270220835,43.684605948626995,18.89814048401025,54.252938651628206,15240415.503007608,4306,0
2018-10-06,270.4660213152754,0.0,31.319885554909668,57.617459163286775,18891319.706287943,5084,0
2018-10-07,344.50753710771164,10.49533098936081,25.9768218904422,69.70712548399631,20303449.50523552,6483,0
2018-10-08,195.347588241348,0.0,28.603220883249424,32.01037148587388,13410758.734598693,3674,0
2018-10-09,193.32982398570292,3.0371700525283813,22.583502739834838,33.648661814626195,13525851.35956256,3636,0
2018-10-10,58.878769917843556,5.112666964530945,7.818756258572664,12.257142869702589,2438598.462875715,1108,0
2018-10-11,154.5352306417609,0.5385760068893433,20.523476698248995,24.28398567043167,13111553.634994198,2906,0
2018-10-12,86.10780880229888,0.0,11.32251741952444,12.731884745298206,6613615.357603765,1620,0
2018-10-13,206.93169848668907,0.0,31.214553964510504,41.65726080517682,16501707.23058413,3890,0
2018-10-14,167.43116970534953,11.370101869106293,16.61763117293103,46.224664766430465,11668520.527535092,3150,0
2018-10-15,194.83803016126444,3.056921064853668,17.15488428128472,37.10729639699116,12123558.057063663,3660,0
2018-10-16,243.55217042654544,34.15753656625748,16.94993877847498,65.45518105189836,14361989.245631741,4580,0
2018-10-17,138.66523283162186,9.616646818816662,11.86067764083713,39.709530446252735,8958329.064538658,2609,0
2018-10-18,173.92818674143288,45.89060955494642,20.64416045953024,50.85468507782629,12241564.177010499,3275,0
2018-10-19,59.17600253742098,5.132417976856232,7.892027965145451,16.02073038719223,2674605.673802419,1113,0
2018-10-20,144.76663231746056,28.72544288635254,26.990172459027843,34.67596455183759,12174576.112489464,2726,0
2018-10-21,196.21901508599484,9.247850880026817,19.643258832534208,41.30068015924783,12205241.663213473,3690,0
2018-10-22,331.96765111721214,0.0,33.30960972532225,73.96204911470316,18901693.682858136,6239,0
2018-10-23,385.4440538069466,29.33250994235277,23.396809417659814,81.28822978110117,21966464.286595497,7256,0
2018-10-24,188.28176663595647,6.228190064430237,17.095610303639404,36.283466253185345,11947204.409516161,3542,0
2018-10-25,236.61847525116858,27.732643850147724,21.328439726339198,54.38694043002318,15184793.710236458,4457,0
2018-10-26,139.44399591833786,16.410533845424652,14.605245517966978,33.63086178597838,6833190.825268485,2625,0
2018-10-27,185.93510970189516,11.75337690114975,23.54113358194227,46.342623867612716,8482882.869289024,3500,0
2018-10-28,103.87809004530205,3.2296429127454758,9.477628115068748,13.8592194756703,3976888.1081101997,1954,0
2018-10-29,226.40589680511013,0.7234030216932297,26.35546954964114,37.65712053920913,14002341.41105972,4258,0
2018-10-30,207.85130028645858,5.132417976856232,13.820811005010498,31.484243148502234,12575428.189544888,3906,0
2018-10-31,275.79791379172417,5.132417976856232,25.88033974386673,54.65977716923819,17028604.664941452,5184,0
2018-11-01,281.75996781421713,14.422079846262932,24.450791629220724,60.48254695700977,16925251.90989426,5298,0
2018-11-02,228.46068734974736,16.410533845424652,24.81610566577307,50.3893294772519,14962728.880211914,4300,0
2018-11-03,266.14571994635776,17.010066837072372,28.528040275442454,66.5274679801085,18202618.325604077,5012,1
2018-11-04,134.84088015945736,11.75337690114975,13.823384676801675,27.830760819922826,10501871.928708823,2542,0
2018-11-05,145.34614364790156,11.796306014060974,12.550744517857158,30.715841847422965,7201203.105909873,2734,0
2018-11-06,226.34606948486388,21.055842131376266,6.359770955826748,34.34744141790674,10302319.064391518,4260,0
2018-11-07,247.9210616446985,8.3036869764328,12.354662261483455,42.111517153381214,11641733.074373627,4655,0
2018-11-08,380.75737749270394,22.67329403758049,8.854537082166125,54.49173107657408,17423145.806353357,7163,0
2018-11-09,171.5925866824974,5.555927962064743,7.153566787647874,30.64046564540849,6472555.527239387,3221,0
2018-11-10,206.12380868388834,9.075296968221664,7.579535302075338,40.94943317975398,8758091.657636236,3874,0
2018-11-11,118.95337911801606,7.765110969543457,7.406886213558808,26.057531769734716,3867877.5067849476,2239,0
2018-11-12,224.94610410181434,5.783347055315971,13.145403319825778,55.44800436401955,10042123.401239846,4229,0
2018-11-13,181.51442366437084,5.783347055315971,7.626046151619066,34.25978845873425,7028251.677404299,3415,0
2018-11-14,249.78738530587617,22.33218687772751,19.751773343809703,64.086627493728,17180226.000776794,4698,0
2018-11-15,151.6291785171068,3.4699820578098297,6.043763122651443,31.082108142184737,10907132.692668753,2858,0
2018-11-16,188.3980994229829,0.058329999446868896,13.394246937586322,37.40782597843421,10723763.735894123,3541,0
2018-11-17,303.35328083618475,53.053796887397766,6.545380873107234,53.91102927096176,10993715.35060785,5701,1
2018-11-18,195.83421694581318,8.324105903506279,7.3221846696596895,41.99039998669717,8129394.779892283,3681,0
2018-11-19,399.9457424651795,14.681701935827732,19.286845939804177,95.4017563647077,23032967.903887864,7520,0
2018-11-20,208.2700915683442,3.2539290115237236,9.947942391778785,36.663456924021446,12709901.514416184,3923,0
2018-11-21,371.75480913804006,0.6296700239181519,26.11750059768977,68.25975021815475,23695214.899012078,6990,0
2018-11-22,319.2503230064336,0.06161699816584587,12.927815942891272,66.17164876997661,16677420.613891091,6007,0
2018-11-23,411.1842916733592,8.207382202148438,29.27176113649384,82.96695308769858,23950409.94283543,7732,0
2018-11-24,492.32246034983956,37.09996163845062,23.31271075570215,96.97605376385822,25114493.211238466,9266,2
2018-11-25,311.9267370054774,2.9781200885772705,28.989575798498407,70.09639660232888,18628413.272940055,5869,0
2018-11-26,438.1376113599354,10.944835215806961,28.80122498301233,106.06757147000113,23465657.29238063,8245,1
2018-11-27,171.43664746595735,0.0,10.176467837369126,33.64068548035842,9654889.852664882,3227,0
2018-11-28,308.03314111282884,0.9895529747009277,20.899034852801577,87.0797996475741,19930272.525259297,5793,0
2018-11-29,247.51054292948848,6.82195109128952,5.997473527026645,79.25168862264943,12869194.202322144,4661,0
2018-11-30,336.09947049885375,10.211562156677246,23.543536984214175,85.12137899258978,21690068.009876996,6322,0
2018-12-01,219.227071431915,12.727488160133362,9.467866810248733,43.59751800712292,12904985.71815089,4129,0
2018-12-02,149.00590389839726,0.0,17.337970766493807,26.572088271790165,12549464.044510605,2809,0
2018-12-03,186.28662179715948,0.0,16.0760605269872,33.20287064527622,13565127.53144453,3513,0
2018-12-04,164.47385082623666,0.0,15.596231790138148,51.16444665188777,12885894.269327316,3105,0
2018-12-05,393.01326639291807,11.95139890909195,24.243971256206645,113.99097025452411,24322967.761813425,7403,2
2018-12-06,220.2824430827355,10.17508202791214,10.840585130057466,54.68822258344459,13520555.027830685,4156,0
2018-12-07,373.10553199260744,14.701806426048279,22.81950877360437,103.61340669496698,23726775.778603543,7019,0
2018-12-08,163.21983663345364,2.9781200885772705,6.476206954308926,37.68547463172308,5814701.949271027,3071,0
2018-12-09,199.35150422960334,0.0,15.872971522050284,49.99407688274735,12518407.84227206,3753,0
2018-12-10,139.20930462794803,0.0,7.831143473163692,19.222184536028237,10134365.463695493,2627,0
2018-12-11,129.92203501495638,0.0,11.523975230466904,25.207328438112594,10781631.853599995,2453,0
2018-12-12,320.6574656389081,12.452238142490387,15.124635213674619,77.7265970062435,17692007.47382804,6048,0
2018-12-13,229.30408942526296,3.943322002887726,8.304680037909126,85.60239439675686,12246899.71982661,4328,0
2018-12-14,521.0168146556614,9.286707058548927,22.374214841549662,226.44505928246593,24852919.590865992,9817,0
2018-12-15,466.6885951509177,18.42601201683283,7.418759902126206,221.1045488667583,18989406.158671327,8808,0
2018-12-16,605.7604232614317,19.02301672846079,28.407760937658324,281.58766283942776,27014707.20991757,11407,0
2018-12-17,880.1939959102249,63.46273283660412,15.419007916389454,290.8109323046061,34828608.88146368,16589,0
2018-12-18,482.56480428751246,2.633522041141987,19.101063794448184,115.19219715093287,24312179.32280709,9069,0
2018-12-19,785.9116200175447,49.994967468082905,19.627306295956217,145.07844761740927,35067860.67887474,14806,1
2018-12-20,423.356816991557,18.17473480850458,15.257542410883522,104.95940849630229,18761438.34149118,7967,0
2018-12-21,525.595035714239,20.713407792150974,19.297483064328592,132.715409513303,25885930.959805455,9900,1
2018-12-22,437.3253168031381,2.6324059814214706,6.890289708049911,74.59992691487315,14768090.006881936,8229,0
2018-12-23,430.8613378310617,6.127066947519779,17.816006674408435,113.18953723824487,21679013.34218982,8108,1
2018-12-24,603.3956594429166,24.75591017305851,7.587181331891084,152.02672281307562,21928984.552359104,11374,0
2018-12-25,541.0079940687533,19.701287254691124,18.926534845778104,190.7772109044852,24367093.00942361,10186,0
2018-12-26,1039.922104061622,44.93242732435465,18.73924207702114,373.04334784760016,40635661.02272317,19600,0
2018-12-27,483.72498643116677,31.122966192662716,15.739063780042743,143.40745242738024,21739867.273488984,9100,0
2018-12-28,677.8254011905026,67.54925675690174,19.814480378576114,202.41424460965422,32508193.684063092,12751,1
2018-12-29,435.6126530436781,25.888061493635178,9.917112876655919,215.04734980989443,13904410.70285369,8198,0
2018-12-30,703.545909517503,48.55063019692898,29.831164327158422,349.55949525435994,29835447.450449485,13234,0
2018-12-31,303.7935964736214,11.276542901992798,12.030250061748411,56.922103294343536,13751334.605774645,5716,0
2019-01-01,452.6653387629896,3.469243049621582,24.204756221561357,111.44945912570435,25925009.502437513,8510,0
2019-01-02,579.5869559370564,6.266608029603958,13.60463130467871,94.14880647231553,28054112.513930086,10918,0
2019-01-03,370.70730854895845,1.2996209561824799,15.638182401006409,70.35387458235407,19618241.846108116,6967,0
2019-01-04,504.7776158101858,3.3077729642391205,16.146815870173832,78.22906776201341,24354875.903952412,9508,0
2019-01-05,200.00591936590013,0.0,10.013015515118793,36.57158582948742,11081490.833264358,3763,0
2019-01-06,359.854758933377,13.132262632250786,17.936789750628694,104.44516049483015,21032428.67040288,6774,0
2019-01-07,259.27529194227606,13.528266713023186,8.434948328574333,72.43887273229156,13338362.582885796,4881,0
2019-01-08,376.1260157115687,2.5801578909158707,15.326087574303202,97.15976143589118,21816783.01455426,7077,0
2019-01-09,344.83018368957823,3.1434348821640015,9.832946647793834,60.80313992909946,17148369.58068893,6486,0
2019-01-10,344.0210449559922,0.0,17.440425643130766,70.78341123730199,19804578.93757624,6469,0
2019-01-11,643.7016749892196,20.420470908284187,15.457538133777996,138.44996441011085,29061397.249922134,12131,1
2019-01-12,275.8927306342426,2.919303059577942,12.025113894650527,48.1153507074118,15102488.52425099,5192,0
2019-01-13,589.0472540300907,85.8016354367137,18.91022113452192,137.9318926770168,29958483.07812777,11089,1
2019-01-14,271.36553899584726,17.727191373705864,9.744478389538289,65.99824383085691,13470382.290795878,5112,0
2019-01-15,428.6238475339356,36.25903373211622,14.781775384150887,143.70291406213437,22648717.06784972,8072,0
2019-01-16,223.86363762529652,25.203562423586845,4.135442490262306,79.36331083368925,10616496.652219985,4223,0
2019-01-17,263.42456446561744,59.05314662307501,13.140585353973645,47.68454900439853,16652895.923920128,4956,0
2019-01-18,331.56347165923717,3.9848360270261765,6.961068493342388,38.07757703163593,16788119.12556587,6243,0
2019-01-19,266.6984279099312,0.0,12.667234865324794,39.20595344035206,15329125.488013031,5011,0
2019-01-20,416.809423934768,1.2833880186080933,12.63262177157992,61.09996334074635,20794161.062161144,7849,0
2019-01-21,253.46364830523882,0.0,8.952013154601033,34.05848081142855,10710865.89367862,4767,0
2019-01-22,466.63342882475956,39.83778294920921,13.647137316853684,87.09764138751709,24015067.831502207,8784,0
2019-01-23,379.9587907988062,77.87126579880714,4.723161587192986,77.01015474783303,14683718.041081678,7157,0
2019-01-24,402.71251558597567,4.191027075052261,12.938301496336246,74.67243682333435,20708522.562622428,7578,0
2019-01-25,237.41077342553373,0.0,3.3989025511992557,43.83874245207379,9910276.273835903,4465,0
2019-01-26,220.96172840292334,0.0,9.96004451062117,27.224668092565963,13521564.894066725,4154,0
2019-01-27,295.4964975140695,3.7042479291558266,7.547950651995773,33.32005237760292,15604051.911045412,5561,0
2019-01-28,212.69057710167317,0.0,7.363528903596746,21.465240172946295,12199082.054338984,4005,0
2019-01-29,326.5637097780419,3.1104619279503822,13.490731478397828,35.8108394552792,19345216.041152608,6141,0
2019-01-30,171.46543721917752,0.0,6.301354820722664,15.881787709108718,8806768.940574106,3225,0
2019-01-31,300.4263961310379,0.0,14.38275691519614,37.2157052293305,19858865.86076736,5643,0
2019-02-02,306.9103979686604,0.0,12.899285274015277,33.34336469614646,20030097.39408518,5762,0
2019-02-03,278.7440673978024,0.0,9.420080827578937,29.527736554435066,16381531.908461709,5231,0
2019-02-04,293.10955018480746,0.0,10.669512820810391,33.63963293582612,17780821.17325827,5503,0
2019-02-05,263.63083817811713,0.305525004863739,6.09593102669118,25.958661790837535,14387306.439305665,4953,0
2019-02-06,112.72948177486796,0.0,4.074918587856225,11.577841598149341,6781147.385253212,2122,0
2019-02-07,185.70906187859126,0.09529200196266174,4.496329992159392,18.523914600869553,11433035.67899609,3496,0
2019-02-08,171.55458194405477,1.120659977197647,1.1668710960346325,25.607536141990252,4944462.654119935,3230,0
2019-02-09,209.1401765955354,0.09529200196266174,6.250336651592368,18.528086618069068,13410538.650667686,3930,0
2019-02-10,166.46489529681736,0.0,3.6731211605554197,12.526783487833114,8737592.224057263,3125,0
2019-02-11,200.783084411445,0.0,5.981001616444692,18.035846400898183,12332191.830797926,3772,0
2019-02-12,164.25723258606666,0.0,3.071751871953103,15.270222979393118,8464245.419892307,3086,0
2019-02-13,157.70924286627204,0.0,3.390287870069004,14.83993451985274,8753152.366985023,2964,0
2019-02-14,146.40509576903338,0.0,4.765884157004405,18.349056266412447,7848778.136756775,2751,0
2019-02-15,88.67213533522983,0.0,5.296683814351358,16.10585368007912,5719366.326697642,1668,0
2019-02-16,178.77100712660993,0.0,15.146945231521304,57.386041931031805,12465752.883720856,3361,0
2019-02-17,138.2849794666321,0.0,10.548604773589808,31.855247579064265,8192211.962717897,2603,0
2019-02-18,213.27482786430195,0.0,16.64730129517467,50.389449464543986,14777237.127976172,4011,0
2019-02-19,214.0895915900581,0.0,7.185394560752146,27.669707215996098,11184279.493392313,4028,0
2019-02-20,175.5708067396676,0.0,6.573439208958491,21.74861169937093,9935356.993794512,3302,0
2019-02-21,146.15698667522852,0.0,4.468044402051542,19.55879201761735,7288460.74430997,2745,0
2019-02-22,98.55728280322656,0.0,2.1755613995551686,12.882249271009107,4936055.442696696,1853,0
2019-02-23,130.20263905627908,0.0,5.316092043390828,24.71936559674945,8429273.407584365,2448,0
2019-02-24,102.68378679272121,12.726110860705376,1.008896875815573,9.401526830354133,4746775.07634827,1935,0
2019-02-25,264.38905504798726,34.48645940423012,7.7486028439810966,39.625906517499615,12949347.369095305,4981,1
2019-02-26,298.1072115845066,32.266847521066666,6.279702041629419,47.4729919898278,13169632.738195924,5614,1
2019-02-27,279.5333012706707,0.09529200196266174,11.685296522237504,32.663275796524886,16469445.611003371,5254,0
2019-02-28,236.26234347505658,0.0,9.132699538725555,26.128980214534486,13058780.852070719,4436,0
2019-03-01,146.82476725666166,0.0,4.607164256494919,18.512508875224338,8113337.873242897,2760,0
2019-03-02,136.10320384431063,0.0,4.340984267154865,23.684562796839295,7495119.334713752,2559,0
2019-03-03,81.96717260308394,0.09529200196266174,3.0674227485546894,14.305760061783063,4854517.659851114,1544,0
2019-03-04,109.21595789893611,7.785527169704437,3.8134043497104737,13.320705174446484,7567985.74635035,2060,0
2019-03-05,85.89687145733737,0.5516189932823181,1.435522104231594,6.956454461079292,5189953.757418651,1615,0
2019-03-06,157.37123032323177,0.0,3.3015289188118597,18.34414935664668,9255086.431740038,2953,0
2019-03-07,143.55898220730026,0.0,4.8493290771707676,17.058269230161613,8974312.829948867,2693,0
2019-03-08,155.9344528892215,0.0,6.911237753025687,25.39166103683469,8645511.207128903,2930,0
2019-03-09,159.0295675161748,0.0,8.72014680884257,33.04748517887303,9003406.90192195,2992,0
2019-03-10,119.1973644154749,0.0,5.564608582542328,17.584624257200534,5973500.952680414,2245,0
2019-03-11,241.19835742604775,0.5516189932823181,9.188446029384359,53.445825683667614,13004816.572345238,4545,0
2019-03-12,181.85163708645462,0.5516189932823181,3.454882038826775,27.705296905089646,8102870.870787098,3425,0
2019-03-13,196.3913765824693,0.5516189932823181,7.8753746867754035,19.97321971512018,12745988.223387409,3692,0
2019-03-14,192.7989198231343,0.08192799985408783,6.171562989419037,19.59264827910093,10435351.943062479,3623,0
2019-03-15,202.62508436176367,0.0,6.9025521861168935,33.748490718217376,12761054.596996142,3809,0
2019-03-16,210.80777396686452,0.0,8.441113131740948,36.138551514654914,11605165.314034652,3964,0
2019-03-17,148.05820992598962,0.0,6.4631534791185805,19.087640969955494,7954958.637016402,2786,0
2019-03-18,144.66619433427127,0.0,7.582041533893493,17.05895768903408,8225155.922044594,2722,0
2019-03-19,109.67279910393205,0.09529200196266174,3.813405102091583,10.942623886965213,4955237.255244763,2064,0
2019-03-20,171.0238869643591,0.09529200196266174,9.792333164222832,26.893827283802153,10259453.524290971,3213,0
2019-03-21,158.07845128747059,8.797444850206375,6.7510585105447705,26.709515224174613,7930324.299854252,2971,2
2019-03-22,202.45088843435997,0.5368890166282654,7.397491185151221,29.14033973747409,12354270.569457736,3803,1
2019-03-23,146.9483538166497,0.0,4.208782063740512,12.365537166317733,7758325.817249849,2758,0
2019-03-24,121.34204613544799,0.0,3.240091245513543,10.645955017248282,6667449.523029781,2281,0
2019-03-25,123.07595982970508,0.0,4.08919908676913,11.758224819421718,6708527.4244144345,2314,0
2019-03-26,65.22471288396554,0.0,1.16288922581526,4.038128352517838,3800071.681953493,1229,0
2019-03-27,37.688338081897875,0.0,0.9526856107711776,1.7515919556527935,2664088.0217868867,711,0
2019-03-28,10.480119093652823,0.0,0.2110785805914442,0.9563802587663314,601550.6830907316,198,0
2019-03-29,49.847073251754026,0.0,1.166269249057886,8.519570659376715,3694276.240539975,937,0
2019-03-30,85.45088228931932,0.0,2.4438771781726505,10.176092740194065,3478505.3525669957,1603,0
2019-03-31,180.81390020493683,0.0,6.115133670603929,22.220085994477262,9672651.533546574,3394,0
2019-04-01,197.43622165108985,0.0,6.332293905279558,25.09575579743312,8476270.580559213,3706,0
2019-04-02,139.71850615298135,0.0,3.290003733452628,13.2059001918193,5893821.250444297,2623,0
2019-04-03,163.09004185903584,0.0,5.746453611826737,19.49478080994953,7917600.361929667,3061,0
2019-04-04,54.692070432328556,0.0,2.4406570809463024,7.65661863866606,2062833.123624227,1027,0
2019-04-05,149.74905841168064,9.001810073852539,6.291316514620419,35.723705136527805,8736690.550157465,2811,0
2019-04-06,122.78189611027312,31.68875026702881,4.693918045052744,31.525161016084056,5722907.528386359,2307,0
2019-04-07,142.49496129604395,0.0,4.471353551561399,20.446176001065968,7615093.2497265525,2677,0
2019-04-08,129.25160108803192,0.09529200196266174,2.495275852378185,6.702574566371453,5063010.140496551,2429,0
2019-04-09,100.79078010121783,0.0,2.645212382053968,8.507430689858346,3890789.0318705793,1896,0
2019-04-10,97.69291536936555,0.0,3.38429357558102,8.132033229544573,3534086.645196253,1837,0
2019-04-11,62.367816792510254,0.0,1.6407462656535858,4.7299760595749,2218670.626892286,1174,0
2019-04-12,73.57598291790515,0.0,1.9058872194895846,6.814024192905971,3873412.3641937105,1383,0
2019-04-13,37.49432913572393,0.0,1.276525675944431,3.621849213985331,2073167.6543186633,704,0
2019-04-14,63.83989728288446,0.0,2.868900744887519,11.040699580658545,3425313.4218744067,1198,0
2019-04-15,88.30818068538967,0.0,1.6932385179915261,4.894754382475738,3795898.1446730574,1658,0
2019-04-16,123.68574648127185,0.0,3.59787522093888,11.067179180445711,6685949.721036081,2325,0
2019-04-17,147.84857970923505,1.3861570358276367,5.664963474265216,16.80724925960449,7118194.115207709,2780,0
2019-04-18,150.15943555213107,1.3861570358276367,6.564016958432548,18.83409085199806,7212535.0847806,2824,0
2019-04-19,189.70411067314095,0.0,8.64968693572907,31.41703902427405,10450221.935925951,3565,0
2019-04-20,115.19036430097663,46.52099388837814,5.732477872916682,22.448927430486698,5592078.883976462,2167,0
2019-04-21,174.80161414036604,46.11147083342075,8.508481856947535,30.089759260178703,11876853.076879157,3284,0
2019-04-22,73.30662982188561,0.0,1.2192535628898131,4.892285991944252,4707123.198092456,1379,0
2019-04-23,79.74576673942273,0.0,1.3757439018259439,3.08274251388414,6109167.992441032,1501,0
2019-04-24,18.079092512364333,0.0,0.0,0.4267009644236006,1175806.6963980147,340,0
2019-04-25,38.521742607658716,0.0,0.37129079592673775,2.0205985663016954,3174398.7448758925,727,0
2019-04-26,74.32920455572913,0.0,1.218674789965906,6.369654153743974,5040536.5176104065,1401,0
2019-04-27,73.72327195845602,0.0,2.1734633068004614,7.707989480232839,4729307.56512963,1390,0
2019-04-28,110.77973110351071,0.0,4.313321649755909,10.474979024365537,5631317.631076659,2082,0
2019-04-29,63.77796574114564,0.0,1.5465002691092868,6.811233896391367,2280487.6588509646,1196,0
2019-04-30,102.43468752365231,0.0,2.556333208696029,13.847021526755118,4187720.0439747632,1920,0
2019-05-01,45.759450472989435,0.0,2.1225267679173805,6.113443027035218,1785915.7547491586,859,0
2019-05-02,136.3478890793285,0.0,3.551485041429174,15.804379638940583,6829607.683923073,2561,0
2019-05-03,191.9985122437139,0.0,5.898560097376795,19.840580438394003,8872529.219801577,3605,0
2019-05-04,181.75218824997947,0.0,6.159713996901154,19.528588890803846,9182492.424544074,3414,0
2019-05-05,191.64610798501627,30.960877418518066,7.549094375936499,21.498752100676377,10692342.099232968,3601,2
2019-05-06,91.97805930300088,0.0,3.606396632213499,9.506843495394893,5450371.215468582,1731,0
2019-05-07,128.7759153982145,0.0,4.189721317948025,16.768722095976955,6549627.972806913,2419,0
2019-05-08,49.41260325113433,0.0,1.3759446969603712,4.465827446442758,2359822.860589793,930,0
2019-05-09,97.8929758950495,0.0,1.2182459689287797,11.35090231748693,3721588.6508921287,1837,0
2019-05-10,116.52613796257185,0.0,0.848670986992301,9.837731191037507,4586385.195237471,2189,0
2019-05-11,167.00350028446528,0.0,3.9850328238910766,26.266280357005535,8057717.171303136,3135,0
2019-05-12,167.61842963926003,0.0,5.316974496119635,24.72193538434906,9462189.81059309,3147,0
2019-05-13,83.5526130151318,0.0,1.7028878287470341,11.093187470455891,4231914.164436496,1569,0
2019-05-14,97.18624071000065,0.0,2.1360597246993454,11.528719098350086,3855511.417859331,1821,0
2019-05-15,50.52685827189246,0.43485400080680847,0.10632282486548392,2.0204459323336477,1187003.856312434,947,0
2019-05-16,83.88491776167594,0.0,1.4369225400185577,6.60410820338756,4001963.842013082,1574,0
2019-05-17,80.8352718974442,0.0,0.5853208778602769,5.213714458574492,3331281.5765798776,1517,0
2019-05-18,131.86411562192825,0.0,3.0298771227307024,17.5889531718673,7066796.540577991,2476,0
2019-05-19,150.69014853480408,0.0,2.7651280417893633,19.50492637606462,7490457.206359568,2830,0
2019-05-20,89.60066455176596,0.0,1.5409216060383204,13.64858750112694,4404621.830787489,1683,0
2019-05-21,146.43303875733645,0.0,3.4532276684553027,24.029650487270693,6123708.316388588,2751,2
2019-05-22,110.76561062296734,89.57041478157043,1.7506810537064261,9.95804229185666,2808305.9210638492,2079,0
2019-05-23,151.89015642728515,306.4482733011246,4.729597091997581,37.38967663274816,5627735.11706866,2852,0
2019-05-24,30.746725869756965,0.0,0.1587914058264428,2.501593011208149,488872.3362807704,577,0
2019-05-25,77.37908453054949,0.0,1.5924944740624556,25.78138299445107,3089065.249194067,1453,0
2019-05-26,139.50369660124267,13.679402351379395,7.126332026727386,38.10686431247621,7652199.395518177,2621,0
2019-05-27,222.4821042709074,0.0,11.416571125829751,60.71086122808984,11657167.084697776,4178,0
2019-05-28,223.09413208390063,0.0,8.980668610906497,48.909017320689145,12090346.419104112,4188,0
2019-05-29,132.49380942583045,0.0,2.54194465372108,16.415079421225908,6366698.2577667665,2487,0
2019-05-30,194.93768338843847,1.0032659769058228,6.650994341937157,29.31810377083145,11299345.163630694,3658,0
2019-05-31,120.39924989554737,0.0,1.117463743884069,9.67399131085851,5229224.215562419,2260,0
2019-06-01,142.81668577145612,0.0,1.3865810065512867,14.699669019363906,7551982.985681188,2678,0
2019-06-02,106.81895799240135,0.0,1.1199389847485866,15.085542255530651,4369613.866619742,2004,0
2019-06-03,97.08144084970509,0.5652049779891968,1.6512347556007732,31.017790296793184,5421689.9051313,1826,0
2019-06-04,72.14333175871255,1.282518059015274,3.253622912771605,19.725115125184413,4521045.662438768,1359,0
2019-06-05,44.954815152173296,0.0,2.010901301978179,11.984092391174196,4577611.941380984,846,0
2019-06-06,144.12989658415884,0.0,3.2954022591765777,20.44546145880275,8701303.920344422,2706,0
2019-06-07,91.71501954377305,0.0,1.6944369315373922,12.660383127594322,6402444.8656626325,1724,0
2019-06-08,166.9181803351829,25.67359884828329,1.4841987953064508,63.068220224338134,8251117.568792936,3139,0
2019-06-09,56.2705175812862,1.1318469941616058,0.2642247046399214,39.83167334569639,2063036.2856300804,1061,0
2019-06-10,42.60345686411096,0.0,0.8477049907444572,10.276317565527815,1740185.2530515965,799,0
2019-06-11,14.642351233097155,0.0,0.3698355244855878,2.9660616865706935,207457.43424002282,275,0
2019-06-12,85.88234772829605,11.944051928818226,4.282434907025785,15.074430951363277,4398666.361676133,1617,0
2019-06-13,165.45610687608342,14.680594988167286,8.301270121829617,27.649467455664816,9304457.089782072,3113,0
2019-06-14,113.84634890631457,8.760753959417343,5.183673944576467,10.67783154466954,4144561.6570600136,2138,0
2019-06-15,151.25821801998984,0.4340740144252777,5.397465265348796,22.891802058735127,7251330.179811138,2837,0
2019-06-16,101.94657427542305,33.58945696800947,2.9562611201455207,46.74811254223658,7558750.60726947,1922,0
2019-06-17,115.54968770696878,0.0,3.384572833393666,18.978056850689814,4366744.577060209,2167,0
2019-06-18,138.31282546314245,5.201648056507111,3.485814491441508,33.04337229009406,5207846.948238531,2599,0
2019-06-19,154.50569793751365,0.0,5.075129728202354,25.432064115616544,5722501.2892292105,2898,0
2019-06-20,191.8037769796219,0.9181399941444397,8.957625815061654,38.45858235792669,8742154.381750861,3599,0
2019-06-21,145.38350785657644,0.9181399941444397,6.233839985646204,14.355755508928613,7271528.109301268,2731,0
2019-06-22,133.9656785261696,0.11333700269460678,8.356414298860235,17.52918663683973,6099516.328772132,2518,0
2019-06-23,76.91633393959873,0.11333700269460678,3.5936628731441846,5.246354948027953,2522534.118983331,1446,0
2019-06-24,70.11812543426947,0.11333700269460678,4.75592308197583,6.778916397117696,3288397.100584302,1319,0
2019-06-25,43.780871831803246,0.09529200196266174,0.31806812847504684,11.346779230616827,1519738.2933982832,825,0
2019-06-26,111.68280293726588,0.09529200196266174,11.569420049329745,11.236137237531574,6226386.501453608,2101,0
2019-06-27,149.2004695132681,0.09529200196266174,1.7463256354362902,43.44623698691694,5263134.138214456,2805,0
2019-06-28,134.36527086826015,0.0,10.579224074316777,12.121082637584594,7139613.993077579,2525,0
2019-06-29,155.68775767834256,0.0,5.764397244509091,16.33483533576166,7701077.105635919,2920,0
2019-06-30,102.08868976772057,0.0,2.4510848276759725,8.059180283757494,3858797.604981503,1916,0
2019-07-01,149.7882575840027,0.0,6.124110410295078,13.561380738117476,7051477.0772259375,2806,0
2019-07-02,73.28079493583691,0.0,0.5813456418099625,3.0851826931234196,1297600.377802541,1373,0
2019-07-03,124.73726167716035,0.0,2.552713381781986,9.441765106007958,4757771.1774259405,2336,0
2019-07-04,126.94750924011247,0.0,1.7620542118297464,5.927474564061498,4131059.248831962,2378,0
2019-07-05,179.4775008347403,0.0,13.122704772172646,13.8786595057785,6900651.34944458,3367,0
2019-07-06,213.19462007658504,0.09681600332260132,16.31193532890216,20.570082204460338,8316685.594053988,4003,0
2019-07-07,132.00171079796542,0.09681600332260132,10.20555853006678,11.15117699601066,4554880.648611024,2480,0
2019-07-08,155.83364587714854,0.09681600332260132,7.4927013133169655,21.87846264456079,6365388.700449454,2925,0
2019-07-09,66.6051996294357,0.0,1.1142808316884867,4.947896998280756,1741804.1111959363,1251,0
2019-07-10,91.06439708742262,0.0,4.555970379262909,7.242769637070275,3223986.1543992287,1709,0
2019-07-11,42.95641816043787,0.0,1.3241722488745369,2.081255505807081,1211187.1207467054,805,0
2019-07-12,81.9857912146382,0.0,10.834471877695476,9.230522989167948,2962187.140160301,1538,0
2019-07-13,57.08929827473699,0.0,9.194102954712672,7.843955415100923,1509450.2390005249,1071,0
2019-07-14,57.64723297943925,0.0,0.2644436526202213,3.458554661078505,1419094.6645328414,1080,0
2019-07-15,138.9500452886726,24.32085746526718,0.3173147926451767,42.3437910324078,4548951.3227108205,2614,0
2019-07-16,85.69988767221744,0.0,0.4243615663678157,4.3655654993551085,2942093.2440926298,1607,0
2019-07-17,166.2136602180676,0.0,8.32407724041198,17.986203764416736,9961598.014937332,3117,0
2019-07-18,82.58277716281421,0.0,0.6409494397539076,4.511064823472359,2129256.147471897,1547,0
2019-07-19,135.70641518860336,0.0,7.683823010312457,10.605393858414997,6760419.273216798,2543,0
2019-07-20,97.9298009471244,0.0,3.6083171976410324,7.832679157542702,3767568.9354886105,1835,0
2019-07-21,131.29948774357032,0.0,11.473835612448948,13.178607722030103,5893854.426082585,2463,0
2019-07-22,78.05329950333687,0.0,0.16021815128658698,3.7383078770716276,2071424.0075293812,1462,0
2019-07-23,41.86579989495034,0.0,0.0,1.6023214925712255,802411.0647290387,784,0
2019-07-24,7.619165096871369,0.0,0.0,0.2135644212822914,150162.9422902028,143,0
2019-07-25,13.225861865229087,0.0,0.052706311292435186,0.47964588747754217,308677.1360749739,249,0
2019-07-26,21.751949952034952,0.0,0.05340977145464065,1.6512722137077318,967766.5082376034,408,0
2019-07-27,67.50622015866989,0.0,0.37392235650532535,3.3116165318831983,1618150.2392066568,1264,0
2019-07-28,75.52156203555799,0.0,0.4273454489637764,3.9528325940555935,1767544.0014767798,1414,0
2019-07-29,33.59780477741531,0.0,0.2671130245031502,1.388745032383603,896398.0797603657,629,0
2019-07-30,0.2131111743172909,0.0,0.0,0.0,0.0,4,0
2019-07-31,16.54679903104257,0.0,0.7924805247487867,1.0125114355808353,627208.329165692,310,0
2019-08-01,8.921793877699642,0.0,3.7494048855547906,0.9507719883528293,730459.9035786494,168,0
2019-08-02,66.11484676491695,0.0,4.753712755328777,4.4741731364346995,4172541.965098452,1241,0
2019-08-03,61.60688541203523,0.0,2.3789527120787124,2.606985518144326,3431486.03813177,1156,0
2019-08-04,137.47447043424162,0.0,5.43753915636475,12.916773009367404,6880165.512120369,2575,0
2019-08-05,105.32604240753724,0.0,2.777667402627239,7.691068314826123,4327941.789126628,1972,0
2019-08-06,174.2796363329995,0.0,0.7477635577071509,10.302387729184797,5261228.035101644,3264,0
2019-08-07,209.74766468700895,2.2608180046081543,1.9155537767032893,21.005983514838682,7606698.1560382005,3932,0
2019-08-08,158.0698252161648,0.0,3.0281714591215514,17.98408016104616,5839532.863478861,2964,0
2019-08-09,132.90783592366134,0.0,2.5544588018084244,17.088923676035172,5349647.438758491,2491,0
2019-08-10,32.64725975527436,0.0,0.9605268341153534,4.584858652292724,1164534.3788656425,612,0
2019-08-11,37.3919795542005,0.0,1.4943769761105237,6.877383385174164,1531776.1725096314,701,0
2019-08-12,14.07978139178278,0.0,0.0,0.47752506321840094,74318.61611639625,264,0
2019-08-13,51.46161723666282,0.0,0.3737249045447967,2.6118280897767296,1722702.3246343776,964,0
2019-08-14,119.34067045444085,7.4185261726379395,0.6943630292382148,9.402432753884442,3722383.7995482422,2236,0
2019-08-15,108.79225236102258,0.0,0.4272878062150261,8.42502301912193,3992969.5705027166,2038,0
2019-08-16,96.95780510727997,6.6351799964904785,0.846160856058526,9.775719671683653,4185509.3906375454,1821,0
2019-08-17,43.565946921155664,0.0,0.632488808105999,1.5421935839020604,969897.362318582,818,0
2019-08-18,54.49600117863711,0.0,0.10617645801339946,2.127127869295259,1759791.3756227116,1021,0
2019-08-19,37.49738949850075,0.0,0.10684427962298404,3.1260620532055943,811974.7892150327,703,0
2019-08-20,93.08566901382765,0.0,2.487817858225965,4.425273925455118,3461123.2758084056,1744,0
2019-08-21,72.91357687826488,0.0,0.9000400821530489,3.889055127095082,2088997.4453731924,1366,0
2019-08-22,62.41556046885801,0.0,3.1722213644491433,5.105923892474755,1482757.0379727946,1170,0
2019-08-23,73.90390763568365,0.0,10.409317823885013,8.909399381969068,2909733.4700122266,1388,0
2019-08-24,94.74555887712525,0.0,13.635642626539179,11.451158281982565,5590913.411146477,1781,0
2019-08-25,126.83045004764334,0.0,8.829505426165767,12.80388918655933,8899049.714762347,2383,0
2019-08-26,69.78386930354287,0.0,4.28267402249257,6.950074457502601,4995700.802393289,1311,0
2019-08-27,108.51409586804957,0.0,5.078606703000147,12.599327935086182,7680644.0947735375,2037,0
2019-08-28,39.18693135648134,0.09529200196266174,0.2668169396035131,3.0411069737213423,1222322.1324348403,734,0
2019-08-29,97.73986632837229,0.09529200196266174,0.7471700368394527,7.309925981469674,3882829.218118617,1831,0
2019-08-30,137.7277619611079,6.6405889093875885,5.3960912207733704,27.977634800702138,7558779.353587363,2589,0
2019-08-31,158.59556032980484,0.0,20.715876102039505,20.495800358721375,9995174.363734802,2984,0
2019-09-01,156.30784212745863,0.0,31.284162817974106,24.34775756168441,10696006.985953785,2943,0
2019-09-02,96.87581022743949,0.0,19.1809794998551,13.920126654173691,2385209.1385735837,1821,0
2019-09-03,72.62423112255867,0.0,18.282010544905216,13.120737900043398,1850405.8653969155,1365,0
2019-09-04,58.25856423176118,0.0,0.16006878158003257,1.8674784784767564,911993.1535555415,1092,0
2019-09-05,87.44563052579409,0.0,18.18137969047671,15.944258876219223,4080148.922603429,1643,0
2019-09-06,69.83472708532928,0.0,1.166365578244772,4.260979789029983,2057029.0913402042,1309,0
2019-09-07,90.56094438585801,0.0,0.10682452939337006,4.747725860088875,2789909.9592496553,1697,0
2019-09-08,58.329930106646984,0.0,0.21175929216738065,5.263337053684008,1563082.1497879236,1093,0
2019-09-09,39.255894978366946,0.0,0.0,2.349107871931149,529166.6916635048,735,0
2019-09-10,30.499860393318706,0.0,0.36992455536198965,3.1853478480506667,651353.1208837255,572,0
2019-09-11,12.898574389136959,0.0,0.4227907611348514,1.0619585256632627,224143.68090223646,242,0
2019-09-12,14.93613398578039,0.0,0.369924841507,2.128624958540658,724017.74422431,280,0
2019-09-13,28.83793180091791,12.095991998910904,0.0,6.081491090557663,1717953.0677188651,543,0
2019-09-14,64.63129229375116,0.0,0.10684586897998923,4.2683015181571315,2536425.095826041,1211,0
2019-09-15,193.53882909225968,39.07925599440932,6.451552342165894,40.04098096062331,13487088.368974833,3642,0
2019-09-16,139.44352396132817,0.0,5.552337359011751,10.698270208018197,6947472.565542048,2617,0
2019-09-17,137.08380576655355,0.0,2.116429917037704,9.16682889771284,5425788.030649478,2570,1
2019-09-18,93.21886516576473,0.0,1.9558965776561932,5.910167055028741,2807054.4479205,1749,0
2019-09-19,129.66693680062636,1.2624419927597046,6.44979094348113,12.746376546944514,5395296.57415839,2435,0
2019-09-20,49.29458656682911,1.3577339947223663,2.6438576899319743,5.988662876368496,1839964.7208580566,927,0
2019-09-21,51.261630464384865,0.09529200196266174,2.326301026130049,3.34617949856425,2161983.137486996,961,0
2019-09-22,57.34550443072015,0.0,0.10680463435964525,2.0286986939969265,1791479.0481251641,1074,0
2019-09-23,125.76952347811869,0.0,0.3199936135736897,6.348075147051905,3971926.8099632557,2356,0
2019-09-24,233.15126848239126,19.248468913137913,3.0676607327512104,50.83595557102213,12823744.601392085,4384,0
2019-09-25,114.63351087720031,0.0,5.971554172727048,25.543635043023116,6431974.021740662,2156,0
2019-09-26,104.0937537523496,0.0,11.519436964000606,30.450581263136808,6032988.83192832,1961,0
2019-09-27,16.40296409119745,0.0,4.387186382971635,9.881162855283158,1470397.1769673852,310,0
2019-09-28,32.81992921478519,0.0,5.284939885994078,7.567487484678855,2273808.5679327445,618,0
2019-09-29,59.71399461826762,15.480965845286846,3.591161282726302,24.12393788464684,4320747.60385989,1125,0
2019-09-30,89.01729975287816,0.0,0.47661415182112177,9.215968040566223,4017363.484649381,1671,0
2019-10-01,91.41412059328503,11.478598326444626,2.1161641357395045,25.684801042020183,4552931.0583991995,1720,0
2019-10-02,87.24321302336236,2.6531870365142822,2.3782288948716275,15.025827865458936,3999568.7606820236,1640,0
2019-10-03,132.6147907143746,2.6531870365142822,2.4334554187974047,21.961532419221058,7416186.157889492,2493,0
2019-10-04,68.45691131864417,0.0,8.032602372636518,6.887847452682793,4815535.278838613,1287,0
2019-10-05,65.09215160592042,0.0,9.510848969592647,8.847168478899931,3840249.3920713235,1225,0
2019-10-06,10.898223036066547,0.0,5.970512691347101,3.912593818984952,616539.9914834886,206,0
2019-10-07,55.76731218078457,0.0,20.232709915938194,14.594271385101207,3498325.67305716,1055,0
2019-10-08,32.35819255790484,7.314372897148132,6.394256292144207,6.242440524312046,2090636.537975076,610,0
2019-10-09,134.73503037594787,0.0,27.581753983795686,21.171221877108405,8030561.378245005,2538,0
2019-10-10,111.58310060354506,7.030651852488518,21.03384463808517,20.003823867945627,6650075.205306212,2101,0
2019-10-11,147.34473540558048,34.749372601509094,24.626681188758482,53.495320600323616,11587102.666882679,2783,0
2019-10-12,134.4201159594313,39.6285786293447,25.213560694995817,53.979701943963164,12730466.989373634,2541,0
2019-10-13,68.59470178904789,13.749500971287489,17.7602232661952,24.005123291322278,6531537.593032643,1296,0
2019-10-14,99.65813719861774,1.319627046585083,27.434254796717937,26.09895283331041,10033553.707713991,1881,0
2019-10-15,170.5650470187784,141.58223927021027,17.17468410098543,78.15576045700621,14210562.257285083,3226,0
2019-10-16,151.90291789385205,53.06789043545723,38.37540968460456,44.47184341345682,15851615.080868952,2869,0
2019-10-17,192.7105856381646,29.8021502494812,29.01753785194484,49.15201653347208,15977665.166504767,3636,0
2019-10-18,134.49072761510996,0.0,30.28902934865027,28.470799196701744,12676311.310464974,2537,0
2019-10-19,162.44494155245278,141.99098660424352,21.559705212018578,63.89432864853675,14190365.35693491,3069,0
2019-10-20,77.47151734824014,59.850904725492,4.386265508194878,28.248209885585915,7730200.953500283,1464,0
2019-10-21,142.9816464241685,172.42204444855452,22.143947952398626,53.331299814783726,11494550.349923743,2700,0
2019-10-22,70.42442179958687,28.03023938089609,7.137454583168051,17.777589651549487,5933000.208942806,1328,0
2019-10-23,145.55393369977114,30.683426417410374,39.64243427880804,43.86014561029738,15462762.083203547,2748,0
2019-10-24,213.03666049498617,116.23640643060207,29.96848402514504,80.9449741908077,17583391.80342078,4022,0
2019-10-25,223.0714899236763,21.24877279996872,48.898838276397136,61.84185512235774,20884501.583618343,4209,0
2019-10-26,702.591248395346,1258.337970342487,62.9571511008449,335.15778265217097,57229644.3812592,13297,2
2019-10-27,185.09119054480712,18.595585763454437,43.610871527454265,44.40570538658191,18697960.956293304,3493,0
2019-10-28,458.153020713359,849.1791891250759,53.056788990666924,217.28289237678777,40754707.61854541,8663,0
2019-10-29,294.5696474675062,561.0489617474377,38.21593801091234,156.7703531086577,26892119.003583703,5570,0
2019-10-30,406.2705080339126,803.2806365005672,48.52763150823243,218.38408218465852,35049542.23384213,7680,0
2019-10-31,368.4662995376629,824.8915384709835,30.22164270831209,246.81676369374347,26679970.888034746,6975,0
2019-11-01,435.32923159022744,745.2913024425507,46.1469956408409,221.3325929769044,32471366.421161637,8221,0
2019-11-02,753.2330246433017,1267.0137694068253,39.7314435048131,328.00956951282143,49717384.6052885,14236,0
2019-11-03,586.6758905208978,796.6235873140395,39.84686510416022,299.99307157306094,32854197.3493946,11071,0
2019-11-04,766.905698982572,1425.3062516227365,40.42163843655666,359.4694983333721,51667889.36437112,14494,0
2019-11-05,617.2890319733323,952.0670843757689,36.23225427962418,401.4817070451244,29238187.23100377,11673,0
2019-11-06,433.184481375311,1056.6867915913463,36.3564037305362,219.20929287204427,34831233.22882581,8184,0
2019-11-07,356.2830323124112,403.7423596121371,21.278443650287873,257.44938744099,16198335.359819142,6744,0
2019-11-08,217.80528463908345,322.35939801484346,19.177489532181493,125.45043423366484,13136757.81687518,4114,0
2019-11-09,314.34222897657065,729.2003329358995,17.056269589339077,216.13744818211768,18628963.07031408,5945,0
2019-11-10,391.60297066209733,649.7208037674427,25.103715648669993,196.56596564742944,23894676.28604278,7390,0
2019-11-11,748.8079775881656,1398.2595166787505,35.201151119187344,339.10211216665635,53875439.33651842,14160,0
2019-11-12,331.4527701171246,428.82946848124266,20.87323627641232,209.41417644666194,19038576.679925628,6269,0
2019-11-13,423.4436651437025,920.7685461454093,19.978724780943097,192.97631841746193,31725088.59311218,8007,0
2019-11-14,305.33227719289795,669.3537706658244,16.89723864919077,227.8454298031083,18331131.575531036,5784,0
2019-11-15,404.96894795526896,894.2315577380359,25.968320479944353,190.07370655407416,32955791.23773407,7645,0
2019-11-16,423.7919923820827,998.698754992336,16.431001601350275,240.2597727969872,28077500.759701636,8010,0
2019-11-17,405.5499452113056,725.3537407554686,25.865997889842948,173.94119135447406,30193615.918994974,7651,0
2019-11-18,459.2395892265132,1035.1177311241627,18.49694413358083,232.7634637428132,34084412.35387567,8676,0
2019-11-19,413.11057449526913,793.9835274145007,26.427033906780892,226.85579086632694,28004284.419775296,7803,0
2019-11-20,464.83074603974205,947.7092337608337,20.663352345927823,243.5525200966423,31929937.754543487,8783,0
2019-11-21,511.17922985018515,810.6851820349693,28.572774645170657,341.43686994382307,23615790.08388028,9666,0
2019-11-22,384.84421432285563,984.0339090973139,14.27126981805255,223.65158440415127,25531192.204684082,7276,0
2019-11-23,461.0859574517332,1126.3646637126803,20.37024091890611,352.97108043805343,23641617.215877797,8734,0
2019-11-24,229.35404408024175,861.5911379605532,10.870152113609775,183.90208732106933,15439283.602728112,4345,0
2019-11-25,493.6663595250953,1114.6380973160267,19.734046842203792,355.04104854845184,29485536.64942061,9353,0
2019-11-26,174.30077047021553,157.02438556402922,11.339520115703474,155.24676094931127,3646343.1563120275,3302,0
2019-11-27,629.8607942884641,1221.8056671209633,21.9110520660699,382.1736425111288,37374763.833833486,11921,0
2019-11-28,490.4135193406214,792.9935358464718,25.04271744309809,297.6849685658762,26512082.70747641,9265,0
2019-11-29,766.5143597221269,1322.5159201063216,33.8971861362686,348.8585648939679,48384895.62613141,14468,1
2019-11-30,560.2009377543275,1000.6000329107046,34.23873487054181,341.10273623906244,31916775.35294887,10589,0
2019-12-01,559.7589071038974,1197.0662517212331,35.87606074885763,343.19821827695665,35898643.26117519,10588,1
2019-12-02,607.5491188391601,1207.776969447732,28.768556022899997,409.1599543591188,32693494.321205284,11496,0
2019-12-03,539.8417629960106,1055.5029626339674,38.92970772167512,344.46965161208897,33289075.989310257,10212,0
2019-12-04,897.2614169599913,1346.325701650232,33.46418218817261,463.57754686724167,50425388.72236807,16977,0
2019-12-05,559.2954073113905,884.0882597640157,36.70043226488913,361.2043936162787,28377904.05800228,10578,0
2019-12-06,934.7418178217995,1289.57207101956,35.430256895432414,436.5705797528933,52068912.52549869,17677,0
2019-12-07,640.713796689379,976.8206476308405,36.003010989673015,398.89072589793324,30677639.077672973,12114,0
2019-12-08,686.7314229897369,1110.3916296847165,33.864091160719425,348.6005356091549,43440717.67811404,12975,0
2019-12-09,648.891460125768,1026.291405171156,29.03246989152086,388.6467398958484,30775500.20213992,12269,0
2019-12-10,456.742748717482,817.9268258288503,25.991745258309,275.35868156312256,29405589.177174665,8635,0
2019-12-11,618.8894667631762,999.4902572371066,20.41591246350634,381.02414143718113,30374374.503825076,11717,0
2019-12-12,462.23349615468925,483.3888340741396,24.45350176038326,264.1087110347796,24581122.027967446,8730,0
2019-12-13,837.025194672328,1095.6830614432693,25.520811942144036,377.6908682391585,49960062.092394054,15813,0
2019-12-14,529.429681672873,596.3925269469619,28.900265948375377,287.67701447452737,26532045.529094875,9995,0
2019-12-15,623.1684583014683,921.742333997041,27.819616570166,295.398258106874,41430770.20525481,11766,0
2019-12-16,478.57205702738196,744.3590877205133,28.162839066453905,310.46287682369484,25874549.481890205,9051,0
2019-12-17,568.7947908719577,825.5340913683176,31.342595245215925,288.24447694870486,37146269.28085731,10739,0
2019-12-18,562.0279685336845,879.8425088301301,23.82146207024099,318.5700767378708,30446345.79279205,10622,0
2019-12-19,603.0969607102761,739.9935913085938,27.33041068046265,257.50002618693446,36250000.787473716,11370,0
2019-12-20,828.7688034159535,1047.8404446616769,22.148844800912876,327.84011863250964,45558432.34924813,15643,0
2019-12-21,576.3938781760182,712.5699563026428,25.956651245956113,261.54214690024634,32516461.09696824,10868,0
2019-12-22,872.8409227305491,1062.5123677700758,25.377118307045627,350.8580745538205,47448465.20541798,16476,0
2019-12-23,620.6383616766078,822.1444092690945,29.20664648802762,331.791731413332,30162009.983990595,11717,0
2019-12-24,720.2449776727406,958.0815137177706,29.805944978659586,328.6368853654176,42399813.13407836,13596,1
2019-12-25,615.5342334841789,930.7781047560275,23.389744468423817,340.41935994987426,30576819.655650675,11632,0
2019-12-26,572.0908228996005,865.7778501734138,28.36389988214426,302.73787799026974,35554162.5082062,10809,0
2019-12-27,736.6170544374432,970.1468795202672,19.267396721454087,335.1039526135014,38615604.71387139,13922,0
2019-12-28,572.6402156480368,606.3825294971466,24.460818584259634,238.90874441581303,30083505.277565893,10801,0
2019-12-29,946.7384983954937,894.3787784874439,19.595832044888475,315.38534256195203,44012587.42090927,17858,0
2019-12-30,706.4214868832686,687.0946057066321,20.074884778730706,285.0942702347389,29523112.742818728,13313,0
2019-12-31,840.0861734523086,914.0271692797542,23.57518232170773,346.105487310868,45093086.490005344,15845,0
2020-01-01,796.0840988195628,832.4806726202369,25.658398002889786,325.5537723281065,36105753.9294774,15010,0
2020-01-02,977.0136659871926,974.2865026108921,40.74504783518595,526.8196946813719,53142228.919706926,18439,0
2020-01-03,591.4694032723631,813.8479044623673,15.083543113849286,356.971810841977,28772161.209227666,11179,0
2020-01-04,440.23389096562624,366.45067811757326,23.1611709033118,149.91601414875294,28511950.981318675,8286,0
2020-01-05,638.9663863227448,543.4631829932332,16.672187924360834,224.73932445925146,38639052.51956462,12064,0
2020-01-06,664.9627234875035,524.5977564975619,25.467874753602405,368.61375452750656,33506290.54294434,12558,0
2020-01-07,1166.1012135868837,1041.4038913026452,22.939097535122457,687.2875509645999,47223377.44911445,22041,1
2020-01-08,693.1635000688988,547.6024298705161,17.71326942026411,416.4710804420842,26254414.59640244,13096,0
2020-01-09,1321.5605220942064,1245.7192613072693,32.99548075388736,906.4530826794314,52941723.56831496,24983,1
2020-01-10,1180.3436408604007,1316.7522897310555,19.003705527891984,803.0300728992187,42271136.6343263,22325,1
2020-01-11,1851.673174180701,1959.8085593022406,33.716858569929,1349.6087684331858,67433628.07696943,35026,1
2020-01-12,2028.0119411905275,1863.7305712141097,19.768060788109416,1391.9189258613796,65964573.187305495,38374,1
2020-01-13,1485.1925310820961,1236.5926553532481,24.031227480161668,1069.4190065983098,48274576.75782531,28099,1
2020-01-14,2271.6437131066336,1758.3136590495706,23.00223977462423,1519.1033076710974,71876166.7319583,42974,3
2020-01-15,1457.1442224191376,666.1541705839336,18.246679541629653,955.8331166836315,40764317.96272054,27542,0
2020-01-16,2620.9574389523577,2190.2730715833604,29.80723573851427,1806.061794725297,85555513.39640352,49570,1
2020-01-17,1845.6930368509422,920.1687801294029,18.778458813706486,1397.7431652140854,55272898.53814385,34934,0
2020-01-18,2275.008551605701,1773.5818832665682,27.452281713656348,1749.8846767205366,75511375.13104442,43058,1
2020-01-19,1871.0714123192618,1026.1169476136565,14.092830482119398,1453.773467275514,58744605.026223056,35427,0
2020-01-20,1921.930379052322,963.0216075778008,25.39789006904398,1427.5200007724193,62427122.37911674,36367,0
2020-01-21,2317.1649316899816,959.6334469020367,16.497239698064202,1652.7853590926647,71253400.28493966,43860,1
2020-01-22,1655.1026248690775,604.0112677812576,20.56073818673213,1237.7952379533508,51544057.67779686,31318,0
2020-01-23,2534.252577344167,1524.6633173674345,19.35699238235567,1838.0501791152867,77632256.07492234,47973,2
2020-01-24,1391.3373794672175,549.7508482150733,10.581683519722409,1119.0682848083363,41966244.45676224,26353,0
2020-01-25,2166.5062502180517,1361.4516721144319,11.025455595412131,1767.9242208362514,64084292.6109178,41043,1
2020-01-26,1297.4685803856892,555.112731244415,2.9569957729772733,1034.5614351991899,35948063.86210692,24575,0
2020-01-27,1751.293838694184,939.7375433519483,5.6997728632637035,1527.2150564865062,44973883.747007735,33201,1
2020-01-28,1943.8950330821467,823.7113574743271,4.167443669484517,1542.5700103847082,49698968.285670936,36830,1
2020-01-29,1396.6022517060362,518.8906105086207,6.226491154365004,1118.0271326658544,35075418.14245025,26460,1
2020-01-30,1429.3463894705963,453.1961111649871,8.505616353665507,1041.989248963362,42017424.78245864,27080,1
2020-01-31,519.5039412382907,165.4148682653904,8.570606076425412,322.4229054397451,19518948.9909877,9820,0
2020-02-01,776.5954855225411,293.09007446467876,7.413495361491951,528.7833947987185,26766483.10283517,14689,0
2020-02-02,1139.0823702139257,309.0115702934563,4.440029416524374,896.5600516445055,29170172.2829705,21564,0
2020-02-03,2080.6131999909812,369.24079475551844,6.772869454849694,1675.7437505371468,53990949.28789905,39427,0
2020-02-04,2252.3549388938754,487.59016413241625,5.338586669808703,1759.4593108960566,56160432.84514334,42671,0
2020-02-05,2244.77348407321,658.9339745491743,11.546426008711444,1830.2149942559643,58816134.19759229,42527,1
2020-02-06,2391.018230908263,769.3341439515352,10.081086496819111,1867.5532562640442,66546629.03149131,45298,1
2020-02-07,1539.1775417066635,502.3188336715102,12.770240949479133,1138.1139460787422,46715249.68814137,29127,1
2020-02-08,2402.927218768043,706.4126217141747,16.163280280964813,1751.1031983057853,72098438.55983399,45504,3
2020-02-09,742.5064568361942,171.750947996974,13.618146810811027,386.1138861148403,28604127.006693,14017,0
2020-02-10,2086.3823018729786,486.2601238936186,24.268433489172672,1611.0212263833812,62198321.698082425,39490,1
2020-02-11,1211.7415161081226,149.40363154560328,10.933314582396141,897.5581574387032,35207941.02221428,22927,0
2020-02-12,1590.3113178131705,203.49764930456877,14.426038670589243,1185.6159251973088,50215570.22840088,30087,0
2020-02-13,1485.6644799754642,200.35098234564066,7.035262382543053,1125.320890991545,39371191.97807931,28128,0
2020-02-14,1548.9140760902349,222.89006175845861,8.89181866393643,1242.855896380879,42357868.54070088,29328,0
2020-02-15,1649.5006324589394,296.7417124211788,6.741535879894542,1217.9388505412123,50716695.97555607,31236,0
2020-02-16,900.2120862263084,189.3751656189561,8.961613971524432,621.9766989083367,32233459.59362291,17034,0
2020-02-17,1660.8694740246294,291.7097967416048,14.525121380638085,1212.629306948388,53018196.43514108,31441,2
2020-02-18,859.2754076593158,130.10240494459867,9.492948168147933,596.0176800642608,29337625.918732405,16264,0
2020-02-19,1380.9430709267863,151.88545247912407,18.10637873282623,1004.8934217701618,44189091.278000444,26131,1
2020-02-20,753.4260938398899,172.4710578173399,7.071247635495413,495.1723445409514,28045047.593541656,14252,0
2020-02-21,978.2671806810191,110.06402533501387,11.195979590758366,666.6078389332946,34169022.33652506,18498,0
2020-02-22,1268.7997244591827,133.45826867967844,7.117551670909607,907.2946940370321,39692872.70392368,24017,0
2020-02-23,1084.1624831812267,86.75495088845491,8.957862062322274,811.7612807537907,31725990.784443866,20519,0
2020-02-24,1198.1539291501701,124.66115669161081,8.269837782299483,922.7111516125641,34636246.55109752,22687,0
2020-02-25,369.9867610513604,41.69275462627411,7.31298096540375,192.2569261836464,15518254.180671891,6989,0
2020-02-26,615.3952351115614,78.3686103373766,5.933755677774845,408.6987242161588,21453298.988057006,11646,0
2020-02-27,407.59042085817657,80.63988834619522,1.2216122652654813,269.2053851214354,12868709.64736494,7713,0
2020-02-28,670.7178839277317,67.3759367838502,3.8137699553795197,501.9950479219307,23182921.777042013,12702,0
2020-02-29,932.8274436868112,75.83088462799788,3.2401184798821396,667.4501981144148,28182861.81299797,17656,0
2020-03-01,735.0772700701333,24.284933887422085,8.275633273102972,439.1687005725086,26400390.68953487,13886,0
2020-03-02,1082.9365817582811,97.48977021872997,7.374691620625187,759.8479317185667,28570665.18822669,20487,1
2020-03-03,219.61562848718447,32.59387646615505,5.8314488113616125,64.44836503166827,10308595.890392754,4142,1
2020-03-04,847.7531513317331,64.64116941392422,4.0827098299881,648.2872898692426,20079482.61850586,16059,0
2020-03-05,614.9552815874258,30.927852027118206,2.384732912747343,474.194075589558,15846936.702504743,11649,0
2020-03-06,1078.8407552311985,61.72677989304066,3.9339931094618428,806.2109165939668,27250369.95459725,20427,0
2020-03-07,1165.2801888502493,70.85905900597572,2.60940717774781,875.0530892135383,28657007.454373293,22060,0
2020-03-08,675.9158818924792,14.713103093206882,2.4467422081969263,438.4070187992381,18806667.857956663,12774,0
2020-03-09,224.85764622333903,12.194641068577766,0.37285984733776834,102.1115514557139,7244491.9854350835,4244,0
2020-03-10,100.39190302170744,0.0,2.2841045384274237,12.690981378367788,4602117.269674861,1890,0
2020-03-11,600.2664403119899,48.24992897361517,3.0817560063384293,496.8804510001133,14471656.780522227,11375,0
2020-03-12,712.6722580539396,48.46314375847578,5.14467381944228,595.470357890335,16945880.13421785,13502,0
2020-03-13,638.081632116511,36.89797579497099,4.090629302607273,474.98233427948105,17354682.67647185,12077,0
2020-03-14,103.80005320374183,0.0,2.3925531820293084,8.355773863088295,5538019.819961734,1953,0
2020-03-15,85.56828066067074,0.0,2.6560573913425682,8.359703824599102,5231781.459458557,1608,0
2020-03-16,68.84308264439044,0.0,1.7037343096881796,11.258724883392377,2058910.42127839,1292,0
2020-03-17,146.06199658712814,0.0,3.032221745354521,45.068412986217915,5097171.923892646,2746,0
2020-03-18,232.24229277695207,6.34095798432827,2.2854144061160344,121.11118095373159,7869354.650493443,4384,0
2020-03-19,178.76779953276105,0.241006001830101,3.710592788353613,76.71993087838435,8366152.844373095,3374,0
2020-03-20,264.01102385782866,13.831928953528404,4.452405223524314,141.33588390697864,10324811.74088373,4988,0
2020-03-21,46.17567673408533,0.0,1.3773274830183981,14.904101788347372,2975464.2484637457,871,0
2020-03-22,85.0588152011524,0.0,2.0223577206868515,26.49236387236231,3050478.0425887476,1600,0
2020-03-23,64.45624827207946,0.0,1.7611094581982898,23.73785420499119,2148184.1013774103,1213,0
2020-03-24,194.5318027069809,0.0,5.007246849400592,72.72845525772411,6897198.630165141,3662,0
2020-03-25,322.6696768545647,4.865936055779457,5.005182848232506,143.24121933488075,11793147.652504675,6083,0
2020-03-26,237.2163164940407,0.7394430041313171,5.615098280649191,76.24361583233487,11704018.921231983,4470,0
2020-03-27,269.4460404824733,38.44893325865269,4.707389584729873,130.36687281032465,11340157.215931896,5093,0
2020-03-28,150.53744890749093,0.7778509855270386,4.97333748271865,27.997954559196955,7924220.926539141,2841,0
2020-03-29,132.44656874075363,0.7778509855270386,2.9672045125665933,22.201922717694604,6939488.21464359,2498,0
2020-03-30,80.06214068674984,0.0,1.5382427457819847,4.032601824319083,3746973.6490248693,1509,0
2020-03-31,103.4308229601904,0.0,3.7691542196998196,9.50623590594062,6197526.19236679,1945,0
2020-04-01,132.1020698149812,0.241006001830101,5.270425749377763,22.345031749567735,5421106.233612882,2483,0
2020-04-02,232.46454596292145,0.241006001830101,9.946983193105204,34.86793766308674,12387362.237112926,4369,0
2020-04-03,235.0583123852758,0.241006001830101,7.774196693275796,35.85541425385709,10353903.230152817,4419,0
2020-04-04,157.0227467853135,0.0,4.6817129879135955,21.092886109914822,6192031.212485688,2950,0
2020-04-05,103.07120328950735,0.0,5.146383861418576,15.160959443690674,3119998.5539681036,1939,0
2020-04-06,65.63167621422116,0.0,3.763296128305737,10.071341189766962,2342585.3585574236,1236,0
2020-04-07,149.0053014110209,0.0,5.194475611116456,19.722460202069158,8163946.220918065,2804,0
2020-04-08,165.1229155715277,0.0,2.9188395856616065,23.377897509031182,8473445.091994291,3105,0
2020-04-09,161.10270676373193,0.0,2.7635497619785907,15.83887160097908,8902929.096160619,3027,0
2020-04-10,99.89022953347906,0.0,0.42483130918686046,7.302948418082339,4223095.021648078,1874,0
2020-04-11,142.92747056871164,0.0,2.7574273575190733,10.268356065235976,7272842.055234483,2686,0
2020-04-12,174.6322064742729,0.0,2.7048847429452176,11.23476458169501,9190403.579669237,3281,0
2020-04-13,123.41286085545856,0.0,1.9612174567452116,7.398529272932475,6263317.891426858,2321,0
2020-04-14,35.44147650383788,0.0,0.31660610735466066,1.970375189756461,2413831.952314613,666,0
2020-04-15,32.46149109996107,0.0,0.10556654541264038,1.0107357206848928,799559.5748089647,610,0
2020-04-16,101.78230002415955,0.0,0.7407937570703618,7.772348796021225,3501772.3618792524,1911,3
2020-04-17,99.52194932132568,0.0,0.425642435092058,6.067401836553109,2968988.7313013338,1868,3
2020-04-18,127.32496249060102,0.0,1.965232991990336,8.364145075847663,4634088.837912067,2390,0
2020-04-19,58.90519313642008,0.0,0.7960929992804565,5.759063704796303,3318378.6923385486,1106,0
2020-04-20,25.843127479946215,0.0,0.47674831303407056,3.626300124351938,2596533.958066558,486,0
2020-04-21,48.19665370360347,0.0,0.6359026477241565,2.2340155682916,3779059.7318925355,908,0
2020-04-22,15.750666537686868,0.0,0.2654528539390994,0.5297346531823184,517028.8031524364,297,0
2020-04-23,74.74319891409405,0.0,2.0069424751028384,8.209089646112831,2954122.8551796437,1410,0
2020-04-24,70.3142821956122,0.09583300352096558,0.7911148671768481,8.720670441199017,1408317.4041319678,1325,0
2020-04-25,86.57746725997097,0.16209399700164795,2.2735138686218614,19.91269522140801,2329658.059617135,1632,0
2020-04-26,137.47931159688048,0.0,1.6002418090396413,14.74852903569388,3781925.8697569105,2582,0
2020-04-27,189.47148247264798,0.0,3.505126245945753,14.752133337618279,5877904.639676917,3557,0
2020-04-28,236.09408378778923,0.0,2.5565450011645003,22.96936801799992,8324150.761131828,4430,0
2020-04-29,220.88261394282594,0.0,3.347326538923335,22.159848163952535,6976572.836826684,4146,0
2020-04-30,178.0692648373377,0.0,1.276345290668435,14.868571485610685,5706372.692445557,3341,0
2020-05-01,59.4224852852762,0.0,0.42500108694881666,2.181749047957847,1610762.3188214556,1116,0
2020-05-02,61.38606299359114,0.0,0.21291020189801732,5.280951406140701,1799921.8897804122,1153,0
2020-05-03,113.75029976976745,0.0,1.172169664525233,9.658291836886999,3444774.964843475,2134,0
2020-05-04,238.44007578132948,0.0,3.5637648345845645,21.482421478250288,9409044.867992453,4473,0
2020-05-05,356.10925405275714,0.0,12.195003783002193,36.24340441706596,14812778.723404791,6682,0
2020-05-06,330.8488801244394,0.0,13.393456267971212,42.64536487003393,13988010.3654389,6211,0
2020-05-07,449.1466623303157,0.0,30.616841254519862,99.9371620676383,23297031.055530384,8430,0
2020-05-08,249.50640092841718,0.0,13.029866918122181,33.21974142639118,10095714.77304801,4683,0
2020-05-09,382.2918873802105,0.0,39.57234699042823,113.69958744004437,21163233.334512673,7173,0
2020-05-10,175.31277046752376,0.0,9.276248192430826,32.295669382012306,7940261.649849924,3291,0
2020-05-11,391.41681143229346,0.0,29.8444419162767,80.76236449244782,19059091.764310017,7345,0
2020-05-12,367.0151107400821,0.0,28.365894620515085,73.9386230464404,16204948.341737796,6888,0
2020-05-13,508.2574191759875,0.0,45.011781400603084,114.08198954359773,22984943.234593585,9540,0
2020-05-14,576.7617985770432,0.0,55.69325391309728,132.83193644806903,27930097.08384154,10823,0
2020-05-15,461.98913767173696,0.0,39.096284877241224,102.35482551193236,19763445.100439567,8671,0
2020-05-16,535.0616185761633,0.0,46.847234513343196,144.1455685514352,25807292.54714839,10039,0
2020-05-17,200.0998636897052,0.0,11.613894538911836,39.32199723843348,6571219.844079149,3755,0
2020-05-18,536.7079815745552,0.4024679958820343,39.52072761309655,173.4072850135897,24000311.777093336,10077,0
2020-05-19,422.138980499984,0.4024679958820343,26.638641192039692,136.61103763851142,16245167.027716411,7925,0
2020-05-20,512.8995313536968,0.0,36.00429324051788,152.04217814738644,23278641.85913097,9628,0
2020-05-21,455.15128915057886,0.0,28.717024797204054,105.91666560172976,20288290.41360249,8538,0
2020-05-22,380.9203739574939,0.0,27.202619642616266,86.48206476365318,15848399.227411248,7145,0
2020-05-23,510.0501505526267,0.0,39.825217264302005,131.6321839932747,26484289.27722416,9571,0
2020-05-24,354.7474026992451,18.623426772654057,28.03844429734474,74.80376662460081,14194389.781546904,6663,0
2020-05-25,587.4009474904822,21.107271797955036,42.070037107581896,138.77640170762783,26966751.96472339,11026,0
2020-05-26,367.99206219788175,46.70430598407984,20.463224506269736,66.29008791430489,13275593.153990759,6904,0
2020-05-27,471.9784887654606,0.0,33.62010029421933,102.88555216207834,20413374.83084692,8851,0
2020-05-28,404.30960730494763,9.735483884811401,14.681089545691112,53.17424740346835,15529259.84124381,7577,0
2020-05-29,340.7583081313222,0.0,18.759140089881196,59.251471952637715,13979425.800387168,6389,0
2020-05-30,429.5660892785174,1.4168930053710938,18.550418731457224,65.9470504692718,22439080.822264515,8059,0
2020-05-31,257.8141641234397,0.0,14.090824012793437,39.02169342413369,12512144.884619396,4840,0
2020-06-01,480.1772247554409,0.0,24.525726440030816,86.1023681381687,26694719.313304987,9007,0
2020-06-02,259.84927279960255,0.0,7.517571821027792,25.759183814768985,11019940.026267566,4875,0
2020-06-03,380.50787598436403,0.0,22.141840120434747,66.98903509488073,20009849.535758644,7142,0
2020-06-04,185.36869457985384,0.0,6.8150526837620875,23.504085081833612,8345026.869925684,3478,0
2020-06-05,264.2634032527446,0.0,16.88015459880976,52.005028194129885,12140568.537472427,4958,0
2020-06-06,260.18843545448357,0.0,13.26639364618106,45.673619122428576,10202846.447216677,4878,0
2020-06-07,222.33204448517498,0.0,13.04787614413898,45.55648223302186,8702878.878903827,4169,0
2020-06-08,186.270633652163,53.99664294719696,5.218177885186282,26.2886396418805,6903884.864296202,3503,1
2020-06-09,30.140521100091963,0.0,0.9050083008473837,3.5161030430749944,469512.5082078044,565,0
2020-06-10,111.31868036475737,0.0,1.6970002039638432,8.729489249162913,5640549.025007582,2092,0
2020-06-11,153.34828967161167,0.0,4.736259526777797,16.005320544467256,4963614.123241094,2876,0
2020-06-12,200.45699568905397,0.0,7.22656786104786,22.289794127800356,7572542.704141908,3762,0
2020-06-13,145.98159456429732,0.0,3.4140703253130416,13.342950025101796,5772963.079260056,2738,0
2020-06-14,197.18603145055036,0.0,3.513263380949465,19.415742852124914,9145839.858636955,3701,0
2020-06-15,289.51169691493544,0.0,5.381673167642309,25.6503700273038,12675855.67936647,5436,0
2020-06-16,258.30325303579804,0.0,7.018126574070547,23.181896208655193,10162890.101954473,4850,0
2020-06-17,371.0727631223452,0.0,15.694763406143403,51.35020004915779,19082098.315039054,6969,0
2020-06-18,246.53322169982326,0.0,10.485628949262859,34.0471386386199,7944752.358696857,4626,0
2020-06-19,406.18614843757445,0.0,20.011252412471947,63.634350350217716,20601261.25516177,7621,0
2020-06-20,202.00284514347132,10.473921775817871,4.575284198698844,21.7340942008879,6569190.302894721,3790,0
2020-06-21,298.3195104883414,10.473921775817871,7.493376614418739,30.245809580078262,14641469.033960814,5602,0
2020-06-22,284.7628721773654,29.767242431640625,4.899846534348757,67.93453985746457,12809287.29504392,5352,0
2020-06-23,220.81915659577228,0.0,4.52071565472917,19.73202524251271,10340927.868793484,4146,0
2020-06-24,321.38861773059233,0.0,12.044240400982467,42.425521594712876,15767679.910550417,6027,0
2020-06-25,210.10454045030446,8.990514755249023,5.267350902935501,19.295326737587157,7934562.792472509,3942,0
2020-06-26,361.28004257828786,33.36108875274658,14.072358140545212,54.97881486344051,17934096.169808384,6777,0
2020-06-27,218.42835993069187,63.048152446746826,5.328408839191339,47.36441728153913,9911702.69740639,4102,0
2020-06-28,369.53598976418556,47.39256763458252,6.931470805281732,71.09419122626915,18708424.637867674,6932,0
2020-06-29,412.78438012732744,98.07924178242683,9.234548662837579,103.85555706690752,19323447.272637982,7746,0
2020-06-30,361.97713822918956,8.487570017576218,11.193591555568675,60.210273669734626,15514110.948119959,6787,0
2020-07-01,335.8826665011222,2.3864409923553467,13.360296389174106,52.15657907985531,15291283.308557995,6298,0
2020-07-02,222.4186502315636,2.3864409923553467,10.040259532996927,25.33237620072579,9494829.740718074,4173,0
2020-07-03,321.78341425872173,0.0,16.49901633599162,40.72432001061134,17024658.486735713,6039,0
2020-07-04,188.54402146912386,0.0,4.684513637266138,15.740733975003,4299649.439387525,3535,0
2020-07-05,332.3868889180788,0.0,9.976113802973728,42.43344084284926,16006975.30523281,6229,0
2020-07-06,120.14534747089466,0.0,4.536601503624798,13.50453102722858,3214878.5343365055,2251,0
2020-07-07,129.35739094715424,0.0,4.589773129259909,14.304350160465477,3994391.764962598,2424,0
2020-07-08,62.90932163988497,0.0,3.7362938508650463,10.62134474755903,1559247.8235008998,1179,0
2020-07-09,115.6452706143237,0.0,4.911361481989245,16.280562464616096,3409051.661460611,2166,0
2020-07-10,232.70245765256064,0.0,6.351797535369491,33.1002571600345,8679344.967989204,4360,0
2020-07-11,163.18411597254155,0.0,5.972493951319639,25.663120901395555,6063071.365964056,3059,0
2020-07-12,271.1617629918071,0.0,9.013196961802064,51.85458396554175,12453151.634824583,5084,0
2020-07-13,105.16623286671557,0.0,1.7615151036479413,13.558649485263512,4471770.795131794,1971,0
2020-07-14,250.59999383330165,0.0,9.9040650608612,36.71366278594868,10324394.227152374,4697,0
2020-07-15,83.59338195136522,0.0,1.2814270037701538,9.9851002960633,3228172.3482960244,1566,0
2020-07-16,71.11965383157474,0.0,2.0286165108867555,11.05197248216608,2270185.5975563494,1332,0
2020-07-17,25.57338798907991,0.0,0.4803114534866875,3.310015196953291,817525.2476608544,479,0
2020-07-18,7.0451723766042225,0.0,0.3201552630521093,0.747222651581554,178966.00340710656,132,0
2020-07-19,27.232099954129044,0.0,0.2135935207213021,3.417629418853155,1571068.4566002395,510,0
2020-07-20,36.10358005711537,0.0,0.8012661217663896,2.1893226250186477,1725594.390248354,676,0
2020-07-21,84.7595521694156,0.0,1.8692363944363997,8.911775032072248,4181269.8006674787,1588,0
2020-07-22,72.58610597674698,0.0,2.9361125047182046,9.819865877390596,2196831.6142805666,1360,0
2020-07-23,80.74667407340502,0.0,3.0962287336373184,11.797762340571984,2952137.361078585,1513,0
2020-07-24,97.69537186342585,0.0,3.1500284776763174,12.493528810172464,2836381.975526398,1830,0
2020-07-25,183.8068533496777,0.0,3.363120950539107,23.536560336854734,7002380.588632879,3444,0
2020-07-26,200.19060120187112,0.0,8.221522235950848,31.143221310543268,9411292.12426381,3751,0
2020-07-27,110.05778953619236,0.0,0.9055592000599221,12.477387887287627,3303859.977526412,2062,0
2020-07-28,38.6276278137863,0.0,0.37393766009763935,2.023863791632585,1424660.0510341625,724,0
2020-07-29,34.43938772930527,0.0,0.48069691639723344,1.8649015934317295,1162155.485276438,645,0
2020-07-30,175.58825951266658,0.0804779976606369,4.89699074070983,26.973320651501513,6083391.967724997,3290,0
2020-07-31,510.84551895560384,66.46103611588478,8.862670607629926,169.53161322671963,21907840.84996484,9591,0
2020-08-01,411.95573444195605,0.0,8.487261680131724,66.84934836884574,17679937.838053443,7720,0
2020-08-02,481.85991841874034,0.8389710187911987,15.325807479770424,98.25995328601618,23294575.940064136,9029,0
2020-08-03,262.6568504921275,0.0,5.873002520412666,36.08770803052402,10481147.49613671,4921,0
2020-08-04,178.25149877754993,0.0,8.117011898796482,24.778355521513387,6451613.076212726,3338,0
2020-08-05,73.54675940798293,0.0,0.4272727107358503,5.074034283009383,2061123.2210704845,1377,0
2020-08-06,163.26907711340243,0.0,4.166380257881101,19.49473353880322,6958404.746985455,3057,0
2020-08-07,176.22505467948872,0.0,4.326126555881354,20.881596121403366,6945188.435403843,3300,0
2020-08-08,226.74310968554846,0.0,6.8346439757723125,33.1607500086912,8714388.68041869,4247,0
2020-08-09,61.69528852335485,0.0,1.068253734393389,6.722529960197717,3027605.2604166544,1156,0
2020-08-10,109.67109973963811,0.0,4.2174585222148515,15.912301432132455,3096060.5848266194,2054,0
2020-08-11,244.0135968051445,0.0,7.255786624460842,34.08385433799801,7183993.528146042,4575,0
2020-08-12,219.83885280984902,0.0,7.039080320892423,28.169838656118998,5657904.835406968,4122,0
2020-08-13,339.90650221064254,22.032742962241173,8.50567228071619,49.45255994842995,13310308.303797243,6378,0
2020-08-14,136.56213842920275,64.47674740850925,1.4336691227631548,18.97501084951802,7090193.194430189,2567,1
2020-08-15,296.39187385534467,398.61169312894344,5.484797797927938,63.79622838341596,11290905.716047117,5566,2
2020-08-16,192.3216728492549,70.09562794864178,3.789525872770331,55.71393710261136,5297159.174775092,3612,0
2020-08-17,137.20150465258834,0.0,4.430546048336024,18.937200535147234,2997458.928717179,2570,0
2020-08-18,70.3469572278412,0.0,0.0,7.8519102899054305,1457126.053554,1317,0
2020-08-19,35.361948673488335,0.0,0.0,3.792374642472256,555832.4888903389,662,0
2020-08-20,35.89541355561306,0.0,0.0,3.57873604189321,719011.5185740571,672,0
2020-08-22,26.74932291604138,0.0,0.0,2.134654780514701,823395.6225586577,501,0
2020-08-23,5.923604087004296,0.0,0.0,0.3735432520953542,336067.41836029413,111,0
2020-08-24,97.36752398519234,0.0,0.3737975948396453,12.016629526977956,3551486.648398922,1824,0
2020-08-25,84.77926564247409,0.0,0.2671036784095026,12.8178037083061,2758616.467889427,1588,0
2020-08-26,86.49896021418708,0.0,0.6898723608205223,13.600497021660173,3399929.218141441,1621,0
2020-08-27,104.23994625446232,0.0,4.796007159647219,19.0418811388894,3550669.3073270693,1953,0
2020-08-28,5.411933017202501,0.0,0.7415162198365987,3.8767536482560985,473371.51469448634,102,0
2020-08-29,6.1383768761608035,0.0,0.10567993901692803,1.3336614379221476,151948.79950094555,115,0
2020-08-30,2.6696712962130387,0.0,0.0,0.37374834585941297,66425.27845932374,50,0
2020-09-01,70.76052366396274,0.0,0.10684597895417117,7.787696113284697,5344620.325412993,1327,0
2020-09-02,106.5288745184793,0.0,2.5093491496225786,16.127629077322574,3178184.478019872,1995,0
2020-09-03,354.29751738176066,441.4348831176758,20.44145376259866,114.72640940375574,20863106.50772481,6648,1
2020-09-04,366.6944061345347,493.802541911602,20.8446004515077,68.8329653331407,15785927.15979875,6882,1
2020-09-05,606.7417420430191,1618.2345175221562,44.73593914357907,155.3359050442209,29595844.884722672,11399,1
2020-09-06,195.10019634648307,874.0821205973625,6.934381830789268,51.293011746438346,6085552.066832981,3666,1
2020-09-07,102.31040466493505,0.0,26.226673700294167,38.795092699047885,4917332.159317957,1926,0
2020-09-08,118.11213677153697,10.79549503326416,8.001553349860002,34.43534259264735,5186543.933893937,2219,0
2020-09-09,275.3776705763453,0.0804779976606369,26.020057412571667,66.35489002538365,9909529.772755329,5166,0
2020-09-10,877.5397623920118,525.5708536542952,39.24775223850958,308.07757877515434,46152593.12881069,16512,1
2020-09-11,637.3720587187744,17.704667672514915,75.0667292837401,214.90713390441553,36630371.17374363,11987,0
2020-09-12,797.8153676221389,121.61133428663015,70.0697846817304,287.70858904831744,47118602.669340804,15002,0
2020-09-13,309.8519064917915,7.238579109311104,39.322525218532924,119.49137273391597,13998305.233414987,5826,0
2020-09-14,471.59858269553996,1148.5612156838179,44.38870914839141,187.12822845554317,25030462.750043016,8859,1
2020-09-15,293.90009279411373,7.88792496919632,26.880968586330695,71.13962189639085,16364791.135965478,5516,0
2020-09-16,655.4968561622252,1056.5564548745751,59.20789323026106,184.74988634520855,37004162.732500955,12309,3
2020-09-17,711.3782719384948,94.80062524229288,43.60926046395336,193.1748399448562,40241900.14933723,13363,1
2020-09-18,714.1801139730555,2.4712760895490646,64.08863066351371,161.66606505056438,44183443.843207136,13417,0
2020-09-19,681.0922794927073,2.3907980918884277,45.66914922961915,143.87823355308433,44284219.765222244,12790,0
2020-09-20,443.076026990515,0.0,32.183881680839114,77.2449139112985,27556178.11039355,8317,0
2020-09-21,492.0559576911068,46.71679353713989,28.82406381634387,84.80466862222785,31070175.44876731,9234,0
2020-09-22,349.1564033791543,1971.231465227902,15.818402538414109,67.78115871711462,16817284.526437152,6560,3
2020-09-23,309.4175041065159,350.7391246855259,7.888539050869201,77.48412585892011,14327068.600738503,5807,3
2020-09-24,296.7639288393271,30.682125002145767,6.451278733170717,64.57608585602816,13760183.828397563,5569,1
2020-09-25,300.7906676391588,4.480463027954102,12.16740172032376,52.10181159577944,14639126.20762467,5639,0
2020-09-26,544.3829593712193,1858.13085129112,24.90048683502525,135.08734859145292,30447342.75066072,10245,1
2020-09-27,396.07013120393907,104.82988577336073,40.07243988903983,77.7451681159261,19346726.022976026,7447,1
2020-09-28,676.4411167524387,1712.4800890311599,42.25795731377963,200.2610177840465,37001395.62810661,12740,5
2020-09-29,267.7788103393929,15.841884806752205,27.994952028690555,90.8925048965385,9822079.067270536,5038,0
2020-09-30,173.53930630513258,3.7071839943528175,7.697752245332606,33.33213372436217,13143764.53944606,3260,0
2020-10-01,96.51918467970407,14.820627726614475,5.646260891432462,41.13036579359046,4632131.101102095,1818,0
2020-10-02,335.57790519823914,0.3910520076751709,8.350087001864475,58.91614459846268,19736983.05498054,6296,0
2020-10-03,572.4631198266864,127.61995038762689,31.391254301468614,253.0918151165442,36914305.89932261,10782,0
2020-10-04,385.5606082235557,437.55928033590317,22.25768206424698,106.37713402601639,20266884.171844848,7235,0
2020-10-05,946.8202757489738,332.65916231554,60.09680419948497,304.48033960309596,60700006.23250596,17854,1
2020-10-06,532.4555587071354,267.30271445121616,66.66137992194191,143.7436028434205,34161525.85866471,10020,0
2020-10-07,785.4237378514484,2501.269280272536,102.63958921770539,299.49755076453954,52562060.42028394,14794,1
2020-10-08,402.10065834670246,526.3487369697541,56.74858410843049,149.2154690164137,30064291.138232872,7579,0
2020-10-09,474.84324645864433,1807.1443714033812,80.98661240337131,175.3896463886558,36050773.09209089,8948,2
2020-10-10,601.6644052728316,1266.3362852418795,65.0062116610478,335.6799866627943,48818586.26593527,11360,4
2020-10-11,568.017687447243,1487.696880042553,77.55686314246665,174.5567964103098,38915444.177105784,10693,1
2020-10-12,1244.024281168916,5062.930992666632,84.56083761691265,525.5517854898561,87258354.8157023,23467,9
2020-10-13,583.029007523414,1245.2332062274218,61.936323631147154,161.5367676471183,40497002.419907406,10973,1
2020-10-14,822.3969517190466,1394.7675821315497,76.61674971063644,303.01261468402146,61868590.29025768,15494,4
2020-10-15,406.3709701958101,186.59283837862313,54.072755775141886,173.58158897148283,32159584.87839645,7664,0
2020-10-16,765.8232043702168,1264.9330953937024,84.76600281694577,267.246271258048,56417332.47992296,14401,2
2020-10-17,739.0054272233698,3106.1366792814806,104.48595113493437,376.7275658913982,44335365.64201994,13933,7
2020-10-18,492.27757094033296,1688.3731978163123,66.94932758577676,153.80079747550027,18217567.64954491,9248,3
2020-10-19,422.38947559824294,2898.5763212749735,58.8817077368176,196.85202302601908,23675752.00328987,7960,6
2020-10-20,359.54715010251135,431.94462648034096,69.83724266672029,142.41750546594608,20336723.056155264,6775,0
2020-10-21,555.1478464496864,3675.7928352467716,116.70993036412774,261.038601043051,32384733.75518567,10454,5
2020-10-22,54.849107978303586,114.22765327244997,9.825965365499957,50.14809588571462,3743278.1393612195,1039,0
2020-10-23,629.9738367706223,550.5163124799728,96.53608379437195,186.64547920170114,45364342.69346567,11856,2
2020-10-24,549.3221320667658,236.5657374970615,50.61612747327743,150.33588611821241,40403301.66966556,10336,2
2020-10-25,748.6789958280361,1470.6794823259115,101.7963370055157,231.08368117153105,59648631.156214125,14082,2
2020-10-26,589.4015884790726,1591.882346929051,87.68471903514671,259.5911734398641,39453354.28861898,11110,2
2020-10-27,503.38775875708524,195.43414470553398,84.89249981898709,149.43618122529162,37903598.493631035,9479,0
2020-10-28,812.2626533103452,981.9725903114304,131.4503137985303,359.1006012528269,60304243.89018498,15330,0
2020-10-29,714.6252075693401,758.7496651206166,138.53998565382767,335.3267142518534,54352414.44680124,13481,0
2020-10-30,677.3914670114356,2426.3538161646575,136.9144829020297,314.27129952395427,57140570.29681034,12780,0
2020-10-31,288.45116725227916,228.1794949695468,65.84033725106825,149.32788217284516,22256146.825104285,5453,0
2020-11-01,316.9875797989693,194.19853565096855,59.991623311814,116.40769745746175,24386315.915087726,5972,0
2020-11-02,471.09653977410466,729.1220536092296,41.003187332907025,187.28084173484834,27978350.991532072,8856,1
2020-11-03,710.6175368073559,1161.5155592178926,66.6940504765263,211.5096436111873,45055688.40044298,13355,2
2020-11-04,1299.3106510474418,4196.965193165466,163.9955714598014,624.3720561038855,96683080.4121321,24478,5
2020-11-05,1046.9856774093769,2785.7217668294907,141.7778085084277,414.6492803450946,72130655.75298299,19718,2
2020-11-06,1260.5317047076485,2862.573431524448,196.7953784876612,622.4683591843761,96256949.47940964,23758,5
2020-11-07,752.9155369190962,774.1757181072608,123.97374223201241,349.8947508145693,52892141.70020422,14197,0
2020-11-08,695.7669238429186,1104.950485829264,103.14108031951749,377.31747828744176,61138622.42219405,13125,1
2020-11-09,419.25310887532913,683.223885028623,54.28147407589586,269.4402034303766,29722678.475492336,7917,0
2020-11-10,667.185263788448,588.2882605027407,45.26740581257687,282.26752753005854,53139206.76217372,12561,0
2020-11-11,1355.235519718192,4804.397586014122,151.25935540750243,765.3712665430833,111299357.42568392,25598,8
2020-11-12,1097.7094007984128,2477.429273747839,125.4951246130721,504.8414776074457,84145981.99485771,20698,5
2020-11-13,2233.5094725634963,9226.872751740739,249.35735791490384,1186.13893747739,151744097.30347547,42177,12
2020-11-14,1127.631653487203,1934.0539776682854,164.05169253955063,567.1849578381812,76642439.16931286,21259,1
2020-11-15,1991.8436807195508,11554.083775984123,226.0948458927794,1064.923413615464,127333467.91442847,37562,15
2020-11-16,1010.8519090379832,2197.007722695358,174.50203822022814,583.6000436923883,69506403.2055199,19082,2
2020-11-17,1541.0391518330816,4349.961720556952,176.14776748298786,778.0931255101352,106348637.43290788,29040,4
2020-11-18,1389.433094893597,3898.0912138614804,216.9352172188871,783.9257207563247,100540522.08279979,26229,4
2020-11-19,1297.2108962467037,4560.894628692418,104.27094726874392,503.8394490309862,88115916.93795194,24415,4
2020-11-20,2438.989702512976,11008.295782647096,256.9589080925757,1145.053004402682,164278288.22258133,46021,14
2020-11-21,1432.4656689524086,3127.9262906778604,171.77246854180692,631.643516169584,106009766.21879496,26975,3
2020-11-22,2651.5852050467006,15145.814528827555,258.1065268271923,1286.5616471794672,169091419.76396653,50003,21
2020-11-23,1355.8933764849494,1817.2538127601147,175.38487871900043,620.2448372716987,97186702.48129177,25550,2
2020-11-24,2193.107867049201,12575.40068621654,199.26100807168723,1083.0716334990257,139314602.3252291,41335,19
2020-11-25,1054.7109882759687,4761.500140503049,127.3283940797526,499.66938738561623,70629421.86751004,19886,5
2020-11-26,1244.9077969224347,5853.992221435532,97.0348924913727,550.4764435193681,75126627.29805113,23442,6
2020-11-27,1271.8590884362775,6567.246643839404,126.26188710718476,691.38037449227,74973142.95792747,23980,9
2020-11-28,1270.2486178552715,4922.635693971068,76.14752591872679,563.5020634444153,71287651.33710468,23909,6
2020-11-29,1835.2373378127857,7011.893626158126,128.8707601704752,920.4556943206715,122796213.97370513,34653,11
2020-11-30,1111.4156689168924,1733.7534509636462,82.69190975914105,517.7042719716305,73327157.62492916,20954,3
2020-12-01,1821.9211683818069,9114.599467310589,110.65791186416926,910.9442985939813,113787369.10882187,34376,12
2020-12-02,1526.525602456069,4921.762205420528,98.90198481960262,699.4181770258142,92507924.45398852,28783,5
2020-12-03,1909.3199313839127,11909.234363470692,98.90960304324263,956.2466523497728,102925865.57296513,36006,13
2020-12-04,1350.2645347296777,6668.082333527971,67.4615029836277,667.930739933418,73211431.1524952,25487,10
2020-12-05,1465.317079897122,5536.320116051938,88.50875509892118,658.4641691964135,86069705.89472815,27620,8
2020-12-06,2251.8917126780007,10563.78706797352,96.50534093563259,996.8365911089926,134920343.1464391,42472,14
2020-12-07,1443.9793384369607,1030.2283072103746,93.01444813487092,600.9008694721804,91340048.58148283,27189,2
2020-12-08,2339.507758897091,13174.896497183945,100.42124363857404,1137.7878514403394,120560969.81764686,44123,17
2020-12-09,1016.9737758128109,538.3933778596111,61.24165958818694,393.4245846587035,57578178.89478707,19161,3
2020-12-10,1481.0865259149425,5248.2900371700525,55.20789168086654,645.0794102229852,81765876.35143477,27892,6
2020-12-11,1196.682824068966,3839.089372395072,42.78246877164643,464.78885013766654,65964210.79531192,22554,6
2020-12-12,1742.5841018409822,5736.672121942509,74.88833242776857,767.6194969349139,101745433.8271005,32831,6
2020-12-13,1783.4848943574993,9229.410916610155,43.8057930522284,770.6713957473421,91358566.9854034,33624,11
2020-12-14,1526.0262379380854,5614.53831538558,58.26356805277655,553.9250313487435,85180463.20239161,28730,6
2020-12-15,2644.9250278209197,14631.025493516121,62.565036795413086,1205.578497594085,127454229.56581435,49877,17
2020-12-16,1518.204885005167,3631.523199378513,58.56103615320378,549.9958340480069,84604420.30534728,28595,6
2020-12-17,2904.2322359243467,16454.458583719097,78.180027728376,1461.8339070075408,139169400.32773483,54769,18
2020-12-18,1393.4075385206154,5855.184430648107,43.97210390817319,552.305913383935,73214378.6592453,26272,9
2020-12-19,2052.2978895179162,9809.579151560087,53.77251318361285,1029.0458249994458,102899021.96092775,38710,13
2020-12-20,1300.6211578597024,5914.968871964142,24.076819511388177,532.7138147064443,65587748.36447459,24529,9
2020-12-21,1680.6460243627869,5605.628686092794,41.056251821330086,831.1626011916674,85217211.43192714,31664,8
2020-12-22,1392.0213115767365,4510.243423792534,39.56874622220753,564.0678922066263,76508474.87877293,26195,6
2020-12-23,1087.8566537911304,212.74625781178474,36.82141615909697,382.94540859445164,61007240.058676206,20458,0
2020-12-24,1604.6599284168499,2081.0867853863165,58.93878008646049,690.7493690747998,86911686.01600656,30242,2
2020-12-25,1370.5415316132944,4693.257340116426,34.45257410471513,579.7325308734142,69058591.5070878,25854,5
2020-12-26,2765.6710570848036,14018.512151114643,64.67408524450727,1527.0176946163315,127251469.41637294,52191,20
2020-12-27,1739.2923896424886,7253.682026676834,27.971210593673135,832.8972734163269,80556630.46045175,32823,9
2020-12-28,2408.625713426921,10023.425092205405,57.69904829214333,1319.6395664498743,116647271.63576823,45440,11
2020-12-29,2461.669500902116,8211.635808983818,39.35061680170883,1276.1604171858799,113041976.79684442,46468,13
2020-12-30,1726.2965440022883,3899.8032158762217,55.198200134035744,779.8989816722684,91838818.0201671,32527,5
2020-12-31,2652.3063243707493,9267.455290005542,34.128016957314045,1396.3142526781198,112834462.490437,50111,19
2021-01-02,477.6578582540024,709.8217067420483,18.254881727588042,118.44605721172726,27771166.286108866,8993,2
2021-01-03,1232.9221053186675,2577.5069928765297,28.39065676314899,654.2633574625354,50049050.16166374,23289,3
2021-01-04,2172.991791392416,7547.858843840659,43.13100247270347,1326.6090434719579,94322944.90491278,41041,8
2021-01-05,1894.8065904891048,6780.375692225993,17.905740117462962,1126.0919866992806,69384255.97553772,35799,9
2021-01-06,2456.3165467353597,9462.945558801293,39.989151285159785,1523.1021911644084,100650846.3753989,46397,11
2021-01-07,3460.4903488334894,16025.918164640665,34.78152997178145,1977.8455691388958,137373668.7657541,65374,23
2021-01-08,2020.7971997474408,8076.144243635237,43.32880027205776,1103.2103200755705,87365187.42412785,38141,10
2021-01-09,3579.2677503694727,19388.902446307242,28.62322054506469,2070.060417566932,138381013.30728644,67628,26
2021-01-10,1680.898774643606,6868.245901226997,17.92335411958372,944.3175065177393,70250663.84792846,31756,4
2021-01-11,2847.0127366943043,16120.24160451442,17.13958526342576,1884.11722305689,105315680.57995261,53820,17
2021-01-12,1984.5265837290415,10746.924301601946,8.22743852889242,1242.5462719696523,57461702.52055523,37512,14
2021-01-13,3257.848141918978,15596.7491291482,24.62439231354344,2268.20287388935,121342571.96601638,61576,15
2021-01-14,3824.9305135280997,17897.105091111735,19.690501046959707,2539.0360582883436,136698782.96954215,72309,19
2021-01-15,2540.3696206047994,11729.310683242977,40.536700708063165,1479.7063481310151,103625298.77916278,47980,13
2021-01-16,3805.5796701830136,20714.363586189225,29.346712091448477,2279.9484590032166,144263177.15541834,71937,28
2021-01-17,1904.37769480483,6172.355296567082,27.255169225144975,1118.2464098828402,77894016.06598607,35979,3
2021-01-18,3380.948932169653,19663.450216019526,31.577243652477136,2158.2830810466035,128663150.52536778,63922,26
2021-01-19,1630.343310294405,8347.054976791143,21.429294312217472,990.6213432641579,56139257.51441822,30818,9
2021-01-20,2540.272783187459,13227.534995796159,28.39789934890724,1702.9014543165267,80381562.16532804,48034,16
2021-01-21,1431.1174636199057,8025.1398953367025,9.015161565793141,750.2501990185177,47618462.673311666,27038,11
2021-01-22,1187.1192441614173,5306.666295856237,17.104298451129605,559.2750938996948,51896378.56568537,22417,7
2021-01-23,1595.5170053352356,9378.99561531283,14.007521334882743,749.0026676785243,75827930.60092416,30125,13
2021-01-24,1015.5943119063161,3429.4560056105256,23.330327116960678,450.63409107243035,53369619.08490291,19155,1
2021-01-25,1832.416612205906,8291.733154557645,29.262076860582162,869.3954487710246,87883618.80508086,34597,11
2021-01-26,715.9479441951461,314.2608842924237,20.737755147937904,170.32323266858086,44311181.02910089,13480,1
2021-01-27,1661.6398205882658,4696.855775997043,31.86325667334124,752.0219126373001,87909376.61424129,31342,7
2021-01-28,1204.0018704226513,3449.128384053707,17.59209502905655,516.9374907580935,51072259.21041894,22709,3
2021-01-29,1906.8699982964215,4501.871668174863,41.41369682916595,995.7972368208765,94817701.57660607,35975,4
2021-01-30,1569.1539694437254,4074.9141128733754,23.405125732240585,722.2706667533489,73561257.39680652,29610,2
2021-01-31,1290.2457750777608,2415.765388533473,34.089250667371495,458.74702829018185,74025763.32507573,24299,2
2021-02-01,1827.4477077171534,6416.110732592642,26.18688390589769,856.9050816495991,82238513.97178133,34481,10
2021-02-02,948.4038614363574,1733.6575110405684,22.71157973101295,350.466364618415,51435901.102293156,17862,1
2021-02-03,2741.415920993164,13146.441990675405,32.30355175751636,1620.221240424825,111490036.7546937,51769,15
2021-02-04,1795.206939116349,7030.503519825637,21.07670115741062,1027.9863826854814,68965513.28804405,33906,7
2021-02-05,2136.714548625684,7865.226679451764,35.079549817380766,1265.6182880672998,94216026.91342567,40346,7
2021-02-06,1620.7324070836505,6737.787825360894,11.003461162415427,895.399996956638,63981792.96845789,30630,7
2021-02-07,1645.0504823216447,5867.600845441222,15.683236203693065,890.9399339906915,73766469.22490616,31065,3
2021-02-08,2760.5975688233225,15213.274223739281,5.795860680347637,1701.8321184230551,109781303.25425601,52197,21
2021-02-09,1784.9895108183316,8000.738428713754,11.997833087055255,1074.965777321083,73714580.49884306,33733,5
2021-02-10,3312.821861710631,17740.204933660105,18.046541264516463,1987.5462057021516,131524252.43078499,62636,26
2021-02-11,1372.3615716041636,3299.1870896909386,10.169685231345213,839.6039983347641,52876538.543892555,25945,3
2021-02-12,2957.4902624612787,16905.041897704825,19.756537825016498,1918.7309112677394,122691353.28810103,55904,20
2021-02-13,1701.5993673830903,11457.486554743722,4.391965972877664,1111.9641976165017,52845048.42058935,32196,10
2021-02-14,3015.8907525660434,15613.4604914058,15.579950399906343,2002.2277230298757,118968538.77649552,57016,14
2021-02-15,3092.9216540421717,14717.525581398979,10.8863530273963,2046.8575335542732,112428248.77815478,58487,15
2021-02-16,1670.4677775881228,6099.541744964197,21.594167196855054,810.9175119123717,79927351.87328292,31536,7
2021-02-17,1005.8953445972919,4495.906430410221,15.979106672106754,426.07672287590066,47689890.49341124,18959,4
2021-02-18,300.0451268095554,0.0,8.172005282846445,32.6601488646422,14490490.413810665,5642,0
2021-02-19,186.53958650333735,146.03965416550636,3.4005345774044047,48.441449155677766,4363571.05153101,3512,0
2021-02-20,35.000776924741224,34.52584809064865,0.2657259757175733,17.041972952378337,810088.5142523175,661,0
2021-02-21,241.89416304534998,476.4744990095496,4.357470935196662,155.07233582486694,8343689.807478369,4577,1
2021-02-22,453.7046381362127,1699.239634849131,0.527359097630995,341.2690163497878,14234995.813552324,8602,2
2021-02-23,709.3502367241082,1998.225247643888,8.685744056176434,489.7073042381087,24639063.212067332,13430,2
2021-02-24,1175.0288381664448,4341.520673142746,4.175287691668654,764.877991049971,41465083.44609189,22256,3
2021-02-25,587.3786764868779,390.04587876051664,10.168293905149183,286.9204264773278,20763918.831217416,11098,0
2021-02-26,1840.4147531620147,5958.989461096004,15.905195881742943,1066.2761811282637,67185869.95222618,34819,8
2021-02-27,680.0553603335751,160.8987077474594,16.86371310300791,249.28894678939034,28122724.912269235,12823,1
2021-02-28,1975.8265104722539,5221.28745658882,22.302101467434046,1039.9212626559222,92627249.82302517,37286,3
2021-03-01,1069.1615197134183,1557.5779853016138,7.669920450703597,467.7424826139935,49732899.825155035,20163,1
2021-03-02,1640.6584121628628,7446.172610046342,19.725219391644615,829.5541354368272,81612614.3153357,30944,4
2021-03-03,901.5238842627903,5106.978495299816,8.529594151941613,389.539235867959,38841591.15972108,17007,4
2021-03-04,638.1045285205289,2623.224474929273,9.623607276141502,168.95498236009388,38469525.805972084,12022,2
2021-03-05,612.0184830846232,775.476377338171,10.499037991637367,151.61810973757986,40823544.812334955,11542,1
2021-03-06,601.4438863296045,281.3531496375799,15.852877824867765,93.22024327958223,41079353.21867976,11326,1
2021-03-07,852.5205120025,380.2573721706867,16.784868539708235,261.21716692653,52071927.1716707,16067,2
2021-03-08,390.9372666694007,354.7476483657956,10.079776960600535,80.92421933817946,23370290.07843913,7370,1
2021-03-09,787.9248364287876,741.438227109611,16.42912717680471,374.4827059269769,34232286.09491315,14867,1
2021-03-10,979.0063144492705,2718.718818575144,13.144554543392974,444.4668259705272,43972437.093061075,18475,3
2021-03-11,1758.0759157879145,5237.385170288384,23.75971507022904,948.48381593922,84743007.95423523,33177,4
2021-03-12,1745.7977300532443,6451.562213474885,16.300276420174363,939.9504238939769,77906987.0362099,32964,10
2021-03-13,996.7934329320173,1238.8650335296988,15.521859247247772,411.17976421806384,52720685.25771775,18798,1
2021-03-14,909.2283623665394,2238.830581659451,18.42875087108567,467.20809432927047,42912606.884385236,17170,1
2021-03-15,430.74827332483926,0.0,12.686179468086982,90.85756239387985,25950371.046173707,8102,0
2021-03-16,20.844174980320172,15.981410264968872,0.0527734936149212,5.807683724351291,1327197.8936704078,395,0
2021-03-18,447.57215127438906,367.32840003073215,5.102142747750027,223.4638643218578,21134963.375195317,8448,1
2021-03-19,399.6416486121116,158.41723735630512,6.665523031326872,174.60629192962924,15358284.520797323,7538,0
2021-03-20,528.5360869014754,290.4295284450054,17.030839051379807,198.91855660477154,23301411.48920364,9947,0
2021-03-21,868.3450104836445,3810.3353730216622,15.999154971575923,344.0108847747539,42463078.943518065,16382,1
2021-03-22,712.7149378963321,1459.4646838083863,16.24313842096097,234.13588869880616,41111689.50891928,13422,1
2021-03-23,790.0501028271233,2996.3002847358584,14.486478352688104,227.64783063165552,46507745.679164,14886,3
2021-03-24,529.4852145592577,408.9969223588705,11.890433589311561,118.93230948341781,29956990.745037217,9967,1
2021-03-25,691.7572173562048,3638.6063418015838,15.738195077079299,204.83983701649478,31960443.859086815,13023,4
2021-03-26,479.7301960724421,1418.293705187738,7.598548584546011,89.67504976704757,28390811.656263854,9017,1
2021-03-27,238.97650335591052,0.0,4.404992931957008,18.239950072494082,21754458.61398926,4491,0
2021-03-28,141.88138524121072,0.0,0.32032576895733184,4.319385807141259,15477500.651286617,2662,0
2021-03-29,278.9705268472422,0.0,4.037829406389651,23.91611856176284,22285975.701959502,5242,0
2021-03-30,410.4927096613951,2.0539299845695496,9.197405636126367,50.446364324553834,29228621.92297001,7718,0
2021-03-31,288.5186120792222,58.45890831947327,12.321327823184227,40.26377157595132,14337715.857872987,5426,0
2021-04-01,334.2207047069277,204.79760072380304,9.937491567304994,62.71187659649504,18029277.199661843,6281,0
2021-04-02,171.73816668828405,60.0340029373765,2.660336883520541,31.610142799329974,6870983.958537258,3225,0
2021-04-03,376.1852502996775,382.3460997790098,9.85541628449987,79.29718668318169,18673064.10127887,7062,2
2021-04-04,388.17987447561677,749.1710275262594,5.2174697170648905,68.3882641365969,15829996.664578125,7298,2
2021-04-05,463.0568181090381,763.4227493107319,10.907292260975865,87.14060979598193,19275560.596122187,8696,1
2021-04-06,546.3352583622469,123.35624697059393,12.82309152387712,103.35475138927933,33879562.762197174,10272,1
2021-04-07,523.5592092435965,46.373000875115395,13.23689986382652,84.8753164957949,36505004.90870667,9834,1
2021-04-08,710.2424310189865,188.8038115799427,16.530747698568657,144.70213470069353,45113667.238581836,13352,1
2021-04-09,480.0379373332769,679.4501162320375,10.613220867699013,111.49578689233637,19733712.718309157,9035,2
2021-04-10,646.1821925569427,2735.853157043457,14.773050728013988,171.30864794163756,33748824.26045995,12169,3
2021-04-11,418.90560705704286,1713.2619557753205,7.5011043178419925,85.86839068619359,17768992.062916655,7881,3
2021-04-12,415.35032426535327,6.942590981721878,6.499812090403947,74.0045983615607,28819169.44617656,7794,0
2021-04-13,286.7879817901441,0.0,2.8175083403633168,39.528575578129406,18734192.544412374,5384,0
2021-04-14,457.11293387772366,0.0,9.719141449690758,58.85791967268453,36097404.28653316,8588,0
2021-04-15,618.0637476266913,482.4493993371725,19.47467291626573,102.61224395655952,49444438.5819954,11621,0
2021-04-16,652.5061397038473,112.43331855535507,18.042586688463192,102.55598666989192,46663237.73143638,12265,0
2021-04-17,823.3106461617981,331.87262600660324,17.222524460941514,166.89793418244014,60048071.854586124,15475,0
2021-04-18,493.0876645618517,206.09969729185104,5.696007475968149,87.7627215172654,37051070.759651884,9271,1
2021-04-19,465.5809702434033,591.3435866832733,6.829504771001905,86.9584356993348,36826297.33415304,8758,2
2021-04-20,476.7249865914508,1788.8243318274617,5.166333209291432,79.92793349250725,32985562.310222454,8970,3
2021-04-21,436.6460830512977,1294.9176490306854,6.853188600081956,48.24965447562474,31144240.342955828,8212,1
2021-04-22,500.7601556856046,2686.389020740986,9.936802687133047,102.07799747541897,24325840.56733973,9428,4
2021-04-23,248.3545802867705,0.0,8.339322605405215,45.20727679478854,7865898.705073731,4668,0
2021-04-24,525.6963360265956,1561.6633261293173,11.588539205754769,112.15728787191118,24284206.759769764,9889,2
2021-04-25,237.23099269562024,0.0,6.164584900857386,38.26453993497098,7322729.87711512,4457,0
2021-04-26,234.60584931507583,4.210702061653137,3.6818202928333865,41.77632364261644,13135816.116379915,4404,0
2021-04-27,240.57740552576513,61.6378059387207,2.7232917192422925,66.71514767400419,13290589.419159751,4512,0
2021-04-28,621.631978563076,981.5207062661648,6.407312315100224,133.0060471057919,43309853.40396254,11666,2
2021-04-29,669.0816724550364,962.2834185063839,7.141836190241136,133.77904297430746,44713761.36071715,12555,2
2021-04-30,453.6233931410364,0.0,6.32405516235584,84.40443508785332,33992132.67678064,8508,0
2021-05-01,502.75203701318907,3.1830310821533203,8.026616423303764,87.55246824957862,31219976.89882787,9435,0
2021-05-02,344.08770200318816,0.0,3.982912222045555,44.59319073255066,16930365.9485278,6457,0
2021-05-03,478.38226808445404,5.183657944202423,7.548948209706114,64.75296660814367,25266013.599460065,8982,0
2021-05-04,208.0318859174407,287.8855158686638,4.469187412901554,36.31177224423459,10230415.533648606,3905,0
2021-05-05,382.4729737876086,1406.4678862392902,5.381971260964593,68.20843078872447,21057926.33834269,7186,3
2021-05-06,357.60478157512796,273.120069950819,5.282741734383559,70.14525884220154,28317083.765025698,6714,0
2021-05-07,300.46187245863644,9.973611861467361,3.6235003511196426,44.104879428571614,29247885.443794433,5643,0
2021-05-08,174.88702093525802,6.914025843143463,4.412188076196782,30.09943740432852,15633632.497006208,3284,0
2021-05-09,53.57912937845825,0.0,1.752418059160386,10.72063229233215,2375610.881208764,1006,0
2021-05-10,54.613368340449085,5.48779684305191,3.491229988636047,14.322602584348289,2423888.831196437,1028,0
2021-05-11,27.526941754347803,0.5802159905433655,1.6945239343050784,5.503331900790544,913230.7692252455,519,0
2021-05-12,170.89828351077404,4.3051769733428955,3.762805967142948,54.448596991392186,12325056.999979336,3214,0
2021-05-13,206.87352790414107,197.90959352254868,6.178414110468664,48.874053172948095,9492554.465479545,3882,0
2021-05-14,616.6347394103709,208.86492574214935,17.336797670971148,132.698660158282,42743218.79709727,11575,0
2021-05-15,914.75730747215,1437.5712820142508,25.721383099489593,203.3611405825643,50389369.179930635,17183,2
2021-05-16,786.8483406665424,6.7358410358428955,21.32081813885829,163.68874662171595,48963381.73390304,14775,0
2021-05-17,1213.6585300757645,2683.0627649724483,31.6809454972441,291.15086129158067,73533845.28414391,22795,5
2021-05-18,715.8412447678045,0.0,15.78252434461624,118.83453315040968,46365332.60447085,13440,0
2021-05-19,696.5243261561546,43.800835371017456,15.43471668966723,128.7678463016771,48522072.51055705,13073,0
2021-05-20,281.9536433740802,12.985396683216095,2.864016586022098,46.04530390500527,8964465.995258786,5291,0
2021-05-21,686.1838919112347,404.7267179787159,10.850138174851413,128.52077675596703,44754565.19732753,12882,1
2021-05-22,903.627824299046,1167.7780477702618,14.592295070059167,183.7915503700162,58742908.89062388,16975,3
2021-05-23,963.1877349742717,189.54432383179665,25.46036653484196,182.19916886017768,71716304.56357548,18086,1
2021-05-24,910.7520323185815,1846.0505454987288,19.620871941408023,174.7141806258789,61900864.371217795,17109,2
2021-05-25,678.6423204598893,108.47533994913101,16.88188147009353,110.31282444146093,49237279.97477178,12748,0
2021-05-26,867.8384514866523,1625.8867401778698,25.162233246494818,177.1511950670713,52947476.38076222,16302,2
2021-05-27,624.8822256713488,0.1610870063304901,13.12151628687261,95.62515112325289,38615996.05802345,11735,0
2021-05-28,876.1548636032697,455.66400752961636,28.8734646499068,198.05851623166245,45422669.46018501,16447,1
2021-05-29,709.1987720623937,637.870303824544,10.496426807909938,120.83721478538064,41370165.6627466,13314,3
2021-05-30,1125.811274392512,1071.9153357297182,24.636400029467755,216.06434316138836,78563846.45731537,21140,3
2021-05-31,1254.9237276948113,2508.4300474077463,23.163445751761433,254.51020267499888,82210199.18338978,23576,4
2021-06-01,1012.9103119406857,928.1643156260252,22.158783666601675,179.8005274621012,67853237.14792821,19024,2
2021-06-02,833.8371425208379,0.0,20.177200274134528,152.62287815712546,57630812.56493073,15647,0
2021-06-03,342.46885930239785,0.0,2.4944225203325145,35.6372432675995,15385131.572042229,6432,0
2021-06-04,658.3278349318177,0.0,8.358948098234386,99.01594351328431,52932143.024811015,12356,0
2021-06-05,424.93055088474466,0.0,4.209660524110467,67.04896371765253,22919545.46839928,7974,0
2021-06-06,767.136625228218,0.0,15.683523835636962,146.00300322628777,61053033.50324522,14401,0
2021-06-07,806.4435744034479,2.1675319969654083,14.546799476136323,140.7831150043106,60160998.85327688,15137,0
2021-06-08,843.5365435318449,17.94173002243042,19.890322207690836,132.67847287683213,71256885.9709218,15835,0
2021-06-09,1102.72283936064,80.20116518437862,28.224273533218465,217.7539062097805,81122769.88214196,20692,1
2021-06-10,843.4212779872882,0.0,15.047164270008889,134.7169018848335,62822051.724915676,15828,0
2021-06-11,1064.6099466444753,9.32971403002739,28.500070941055245,217.99305484065903,79510520.83892527,19976,0
2021-06-12,645.2055721099182,0.0,10.954040507810882,102.5275091281427,43872806.88026542,12107,0
2021-06-13,780.8518131336381,0.0,19.222246250769917,149.76163297579185,57053396.66771334,14648,0
2021-06-14,330.0493331349118,0.0,5.27499949452169,58.50444698049115,13853869.077046668,6186,0
2021-06-16,74.13368922484543,0.0,0.3738680460615659,11.003163714927043,1903757.7499512334,1388,0
2021-06-17,138.6721911857184,0.0,0.9578714456560775,16.490747691837985,3252008.0613674177,2604,0
2021-06-18,354.84812380015114,0.0,3.986411439066764,39.65709747344764,29910247.008686412,6667,0
2021-06-19,366.06357912250195,0.0,5.045232494493391,41.615911274757565,29858373.332613867,6878,0
2021-06-20,429.1673080685346,0.0,5.20591462102403,82.50914318449608,18416183.485360533,8057,0
2021-06-21,278.03866387041245,0.0,1.7592573097276665,59.96332922525846,6420784.096789597,5212,0
2021-06-22,479.92064933395926,49.399662017822266,9.037516642449903,98.60245423834714,13959587.87351666,9003,0
2021-06-23,520.7929826183412,49.399662017822266,5.284644184700663,96.63061564924908,24518366.371816654,9766,0
2021-06-24,654.9797669789876,0.0,7.044187724308846,112.69966458881873,41740602.4635471,12281,0
2021-06-25,664.1240381606702,1.6202019453048706,14.30637028414902,144.31122192991566,35495985.71970831,12450,0
2021-06-26,569.6556385479084,0.0,7.239156684519997,84.89974307899783,31987100.121059813,10690,0
2021-06-27,976.979919616737,104.01137605309486,31.55359512211117,206.0658201361987,61309281.725264065,18341,1
2021-06-28,667.6681938073428,0.0,14.651909428794168,102.92296546435105,43987744.79336282,12537,0
2021-06-29,886.8326278520238,0.0,22.31710712919983,168.44865198417497,65702661.88758058,16639,0
2021-06-30,330.612870534836,0.0,2.3952512543764457,37.296441997568735,21090684.610646147,6201,0
2021-07-01,660.6959368190235,0.0,8.686199333221225,119.63598225407289,45244600.559946164,12387,0
2021-07-02,721.321307446828,264.6294192671776,9.378065580714228,132.32478116914746,43099556.00231271,13529,0
2021-07-03,848.6790776587375,264.6294192671776,15.055485158110937,158.6165914863748,56963216.020870954,15920,0
2021-07-04,1178.9607407007009,2098.7697511017323,27.23257442993884,278.85554028700943,74658636.70638865,22141,4
2021-07-05,709.633605465906,0.0,16.01528876622166,114.8621681843021,51389507.133570634,13320,0
2021-07-06,756.9814603309119,0.0,21.761438586806687,132.98610429430158,59884280.1274349,14211,0
2021-07-07,314.5852255037922,0.0,2.708928466859583,55.36552105546117,11427435.62090148,5901,0
2021-07-08,214.89461251882864,0.0,1.4945382461756367,36.94317050086108,17034243.167793453,4029,0
2021-07-09,300.00567577102925,0.0,2.2960371005933236,47.0846067984172,19596974.558973886,5624,0
2021-07-10,230.09763763313492,0.0,1.4401217353832967,18.133337504047553,19728837.534145247,4317,0
2021-07-11,513.594818665032,470.6395206898451,5.551511563013861,66.18963496628653,34551356.41325042,9642,2
2021-07-12,259.8957931645658,0.0,2.347717320863436,31.412654769995726,14394549.482327158,4874,0
2021-07-13,335.8956355650656,0.0,1.7616442981321123,50.30264560281634,20077057.093512673,6298,0
2021-07-14,148.9497515794561,0.0,0.05342074148754388,32.36196169431589,2766414.8264950863,2790,0
2021-07-15,168.91635565560765,0.0,1.4423348846944648,29.961964480577496,3236503.5691733863,3164,0
2021-07-16,146.2575535708405,0.0,0.5341948444883466,23.54655735603757,4996378.6208115,2741,0
2021-07-17,151.1379961839443,0.0,1.6024439020391683,20.501030323213843,6508411.350699413,2833,0
2021-07-18,193.76233546952952,0.1610870063304901,2.189637798745431,29.795139838628586,15134378.479768177,3633,0
2021-07-19,50.97877819571394,0.0,1.0147919215013022,7.100851443372411,2708148.7969336435,955,0
2021-07-20,85.76438239777856,0.0,3.204638037287084,29.211633004481374,2428012.819927213,1606,0
2021-07-21,89.94855469301264,0.0,1.2283622359280157,31.299676825347532,1191857.4848866826,1684,0
2021-07-22,329.56139565275873,0.0,10.786175986522629,92.27752252526776,11875155.189717328,6173,0
2021-07-23,383.6213548812029,0.0,8.541314346056467,94.03117111744191,13599877.15600964,7187,0
2021-07-24,338.7512533535729,0.0,8.595460976171914,98.52790447208018,12248587.006934943,6345,0
2021-07-25,239.16113956257377,0.0,4.485568471602904,71.51657902845183,7335874.8606705405,4478,0
2021-07-26,158.90099844537494,0.0,1.6024728965447748,46.46957568502266,5319544.545770475,2975,0
2021-07-27,214.44799396619416,0.0,3.0444382219991764,58.69980893439916,7933337.936334176,4015,0
2021-07-28,72.71064822507115,0.0,0.6944121226052857,16.948177467016897,1619531.1909293386,1362,0
2021-07-29,110.62196822113934,7.143142938613892,0.10684483231620048,68.13335655140366,4089259.9976695627,2083,0
2021-07-30,62.260585305569734,4.143778920173645,0.10679286865036823,23.705704198242813,476298.88416526146,1167,0
2021-07-31,180.27025782031467,0.7248619794845581,1.1746912460836323,37.11364760438061,5526775.7840561075,3378,0
2021-08-01,392.4978985994562,0.0,3.84440354671785,78.37142427596605,25799667.26534495,7357,0
2021-08-02,458.3315081667725,0.0,4.591008394196948,85.93842248720796,32520256.13303648,8592,0
2021-08-03,635.6472593184711,0.0,8.275257704842184,122.83247176125684,47107428.6855077,11916,0
2021-08-04,526.7262701522251,0.0,6.968589950667824,73.86508868092487,44360360.32710669,9881,0
2021-08-05,1382.2415348260217,1831.3075315058231,19.130597179515952,325.6809702759399,91000527.84525424,26002,4
2021-08-06,985.9177266493831,253.5311718583107,13.403531000361932,189.77939357600098,69600089.06668343,18580,1
2021-08-07,1301.526642847321,1326.4473905265331,24.23670208157673,336.5174900764105,89663367.47671671,24490,2
2021-08-08,604.7183106997052,135.33350935578346,9.426401625657308,122.03631368144254,37157669.416339934,11366,0
2021-08-09,447.3749249911656,199.5938402712345,4.420344915005942,115.58755141277749,13250311.235640934,8399,0
2021-08-10,350.6427874830236,301.1009980738163,3.199387504082493,105.47742589271724,8923643.009876423,6584,0
2021-08-11,558.7512901976665,107.91396498680115,3.615614986630957,100.3117023370693,36420655.57027702,10488,0
2021-08-12,909.7913280323359,1151.9500464126468,15.818035949509431,201.81542354043754,60372108.475637496,17076,3
2021-08-13,585.3115382787074,0.06662700325250626,11.860477531407009,95.20151673222976,41916758.10050297,10984,0
2021-08-14,561.8920039901142,0.06662700325250626,18.82396760759877,88.73315072097938,38793302.53070424,10554,0
2021-08-15,186.97048962326198,1.799535021185875,15.75727127329343,25.077662331879612,7351568.097584378,3517,0
2021-08-16,268.8730828305878,167.69068956375122,8.528949150081823,40.87403566074192,17160980.59832374,5055,0
2021-08-17,618.2570970798057,733.9870362281799,8.94428712038278,209.005099997684,31744906.27547742,11632,2
2021-08-18,960.7007247257476,622.5240308195353,18.04850812165858,237.9479219414965,69259885.95130147,18048,2
2021-08-19,865.5534244215937,71.55528378486633,24.449588554938,197.55444371649455,64570986.41543902,16242,0
2021-08-20,702.7019039021112,0.0,22.313465761571056,116.7160826067211,56566418.70694141,13184,0
2021-08-21,673.3550666356348,0.0,12.456414735482245,115.79306108787303,51825344.36867416,12633,0
2021-08-22,415.0999677961309,5.604241847991943,5.36551204381601,62.68998087264897,25738481.655095868,7792,0
2021-08-23,869.6522426034104,997.1400807201862,19.403443159783745,223.26623033349048,55229396.51849726,16325,3
2021-08-24,703.5108216173071,1488.6887497007847,8.933734136673134,236.94218995210187,26273614.844725538,13227,4
2021-08-25,1170.444057151377,2209.390453211963,25.067801210188797,381.0744674532074,56564384.88143106,22011,3
2021-08-26,1123.8814143880695,1590.6659608948976,34.622053793442326,350.3794941763736,61046569.21464671,21142,3
2021-08-27,1117.8720641593075,394.6180449798703,42.76972081611482,292.5090111089258,77643126.31781483,20995,0
2021-08-28,1463.6404484443651,1903.0378108862787,51.59796276292372,409.70905004012474,103410938.24001989,27536,0
2021-08-29,796.9724418518485,4.032645970582962,27.433524608361097,155.50434418543844,63766724.95765712,14974,0
2021-08-30,711.1867928894582,11.281718999147415,25.858919574800176,160.64048106692073,50145671.841921754,13358,0
2021-08-31,341.59339901705636,0.0,4.777510175111711,69.01624191687777,12867245.42637037,6410,0
2021-09-01,239.5846798024856,0.0,3.9914915959627084,69.28897035020545,7110638.8845759425,4492,0
2021-09-02,195.00498448402845,44.29512567818165,2.5061575730050594,73.77026380324075,4509836.786817528,3661,1
2021-09-03,285.4693988334606,17.521082520484924,1.2810366825851676,72.18464398531601,19492818.89841072,5356,0
2021-09-04,497.0006866472079,48.24410258233547,5.481893129803749,120.98756985512793,33652462.47872382,9328,0
2021-09-05,411.914338938184,0.0,2.607880185240611,56.61477828901858,34363919.6734897,7727,0
2021-09-06,418.83324917819994,0.5609070062637329,3.680047927609002,53.022687998523644,30637788.063648652,7859,0
2021-09-07,414.3566803084787,153.49878411740065,5.468133427942358,70.2078709170886,27206211.63375024,7785,0
2021-09-08,374.0606327938072,153.62116711586714,14.229643886729885,110.12490992229895,12677145.009694444,7025,0
2021-09-09,254.43331190119738,10.690874695777893,12.11622464045632,86.76174904676432,7163253.978981719,4771,0
2021-09-10,264.6602956814347,0.0,23.70599733323028,92.41204498294886,8063668.83576377,4961,0
2021-09-11,335.04478270731965,1.1433659791946411,9.91432500720611,111.50204570776087,10577505.112798283,6285,0
2021-09-12,544.5748978127175,0.0,21.948742157858067,116.17669736678418,36520044.92206312,10226,0
2021-09-13,601.1725670636318,0.0,12.422422372556253,101.69472941955607,47535925.07711257,11278,0
2021-09-14,569.2016040920186,0.0,13.207509777503741,81.86467222837153,42387320.91627949,10685,0
2021-09-15,612.2243113312813,0.0,14.7379970379511,117.5469798361966,37703641.72056706,11487,0
2021-09-16,216.08085510774308,72.065888017416,4.779289028423358,50.57515444821979,3924819.186848534,4052,0
2021-09-17,226.58534982271712,254.44323897361755,11.624732708018268,71.28745381029096,7633967.695839934,4252,0
2021-09-18,75.36534256994008,312.00610253214836,9.047684810932775,15.614857684213332,2590572.334499027,1419,1
2021-09-19,218.2608394379882,2.2121379375457764,23.468205815165145,53.53893298327391,16819417.10890173,4104,0
2021-09-20,484.77022798286373,233.9652454443276,22.576809229272254,214.59813802460786,21521621.008706946,9138,1
2021-09-21,754.317647997121,175.19592237472534,28.573631665231666,225.819584551494,44430626.36833205,14193,1
2021-09-22,1122.9194542829575,3246.6196186784655,53.77325459082464,582.1516036463012,59219369.52438187,21192,5
2021-09-23,297.64560177203066,381.78235648944974,7.329279382292793,88.66885588457323,13450517.791227307,5593,0
2021-09-24,181.43152138022998,381.78235648944974,5.950291176462884,74.93383962133278,6330215.118987978,3412,0
2021-09-25,80.8655893255876,0.0,0.0,34.45122823872371,1293199.3726269496,1514,0
2021-09-26,224.93267482952118,0.0,4.592375813510991,64.72725953936212,8828293.299336445,4212,0
2021-09-27,695.9915844955123,906.0344397053123,16.35644724597411,180.90977455501684,43631797.0046323,13060,2
2021-09-28,1144.2928803591467,1473.9334825258702,61.360582549474586,421.19953621998576,85622899.6162432,21521,3
2021-09-29,2153.9852674177496,8415.183725323528,107.91420779346247,940.9140347785407,149644053.8375983,40651,7
2021-09-30,649.5103526797885,1455.3183574881405,49.35741618816308,237.40107187283186,57013943.098557934,12229,0
2021-10-01,681.3739592347624,2583.1010170485824,61.77983626962099,287.84292048913164,45730982.412630536,12848,0
2021-10-02,212.3887819486011,864.1622676961124,27.580073076993163,87.89016342875472,13322106.186399836,4012,0
2021-10-03,243.82946325747145,62.73819601535797,27.083385268716835,56.66008554844718,18503116.80627533,4585,0
2021-10-04,422.19536404307456,2798.3576875776052,19.186996913867898,145.83412255242152,18634504.679501068,7927,1
2021-10-05,553.8854478060534,1556.79180560261,26.223411320538315,149.95680819549875,27203451.38647364,10396,1
2021-10-06,1292.0965592888986,5311.341359104961,86.30111186659136,679.0742076445415,73687155.60492334,24373,3
2021-10-07,486.14015176354485,33.96987819671631,19.130294998492968,131.20261714419897,24335300.71619531,9132,0
2021-10-08,1518.2582834720176,6718.167630620301,80.59292823326078,667.1044577186111,105993376.25490318,28641,12
2021-10-09,1126.8750474812223,5002.132603317499,60.853103748749454,490.9601439592074,82857202.19783415,21239,3
2021-10-10,1387.0197149829362,6034.0738608222455,90.12173588522296,667.0817314192357,90124586.5513339,26159,7
2021-10-11,593.0285930339842,1367.3428332321346,47.62104487006698,314.2528138719596,28640858.117078748,11191,0
2021-10-12,401.54733256573354,680.6247959844768,42.68277604546092,217.2735632629378,21167741.05689269,7585,1
2021-10-13,251.96198108864624,206.5606074258685,19.29370361174599,114.43658102559691,10879706.485838009,4754,0
2021-10-14,463.65526741391255,0.0,39.0848519160121,89.31631628701086,25996588.11850903,8712,0
2021-10-15,1097.352194235327,1196.2651052772999,88.15446000646227,425.72547096981094,76234039.87349516,20652,1
2021-10-16,1121.5433249684363,1487.3453249111772,93.54514856141125,415.0593549724582,87181466.18802406,21117,0
2021-10-17,2784.2808938065505,17706.80531869363,210.7088563244166,1348.7513703273323,174354737.90130556,52598,18
2021-10-18,1411.4327463350148,8070.474061910063,133.29398139605655,626.4457282763175,90496253.53528504,26655,8
2021-10-19,1856.2168467288602,14023.119616288692,161.82013179189792,1030.908532434268,103589096.68448623,35085,12
2021-10-20,1105.7512768053227,7158.581863075495,92.90902827881787,681.4639546361931,62011994.29401762,20919,7
2021-10-21,689.4776851472257,2382.6158363968134,57.774263269285285,317.9298277079187,41589628.36046157,13020,3
2021-10-22,1404.603510555027,6615.687784321606,66.52521812239753,516.2697026826811,90444033.348712,26530,9
2021-10-23,897.0561006800241,2871.5129302851856,62.11766843937855,232.4128046675791,62824471.24778399,16901,1
2021-10-24,3071.8946975283247,17404.816624756902,176.08912542435655,1434.1688991096726,187288425.45126414,58020,25
2021-10-25,1381.8273242379457,5720.872396282852,102.58209397533986,622.479557568837,87889725.4378008,26077,4
2021-10-26,1796.3588363981899,5025.839388983324,94.9169553637241,711.2406151000632,110481983.32709663,33850,5
2021-10-27,928.9257263648817,3484.8110153172165,59.67333664944471,367.4888880503391,54235090.76179344,17511,2
2021-10-28,1113.2546696750792,4276.144907999784,98.25369645808594,467.56690693367096,58172229.937070176,20981,5
2021-10-29,2209.4553398828457,15517.097478379495,220.72957334691318,1236.1089782418894,134668362.02514,41778,16
2021-10-30,1233.3765785083017,6091.183298474178,117.00472440436646,599.2748105938285,71346279.78050877,23275,4
2021-10-31,2219.881437766203,12983.329761663452,135.65540835871084,989.3890339415962,135633931.40815032,41905,16
2021-11-01,821.8991910610397,169.23841108381748,41.499055196543964,182.75959215373146,64247179.13344477,15448,0
2021-11-02,1694.0669347506282,12703.135720450431,60.47121062020548,723.6802758414021,84210846.16183917,31940,15
2021-11-03,524.5221861783996,968.2574395388365,22.612323256748333,178.85491615333535,16674960.022610009,9876,0
2021-11-04,816.6067750171244,2467.0324283093214,52.45486893893958,361.76565156863137,34277473.10608792,15390,4
2021-11-05,811.1347900450853,2009.53724424541,69.0365280010674,361.78656155715083,48175037.49713964,15282,2
2021-11-06,1166.7334296365425,3202.915299668908,74.4080214716207,437.182243711052,67836707.48791866,21957,6
2021-11-07,2719.6390535734104,17541.453868869692,186.72723014439418,1369.7106090380776,167703747.0518349,51359,23
2021-11-08,1535.5524632507045,6963.777075296268,101.49184823074489,755.4132276256848,96123999.68183486,28957,7
2021-11-09,3032.494075555809,22454.334826005623,179.2395877881169,1672.676450082981,170007307.99703565,57297,30
2021-11-10,1218.226640007376,8634.758800804615,104.13373272730145,701.2516885994075,70389552.33658065,22997,6
2021-11-11,2119.393536459731,15378.790835041553,131.17215240830222,1156.9285821048175,125410877.51269825,39990,19
2021-11-12,1160.3804529562778,9324.035742662847,95.29405005587655,613.2852569142572,64660045.963945374,21886,9
2021-11-13,1230.830477798222,6660.726236462593,78.67636973981077,615.4204089015442,62289626.87999705,23209,6
2021-11-14,1634.4221582286953,12904.365636069328,130.67732553606754,986.8827610511592,86916399.41806972,30871,14
2021-11-15,1486.3722696311115,4824.3635259494185,89.93635237197253,694.4896194276682,80077752.25273374,28014,4
2021-11-16,3075.201265343209,20398.911230500787,187.87865943505298,1500.1888533124884,184358408.76586708,58051,22
2021-11-17,1426.4934388873223,6379.560815032572,103.90493548325908,596.3761478148091,98982875.30135703,26892,4
2021-11-18,2746.264257043314,19391.588040731847,163.17825836824434,1482.5511175039542,156445093.1923521,51849,29
2021-11-19,1673.7911394707662,12046.657272098586,115.552583834073,997.9214112197421,80723661.98720288,31621,17
2021-11-20,2601.8289154109825,16197.14355177246,126.36270427784031,1415.152290763537,144595878.59361622,49097,28
2021-11-21,2080.5479378313626,15024.730281548575,90.71601449646415,1156.8925379512673,116946829.91976249,39297,22
2021-11-22,1785.0663663513951,11842.743151858449,62.37718069937409,920.371812451982,100225799.89110759,33699,20
2021-11-23,2743.715271206445,21910.754981195554,114.70144623441936,1580.8946539039634,131274075.35653989,51865,34
2021-11-24,1662.0135859748011,7519.409508569166,74.14611218481562,779.7309931531124,98921422.57633781,31347,11
2021-11-25,4105.120385904267,28196.504115408286,160.31982988131767,2202.8762913247842,214303874.1650252,77528,43
2021-11-26,1924.115148004351,11942.337501587346,94.80549168144925,958.0507294146546,118491203.99046367,36315,14
2021-11-27,2851.081527095255,20147.86057554558,105.73787978385604,1648.7351441306237,157014752.54155692,53848,30
2021-11-28,1315.1399913140442,13069.510895639658,62.06634365531458,841.6457306391451,57237071.802529916,24877,18
2021-11-29,1983.0149875149632,13395.8062203601,71.0248344298161,1103.0034588983463,113210584.33145995,37441,21
2021-11-30,2501.610324359965,21165.38311783597,97.82531345232776,1490.9901381982895,124324755.10786088,47300,34
2021-12-01,1876.0019336025111,11386.960098311305,69.30197400276934,867.5370443831138,115042582.73976958,35390,14
2021-12-02,3257.8994569545457,25217.331702269614,118.9184961674344,1740.794401209965,179345236.25257087,61534,38
2021-12-03,1674.2487533411252,6304.1559296399355,66.26662759674875,676.9079180047725,105928347.35627645,31546,8
2021-12-04,3439.79682855623,24265.675498314202,121.04413039670861,1941.6669913656106,178880524.20820546,64955,37
2021-12-05,2131.256127491533,14497.327632069588,78.4820750882405,1223.731549945342,107311202.41417369,40259,19
2021-12-06,3276.6963324594212,20606.262138821185,110.13655989294335,1946.686705647388,171269917.90493932,61877,34
2021-12-07,2987.7005123964937,19993.468652073294,89.27602841927273,1748.2809863121674,148119299.2013943,56438,29
2021-12-08,2722.5091134245345,16297.857428751886,86.27519754284317,1452.3004955931167,149361760.51080906,51374,24
2021-12-09,3460.5163456832365,24278.401172649115,94.29176411429177,1910.0623358525072,174914470.2910163,65373,34
2021-12-10,1982.5514821301283,8752.634753003716,59.95673561231719,999.784407768666,114466888.3320743,37402,10
2021-12-11,4029.1638932139995,27290.98154147342,111.68566661440036,2265.516118233375,196013018.40683863,76108,42
2021-12-12,2466.46876450248,13606.765884082764,75.43813600696748,1391.9082545002216,131253099.00948538,46562,17
2021-12-13,3636.8368448336682,24092.77334170416,102.80587965604855,2158.7190913521367,184079472.41624695,68687,36
2021-12-14,2651.6275095424953,17344.57521995157,66.57134557531177,1594.1292812194024,127949446.9088479,50099,20
2021-12-15,2545.399020577715,13113.106366150081,68.77904385032187,1403.610749514235,134531029.07573044,48033,18
2021-12-16,1700.3794228002619,8807.110872302204,33.558869566500256,1072.3879834981456,61563408.11681675,32108,14
2021-12-17,1275.241460549633,1507.2506171166897,38.65833348545143,575.8944052086986,84287008.82835099,24033,5
2021-12-18,2734.9178068561314,15987.653594847769,57.76654591135083,1660.280270430527,139911922.40671197,51646,26
2021-12-19,1444.362714365856,4066.298109509051,36.578693540326476,715.5922178731364,94236819.99041347,27245,6
2021-12-20,1640.4239498324005,8923.810512185097,32.23950403151383,803.6127685621086,89953415.94109422,30939,12
2021-12-21,447.39128385646103,2248.9847296327353,13.314325113430126,229.4128010895597,22212190.626175214,8452,4
2021-12-22,854.5321807713558,5144.730743408203,37.47938531947373,442.79744132678593,48686878.31006841,16131,6
2021-12-23,1464.0599922802735,11037.439331792295,45.070038136824095,825.0773929838525,80151587.94666497,27672,15
2021-12-24,1377.5191699465845,10709.793712370098,42.79317377750862,706.6018390488802,79048869.93151924,26014,12
2021-12-25,2692.6178308871504,24026.68690874055,62.32382513142778,1605.4935590887146,134522772.8537341,50932,31
2021-12-26,1217.5903237500706,11742.72890239954,45.063075759372396,619.1392514452541,65740730.99398575,23002,12
2021-12-27,2991.2096642271435,21473.754965934902,67.77725702263653,2057.093727721915,147921270.95214114,56570,35
2021-12-28,1613.302099572863,7093.321564130485,40.801988140461276,999.3566179180843,84992365.13908601,30471,9
2021-12-29,2083.24756943792,8556.393724642694,54.61874840180642,1144.2675539654695,121077581.97607109,39296,12
2021-12-30,1260.5009587795198,10867.440853737295,40.40986135609761,641.6373801482258,59885394.04648298,23783,10
2021-12-31,1883.96508372965,13054.705551557243,55.16160495835508,910.8228412515583,114857299.08340122,35524,15
2022-01-02,695.0703623342735,41.00434187054634,13.022788846890082,123.33104428347835,58123886.0163987,13056,0
2022-01-03,3029.6605927124674,22953.775129444897,79.58356723462698,1651.3858784477288,167232563.01410723,57183,23
2022-01-04,2122.716038619541,10942.090214803815,39.74588185533199,1259.4802677145547,115893843.37735833,40084,7
2022-01-05,3433.696451157002,25672.34220059868,61.969189171615824,2239.273394548328,148995646.53478414,64896,32
2022-01-06,1480.411155855879,10509.195113269612,30.41417389834336,988.910011156362,52096311.619435556,27965,6
2022-01-07,2348.753230882234,20785.51784019824,64.62659137701588,1581.6965790261881,97842086.27747905,44394,17
2022-01-08,1975.547081638804,18426.842674518004,47.088590679008924,1131.0684802517674,94719892.11474293,37294,19
2022-01-09,2147.5113149396275,16123.874489688314,51.13750209462481,1081.4096058129453,113623408.3075121,40484,12
2022-01-10,2773.865877700072,19682.123195958324,64.08645479206801,1514.7889509784522,140607685.6370878,52335,18
2022-01-11,1646.6754617741128,7704.557493463159,47.57436993889645,665.9536506842691,101024787.33316398,31012,6
2022-01-12,3693.729366479492,27039.596515299752,87.12504613181054,2208.1894483449682,184794186.04921025,69766,34
2022-01-13,978.8233544374464,348.91879922896624,27.09698153785999,260.49900578398206,71353113.78066757,18422,1
2022-01-14,2659.238134534365,18503.54867158737,77.54138518382375,1471.102249141542,149189133.46776384,50166,19
2022-01-15,1865.0379172772396,17988.292378639802,52.72084918163318,1173.8223837194785,99627352.18909338,35245,14
2022-01-16,3419.9349951128925,27085.515206011944,68.89372787325969,2163.526453290002,168649202.174471,64613,24
2022-01-17,1810.8047235820957,18546.980258789845,30.437659499116613,1396.363397642853,64372968.08781036,34289,11
2022-01-18,324.7647194918998,1793.2065610140562,2.6910310937241517,243.48124459056805,9097828.192644963,6145,2
2022-01-19,632.6279114578358,3917.585409462452,4.537296510253433,537.0278345001605,19258099.76099556,11981,7
2022-01-20,1652.16158887751,15761.523545091972,40.90185370445649,1096.4504908668243,90111128.23120092,31237,12
2022-01-21,4330.372679676987,37185.4762372924,76.18291183111626,2923.744823460087,197092781.3355537,81870,35
2022-01-22,2129.799226142978,23369.767482489347,40.96110729560739,1615.4210189844136,82036346.30364384,40306,14
2022-01-23,2704.42964898169,16266.466560000554,21.1360045970747,1821.2452182450652,112162243.0954818,51110,13
2022-01-24,2871.6568036454596,27019.09850331582,45.86891893810137,1794.224059854943,131210148.4225204,54251,21
2022-01-25,3425.9160677703526,26899.685080165043,68.79791940308763,2082.922026237408,171689342.5025818,64692,24
2022-01-26,5070.604918894214,38281.71741821896,82.54284819374834,3369.0714202581275,234772691.58425507,95841,36
2022-01-27,2869.1604404965096,17963.132060912438,56.02513953247318,1712.5507145566162,150085425.3091758,54173,20
2022-01-28,4767.037853500356,37542.554827521555,78.51148407211592,3122.994320025934,221648492.54844725,90102,35
2022-01-29,2790.668774632425,22229.827782973647,58.2677486560257,1781.793809725332,137354168.86549905,52705,14
2022-01-30,4520.052402378513,36173.33174195979,77.92965596655509,3020.640876166634,210393636.7809327,85426,30
2022-01-31,3929.3907210828993,33610.86520811636,65.70445664435549,2691.704342950902,179979399.07886845,74299,21
2022-02-01,3607.9340282965213,31478.46557788737,65.78051673531644,2351.4288692892183,173307153.92265683,68199,23
2022-02-02,3037.703971082577,31297.414233998396,52.335447469337495,2341.178992335826,119207324.26945892,57513,25
2022-02-03,1584.6502246455561,13909.490307488479,25.044042887381643,1222.1885150817548,57159703.72077683,29973,9
2022-02-04,3327.3249333278527,26301.65996894613,59.41693464375982,2815.060651641577,134975480.11055195,63027,23
2022-02-05,555.4058557124645,0.14561499655246735,12.417943099169179,99.36048210521383,45191713.646895714,10449,0
2022-02-06,3719.9050100723284,25584.18851448316,71.77856268048836,2832.1091169689616,183583026.54319635,70381,21
2022-02-07,2420.0763773880185,23383.86223142501,57.729522963068014,1709.9076716548575,121774766.39991601,45772,14
2022-02-08,3954.51050491404,31680.66446159873,74.40702309830503,2833.939447147734,200219573.58417386,74787,19
2022-02-09,4056.0317892133526,35375.73703831062,69.36737839428228,2942.4126846715067,187066906.7526492,76731,20
2022-02-10,4040.0960523918557,31984.335061194375,68.33826072050971,2754.1224954470085,198812262.69562808,76367,18
2022-02-11,4379.390410250908,36880.239950251766,71.30917837804876,3137.3806439246227,207476635.94929522,82848,26
2022-02-12,2135.365804690287,17738.7497148728,52.66281141958495,1288.4158019462307,121977639.70835066,40353,9
2022-02-13,3969.3235857261407,33375.008380130865,80.35121172230856,2809.3186255868554,191673329.9976896,75084,28
2022-02-14,2990.2356423278466,26195.521828607656,64.26386236617245,2229.8579906449622,144161998.5597248,56563,13
2022-02-15,4078.4313613176264,34969.007329721935,76.35359266290342,2864.609863117444,186386735.77553183,77105,26
2022-02-16,3453.9743966871424,32133.968274494633,62.32881715202417,2464.77513107011,151504722.7627261,65319,18
2022-02-17,3761.2098684753023,32782.15624601208,70.2418648578849,2672.085344200209,160273231.60882533,71121,22
2022-02-18,4669.383247851791,39681.143837945536,75.14308861975641,3530.993406387848,198015721.10809857,88372,27
2022-02-19,3355.4074266741027,28226.224775620736,68.85158788051199,2499.553943518503,141091872.7121485,63480,20
2022-02-20,4556.650498074468,40038.93781369086,79.47629657197722,3333.9492871620296,210105540.7492468,86213,29
2022-02-21,1943.296205286878,12875.689919068478,27.226462683283078,1431.7687883824246,77217752.81802656,36748,7
2022-02-22,2456.8763899233104,22337.130570202135,63.55634743680488,1786.0814464382236,134922157.42212033,46491,14
2022-02-23,772.6151852344079,12458.454656468704,35.19790907763139,513.0385416105377,42579330.86061392,14621,4
2022-02-24,1035.8791589570803,14109.592475997284,47.25297987150928,681.0047227380752,59848008.77198866,19605,5
2022-02-25,702.8294190037084,9905.888635080308,28.639230701763925,524.8533227008315,41747576.234209344,13308,4
2022-02-26,608.1478943756745,2730.8182419016957,17.45991142442105,243.84099077860196,46233828.300494954,11476,2
2022-02-27,2692.804449446469,21388.688241152093,56.772872237330375,1757.0861397556007,153327472.91204923,50887,13
2022-02-28,2341.4663818251283,16212.087898319587,52.02647683627237,1460.3800389801172,144166179.61605898,44231,8
2022-03-01,4285.771670827262,31115.132134294137,82.7335747918333,3169.689897772608,222464441.93499017,81082,18
2022-03-02,1929.0725804384772,18400.507787076756,63.11669635224867,1325.8124315124753,118889326.51217614,36492,11
2022-03-03,2958.3862792414798,21486.645967027172,71.85137017720004,2202.064086258378,163085346.55194554,55967,12
2022-03-04,1991.7366649408398,18220.773109599948,61.54093130321467,1328.9232857661386,113329286.00880745,37645,12
2022-03-05,2393.7509393043106,19999.77878893353,63.37938559354425,1564.2837161523996,135212737.91547915,45221,13
2022-03-06,3265.463135720152,26585.830968551338,70.78122514198277,2275.0842575057222,159986152.45646328,61719,16
2022-03-07,2938.3535617215657,21189.728231960908,61.83255540578864,1919.7216620042782,158821030.1568037,55498,10
2022-03-08,3790.0287842043513,31569.593919521198,76.05526267951417,2572.411829800926,199361544.2099105,71645,23
2022-03-09,1607.2823087049776,12658.188791438937,51.70694592064701,853.5551508030445,111366586.78601673,30339,5
2022-03-10,2802.8965181004246,24855.22047859337,62.49789777518362,1849.6850949898328,153645246.48940837,52980,14
2022-03-11,750.6402101107992,8134.648730676621,26.926837182747978,282.31045324818746,53272537.34134816,14148,3
2022-03-12,344.839822050758,4.14482307434082,12.840607268902415,64.21935264817665,10706826.927799951,6482,0
2022-03-13,447.58423245997307,0.0,7.862234336592737,69.95557537533841,30655891.654679228,8408,0
2022-03-14,517.2251833589153,0.0,9.88490308214625,79.83003909850498,47779271.036941245,9714,0
2022-03-15,613.9251108680736,3.2879281044006348,6.853772836272252,98.99369495379652,53695839.99271507,11531,0
2022-03-16,561.7570301811943,0.0,9.237187764221769,78.5957792047141,49866725.83407584,10556,0
2022-03-17,652.0392568581931,78.32311801612377,9.981420821881342,152.96701723145546,48362230.663691945,12266,0
2022-03-18,266.3888259691027,1426.8165120482445,9.12418073143414,68.35017624713772,8403170.590605076,5017,0
2022-03-19,1073.2821347636043,10618.048381859437,29.078562766961692,586.1068087272114,69196076.3582305,20257,6
2022-03-20,1625.3859944728279,17866.3159736488,43.016791628805116,1134.7762479718153,99849831.7764421,30740,9
2022-03-21,1827.5891916925864,17608.626203978434,40.5995802758144,1250.392322856743,101281715.16874923,34533,9
2022-03-22,2164.836083297697,20544.28500548005,51.58642603933815,1537.2812079202818,122949057.24309422,40932,13
2022-03-23,1178.8369887177644,9682.879509655759,23.14995116866306,766.036473853141,66139468.270860665,22256,5
2022-03-24,2447.7209275538166,22050.426503382623,49.745739521962854,1720.107879926206,134690828.43866795,46283,13
2022-03-25,1129.8979103523889,10800.215618183836,21.495987717093016,838.723182834846,51646349.84485847,21367,5
2022-03-26,1817.1490497614925,18541.402937851846,43.86240746646982,1269.0471991685315,89309338.64870863,34363,11
2022-03-27,857.8415230933733,12587.97515308857,34.8730296007681,650.826060545549,46286264.38649662,16237,6
2022-03-28,1477.9680922379293,16966.021811798215,46.023330403896935,1075.2281158232327,75098415.45733926,27960,9
2022-03-29,872.9752114824039,11791.348298465833,24.75267233215976,541.7090399254437,50719723.924103856,16495,6
2022-03-30,830.70320112406,9032.60883387737,18.087331583025094,421.80996268360906,65090704.45086225,15666,5
2022-03-31,1066.173257590443,10748.524511637166,27.212900499618108,642.5192724328829,79658552.19194816,20134,5
2022-04-01,832.6331761444394,7179.739379467443,21.48075510759258,415.26864888501956,64792293.67597235,15706,3
2022-04-02,1407.0091571905214,14559.1427519992,41.77253591331281,952.6295734364709,79676659.54441126,26596,8
2022-04-03,236.41181505158775,4754.175360355526,8.975405202712173,132.7340000060882,13652171.080879632,4469,2
2022-04-04,313.17853220347536,7953.5920188669115,19.627837542308676,238.2721656943022,19701835.807882357,5928,4
2022-04-05,245.0567506883432,7367.288745131344,16.089433004350983,212.95175932328232,15166846.034919789,4644,4
2022-04-06,248.35410332294813,4021.7943501472473,6.341488940630874,127.32936274352345,9789693.537613165,4672,3
2022-04-07,49.01179942515058,27.16755747795105,0.5339978265544666,10.457579350797499,1789694.5037968482,918,0
2022-04-08,185.27715371273013,0.0,1.2216303070857524,31.88525077666327,17369457.410355646,3476,0
2022-04-09,159.27457137247117,0.0,1.2215560180337293,27.987254061555788,15983505.807484519,2989,0
2022-04-10,214.82489339496482,0.0,1.3297410152564368,35.06102255315916,25894331.17166989,4033,0
2022-04-11,58.38108630630883,0.0,0.37181507093370103,5.966761128463908,2742051.6214831425,1099,0
2022-04-12,23.299370332678883,0.0,0.31777373711934065,0.6362445069236322,43784.79481894899,440,0
2022-04-13,23.115024553232093,0.0,0.2653521040750989,1.2242451002619452,206502.42452803705,436,0
2022-04-14,45.115428137328905,760.4926759749651,0.1067746995542572,3.447280137867756,1116627.1061233222,850,0
2022-04-15,92.6378461631603,0.0,1.159910657003961,10.806258091293254,17863343.212327294,1742,0
2022-04-16,8.685952914060925,0.0,0.0,0.0,1531477.939959041,164,0
2022-04-17,229.26254906153477,3233.74786221236,8.307957485200143,72.93118096925625,24023863.799004488,4327,2
2022-04-18,760.1005210961619,7372.821981500834,25.967994193281914,458.91194742213435,47073018.94337327,14361,3
2022-04-19,772.6419595935555,4814.25047756359,22.036404511828493,330.3220683871195,58507568.478001006,14567,2
2022-04-20,1068.527448643078,7545.076656885445,26.64754087747214,675.0409440449241,73906775.0747619,20196,7
2022-04-21,579.1621678632039,7195.945921933278,16.994218844377645,376.95179851637835,53075138.77011718,10947,5
2022-04-22,517.3578966635629,7261.770355021581,16.301771012615085,366.7893404292793,45172155.397313155,9786,5
2022-04-23,736.8378262692489,6380.89027329348,13.888345009371907,430.7929372059962,57242029.4995191,13911,3
2022-04-24,494.308044453466,13.391271591186523,7.812679702751461,88.5913277049933,45252954.875708096,9285,0
2022-04-25,567.3408932466149,3.03240704536438,6.756795433915435,127.0296637196527,45907614.81523781,10653,0
2022-04-26,499.65724331344285,0.0,5.040965825161531,104.68647125418822,38265750.51564442,9384,0
2022-04-27,847.075583784745,3666.8758901655674,10.26971845728224,438.9627389940687,57664529.16435462,15969,2
2022-04-28,1230.82638120615,12735.697784783319,36.89183205300748,808.6138845928618,79016877.52257462,23268,10
2022-04-29,1332.8586088444697,14035.875752964988,40.6822053849345,867.0949401619258,65797560.19911763,25198,11
2022-04-30,1032.3442127025462,10828.367037311196,28.238984199023594,711.2871916864731,47474442.742155835,19515,5
2022-05-01,655.8401270347496,3578.529889050871,12.654986992997097,376.7512139810301,30969322.873355012,12382,2
2022-05-02,875.9410904091907,8026.575446208939,16.37461059263565,598.8727286359511,64124801.499025896,16548,4
2022-05-03,556.3431932261219,5424.437070906162,12.68433092728728,269.96164782262565,37046735.47603969,10488,3
2022-05-04,953.0822775640844,6687.508553206921,19.106342385066277,480.200715603356,73493480.6971124,17960,3
2022-05-05,847.0209078522207,3764.367848087102,15.411886051572584,356.1154124871437,44561719.42081011,15944,3
2022-05-06,984.4404855199194,498.96118600666523,17.76869097654442,314.2465061961842,62648265.40415782,18503,1
2022-05-07,931.0370840096415,2891.06200145185,15.949757764279774,305.9083896727371,56130764.20049317,17526,3
2022-05-08,811.9600989342327,1234.3066066205502,18.94131505227988,191.55120514271374,61515142.300123945,15252,0
2022-05-09,745.9772283204654,2503.376067429781,9.6842909031194,150.22281188893987,57683204.053440176,14008,3
2022-05-10,933.3932847105748,43.103262931108475,15.690295846684295,172.9769832948442,65327875.392406724,17521,0
2022-05-11,1016.9761055557212,11.337021261453629,21.870512553137377,208.11905208841623,71236399.17215988,19088,1
2022-05-12,844.7733106599941,0.0,15.14566649848846,157.8845141126013,59279246.0048186,15859,0
2022-05-13,1364.8360826054234,6912.380937747657,36.208995921282664,571.8431927625358,86984919.49573427,25691,6
2022-05-14,1185.6994428227167,11202.97448961623,36.5291416160848,574.3460203714553,59673446.64538575,22361,8
2022-05-15,1347.2041353004117,11092.016013184562,36.21560525640327,618.5802620290065,77484423.57996131,25392,8
2022-05-16,743.5018069581828,1356.6524102911353,7.5446914412580846,174.95014659165832,44839188.570028774,13969,1
2022-05-17,816.8420866850952,28.995659947395325,9.20369894465058,165.49038587817358,64468857.67548248,15332,0
2022-05-18,1072.8223101325705,3025.5345372334123,12.979461576888735,229.82952141416132,74954361.17956187,20155,5
2022-05-19,899.7103698666111,0.0,14.72080518494101,170.59637577247088,68561262.87882407,16892,0
2022-05-20,1501.897924926923,9592.660071343184,34.93553190944238,487.52402486739066,102156309.38435364,28264,8
2022-05-21,803.9988318261417,32.94078713655472,14.239436958894707,146.75711124726448,55975040.01318401,15097,0
2022-05-22,1070.2296027166228,3701.0377225875854,20.36890690933428,280.7632018140826,78816539.20522995,20118,3
2022-05-23,584.1458675776391,2753.590761974454,5.084726839239887,142.64787563939225,33913798.940257564,10977,1
2022-05-24,811.0548496658533,2753.590761974454,8.968534939013422,194.66750481205122,65172019.66339153,15242,1
2022-05-25,442.3016167480818,4807.74399016425,8.305112463704507,163.43994056122477,38537101.188273154,8327,3
2022-05-26,468.13467617914637,55.92681073397398,5.316968151364003,89.7124248370967,49702283.52003638,8790,0
2022-05-27,750.702328859523,7826.1676720790565,21.95953929831942,439.63921759984186,40287073.976221666,14170,3
2022-05-28,817.6227261030418,7342.898926436901,25.2111553664165,389.70278697405234,45579896.098176956,15414,4
2022-05-29,1176.8517487758127,10661.31686443463,37.00147803444097,703.7365612192108,73172072.22919461,22215,4
2022-05-30,1222.8586275133755,10809.128551725298,32.95129948913047,784.5495799860744,84992139.92262463,23101,5
2022-05-31,1535.9289922961752,11446.105780344456,36.202521814678704,868.736462470535,107827664.13304554,28986,5
2022-06-01,1646.6234342282526,12649.139944953844,30.5998972221739,863.0181878893428,104545689.22154003,31069,4
2022-06-02,1175.0669122268134,5944.813517276198,20.50501385609942,395.93677730937105,82422900.30387813,22108,2
2022-06-03,1021.847659185429,3393.770898424089,15.81286229112079,293.2781222038708,70553958.60485762,19206,1
2022-06-04,754.9940305018506,157.40787956118584,8.55475947267637,147.32108129895954,56378566.3111776,14169,0
2022-06-05,1184.638815403335,3244.0892666988075,17.971855629118497,375.16182080033474,82539437.44986998,22269,1
2022-06-06,1237.4440136532198,7348.216287728399,22.22116743007698,540.7166422398451,79762962.66582033,23307,3
2022-06-07,1239.583312618859,7273.020338859409,23.496609165799374,555.3617712732857,83751545.91898261,23349,3
2022-06-08,568.0717937701445,5403.797376796603,15.302017368079342,410.6131017932258,27896352.945045006,10729,2
2022-06-09,257.6102812124646,1780.7151824980974,4.8203040116401015,84.45551138208972,18753434.005420107,4841,0
2022-06-10,1305.3738015769063,10773.70034891367,26.249852765812605,715.5821365358191,88143361.63816926,24640,7
2022-06-11,894.3355693412875,2924.8545506708324,16.087323096782452,228.32301226660178,59451500.64246831,16804,0
2022-06-12,1258.3558035782964,2157.261643089354,25.18288958920475,286.45144108956424,83156891.70634966,23643,3
2022-06-13,889.3446013438275,0.0,14.770427426807279,170.81267896809618,62763570.974633,16697,0
2022-06-14,1044.872513579682,133.1373374313116,20.11575176840384,214.86106385310467,79869755.7483834,19613,0
2022-06-15,690.4755248746623,0.0,7.3393205463194455,124.35331849515552,53464918.06796725,12957,0
2022-06-16,706.003086832075,158.76640359312296,9.939934839791993,135.12328132279995,61548565.58822124,13250,0
2022-06-17,569.0949514149479,0.0,5.849743303534726,115.29532259143505,44595826.8195966,10676,0
2022-06-18,535.8039950995661,0.0,7.97323461405672,103.83386866693156,42130680.44833268,10055,0
2022-06-19,559.2756217050082,0.0,5.108887186502719,101.95259645163708,51475219.57065466,10493,0
2022-06-20,455.61666880081145,0.0,5.266000025466324,85.45392840554996,46876771.90785583,8552,0
2022-06-21,774.9666823735225,1115.5923254564404,9.356855436881592,219.27283006117324,67057004.600053094,14563,1
2022-06-22,1011.6524818041615,6425.6820161268115,16.415576240078938,435.38553966810156,75369961.78411143,19052,2
2022-06-23,1235.054059396844,7478.757695637643,21.078006287124715,539.0955702744116,89084264.04920037,23254,3
2022-06-24,619.9979697667441,3020.2920348085463,9.897121915558097,329.3780014500309,34812107.47673389,11679,1
2022-06-25,380.48544562600273,0.0,4.677336407949406,71.48521862561249,27984688.57532369,7138,0
2022-06-26,688.3239831866143,0.7763820290565491,10.753219067807663,153.16790731797198,51453923.31234792,12918,0
2022-06-27,979.2960597794124,3670.2202679403126,23.00528916795623,342.3934717581501,73262492.11232886,18422,0
2022-06-28,1667.9556223414772,7886.004366148263,23.60175593610222,598.0892389531186,100171380.88030674,31412,5
2022-06-29,725.5048216460375,909.315129250288,11.24855322594338,186.79466259279818,59532087.987489656,13629,0
2022-06-30,973.1371318195651,1624.5059843808413,8.423757753129934,279.07554713606896,72483694.40764189,18282,2
2022-07-01,461.264240072926,40.1598759368062,2.6679346670164783,102.51806876387887,40127776.41434694,8649,0
2022-07-02,673.0254214149031,438.07701913267374,4.156533219824148,153.8987608182802,57485360.61585454,12629,0
2022-07-03,652.6242583145537,0.0,8.598661792573807,138.318083510571,56517584.610780254,12242,0
2022-07-04,765.3056674044784,300.3635423928499,12.252197735127671,172.05973965056532,65774884.57180988,14359,0
2022-07-05,1303.610435011625,6412.1632875055075,30.518970832212176,518.4043621632087,98304085.41281523,24527,3
2022-07-06,1782.3005001851961,10085.548949021846,35.70679520916375,919.4677545020643,114373639.53814687,33613,5
2022-07-07,2071.2953506314952,14524.671402875334,46.644826832391345,1081.9878093635139,94020934.32762802,39101,10
2022-07-08,825.500119624457,7039.252096496522,18.336587678603525,463.30589800837294,36996602.99437889,15571,4
2022-07-09,305.3917659304876,194.50915509462357,2.66495938579169,72.34252482245398,7177033.791184473,5724,0
2022-07-10,210.50958909775696,0.0,2.456417433976301,55.434551776530405,4013106.5410235035,3942,0
2022-07-11,237.8892827256005,0.0,1.7619205962747277,54.73688447094522,6623634.613881333,4455,0
2022-07-12,406.936978344689,209.9430160522461,4.431513715083461,97.89795364814839,12449451.923503205,7625,1
2022-07-13,401.3828893627786,1172.8657213523984,2.0270118385860503,80.89962008380115,10116757.204520557,7527,1
2022-07-14,729.6901341581643,1003.5950992405415,7.68183939118356,157.2898033184261,52871944.89134414,13687,1
2022-07-15,608.1446495762118,0.0,3.5173121775899046,127.77338557652664,53818881.53809847,11405,0
2022-07-16,669.2050798664292,0.0,4.746043689635965,140.06571472454667,55368928.834004,12548,0
2022-07-17,535.4440471192446,57.18972510099411,3.5731308649938307,114.80159119335616,36877836.785657465,10049,0
2022-07-18,423.47301540644884,432.85629242658615,5.310891435503479,110.94381410341232,23827110.03061394,7954,0
2022-07-19,453.53067808062127,503.8839792534709,4.3444069988823095,231.1459449562741,32176705.630350333,8551,0
2022-07-20,335.88150119785337,45.97867372632027,4.0357913225937185,96.55054839466463,34081960.86350368,6311,0
2022-07-21,494.16864574523174,42.59725069999695,3.5172382747110826,128.1356941933284,36925673.46260685,9273,0
2022-07-22,505.6883490925724,631.9445803388953,3.302220715184448,124.79192033647803,35346706.06738484,9489,1
2022-07-23,707.1462322257779,1804.2459718361497,5.2689583660351875,268.0368500825542,38903995.36091056,13292,1
2022-07-24,610.9167614641033,2150.0865018740296,5.159044389469975,232.1988988623212,33596865.614149906,11491,2
2022-07-25,913.6602408163841,1996.2424362003803,21.38980436841211,216.92870305841373,67161723.56404749,17151,3
2022-07-26,888.702053864312,2527.304441921413,24.58112910364516,317.2780807661121,72639009.82477283,16712,1
2022-07-27,863.1668914602067,1929.4741144999862,23.08960363939209,315.88986185189356,74978239.7923278,16227,0
2022-07-28,385.2957772182741,681.36814288795,5.0000043717091955,148.07498877676557,22103661.922119103,7238,1
2022-07-29,174.55619338108897,0.0,0.6392939517136536,33.056190916732874,8430013.811978608,3273,0
2022-07-30,124.74762517229696,0.0,3.310093879716595,31.210206990692736,3927119.4526135135,2337,0
2022-07-31,106.1459217831687,0.0,0.9074268048483967,16.758974417081287,3026709.584447425,1989,0
2022-08-01,107.03054922292249,0.0,1.1751064959691375,18.470436916088385,2640250.6161613474,2005,0
2022-08-02,93.8028388999026,4.846510887145996,0.0,39.79854000718104,2100000.4667109987,1762,0
2022-08-03,329.47115437466766,264.14871194958687,2.716302305288445,81.79060209175415,32068144.26903001,6181,0
2022-08-04,1057.1405644440556,3291.3094975836575,8.89897529435449,488.52839961332904,82266965.53063275,19909,2
2022-08-05,773.4154075441667,1195.4350927248597,13.946726996029478,248.50918039971756,65110395.31273523,14539,1
2022-08-06,2253.2303841751514,4909.147690087557,23.738621217456647,1396.6708399078539,129698936.94797122,42547,3
2022-08-07,912.5335620467556,2751.109362371266,25.067601515773177,388.3755853686697,67122841.56760271,17174,0
2022-08-08,1365.2475405306013,3012.8655751645565,32.97809722085982,631.4242472617228,93196095.81404719,25706,2
2022-08-09,821.0273430911893,1467.8734594136477,13.719722314213097,287.8993570222709,61105028.699982814,15433,0
2022-08-10,744.995180366966,566.5217244923115,9.378020625085611,216.2998935963013,54846292.345214866,13988,0
2022-08-11,516.6932283375758,220.2825557589531,4.089135171932737,107.97509560979752,36608977.19572345,9691,0
2022-08-12,374.7811561928034,0.0,2.29542208802862,70.79047957520403,27273027.511017215,7026,0
2022-08-13,44.46123858781255,0.0,0.6407626687780382,8.25423403928028,1419803.2783906627,833,0
2022-08-14,7.088968437991876,0.0,0.05340039469058346,0.9586389748428075,471604.8799220281,133,0
2022-08-15,29.800691064629337,0.0,0.31995553917149544,4.3735578800765,1329632.668887176,560,0
2022-08-16,275.4080465437096,0.0,2.609088425442807,50.396172794335506,31776006.084612574,5170,0
2022-08-17,329.2730224864749,0.0,4.038260485256696,61.31423272787568,34759809.096533015,6182,0
2022-08-18,382.41218594178997,157.21817182004452,2.394410118217278,105.38296567813842,40548789.3504733,7185,0
2022-08-19,512.3508177322584,158.94364278018475,20.911768333043618,114.77040316317326,48436752.496251665,9619,0
2022-08-20,800.1278447300442,240.56030067428946,23.001973649374307,207.29294878950964,65142759.340467766,15036,0
2022-08-22,1752.0091570844158,6314.4938007909805,22.280892051572266,929.606066206174,106617765.30004422,33058,4
2022-08-23,1597.7116799490998,8852.174559060484,31.012359576352196,1106.0948082160212,83084429.16036141,30202,4
2022-08-24,1168.7245984971332,5509.151629174128,21.577774094615748,859.0706980102406,63164228.80627485,22092,1
2022-08-25,571.1522486988422,3354.6218126788735,17.509102453138556,283.9846873503819,24796744.473928493,10756,0
2022-08-26,335.7126025041165,46.67935672402382,6.537870972648819,115.23357931739888,14984667.675235637,6300,0
2022-08-27,207.5571462337957,15.879871040582657,3.599430617779144,80.70239298145026,10938257.03247632,3901,0
2022-08-28,114.03995508476501,0.0,10.428375593548301,20.4744198799815,4480187.022185665,2146,0
2022-08-29,512.5434970079157,20.289490073919296,18.170688023490325,104.76586766092552,46745039.08918466,9640,0
2022-08-30,689.6080100622316,140.17720928043127,27.959796150121893,158.49922915273902,59588346.42526712,12962,0
2022-08-31,947.6488973261455,260.2175708785653,15.684601775625563,273.4733551034061,61347885.40532672,17830,0
2022-09-01,516.549678027284,219.74569711089134,4.2968644845058215,102.46372958265603,29472883.47263658,9698,0
2022-09-02,1071.0994743816843,4138.349864043295,12.135815649049862,556.4763657618951,59468399.04040191,20206,6
2022-09-03,814.7862435038946,2404.1385090872645,12.198881259477153,471.4424883706617,49887107.95622711,15383,1
2022-09-04,420.4865445395016,52.70246148854494,4.044302684780942,82.64473085474545,35273355.384572126,7891,0
2022-09-05,465.73164360682387,60.73453563451767,4.036415077821537,89.73889744208384,39634373.571196854,8746,0
2022-09-06,638.6083847952929,481.2211863845587,11.809875414665656,159.99612885591995,54081048.65243366,12001,1
2022-09-07,2208.6695142582835,6405.311244186014,36.40121606019147,1366.0373123659615,116078120.75604235,41785,4
2022-09-08,1094.9396291353303,3406.466631029267,22.25550762329662,537.3943735584307,68188913.68377158,20655,2
2022-09-09,2453.551475292379,8243.918165948242,29.86149183486622,1264.6727501975531,141348090.1171879,46368,5
2022-09-10,681.3360620612345,714.0967592746019,5.484719412317603,209.86855950513132,49423017.63243124,12813,1
2022-09-11,441.3848009775834,343.28475415706635,4.414167850756295,162.0065175399368,25946911.8038494,8294,1
2022-09-12,423.54451189924515,128.16001731157303,3.350135488380792,130.4152859892922,21864141.22468042,7960,0
2022-09-13,368.2564585003082,0.16451099514961243,6.336317873342999,68.31901471059865,31952543.335959863,6913,0
2022-09-14,447.80646035755126,128.49705825001,4.291158368733196,102.15053614235605,37027597.289018765,8418,0
2022-09-15,270.53483707013334,82.93966541811824,5.495779228465343,77.73145677227264,10986175.19875591,5079,0
2022-09-16,300.38267286977833,58.66960575804114,4.658738315051203,80.82077046311754,15101806.48520798,5638,0
2022-09-17,735.1744991130638,4479.269071502145,18.60631859428476,319.0832566559277,50429667.01859973,13858,1
2022-09-18,984.2803401041158,4527.031060345471,17.90289836731633,298.21631815272093,72084319.63323939,18531,3
2022-09-19,975.465791772297,4602.571396227926,17.89864342952388,353.07084266994985,75700103.00616506,18378,3
2022-09-20,920.6757764984034,5215.484722401947,19.85912060348108,385.20053158742127,63982613.53107621,17339,2
2022-09-21,1225.342926865005,5853.31678999681,25.694886406738078,694.2849013074668,89883346.07907292,23121,3
2022-09-22,1248.06863719233,5949.463470180519,38.22396863470546,690.9671905784281,80251432.3772302,23557,3
2022-09-23,1132.501962566502,4097.48336430639,22.208677707263607,609.4060170022559,68397703.45949438,21379,4
2022-09-24,958.4453865033316,5212.633314091712,39.58332206071758,537.8494928732839,63889195.51925768,18086,3
2022-09-25,1732.6312315479481,11199.32127124723,52.054457790946316,1202.729844943157,111191631.14753465,32757,7
2022-09-26,1820.6085122334978,9450.614057887462,87.11418686197746,1301.485370927133,127157106.46142532,34428,5
2022-09-27,1589.5669588847302,8786.927055288106,45.73745075414212,992.0126271630585,90830418.19631687,30043,4
2022-09-28,944.0071498575134,2884.2752272823127,35.95699471407596,498.3604881147366,68903558.25122362,17805,1
2022-09-29,572.6968156412622,707.7516461350024,33.39479113490668,246.6309698081048,37355740.7683355,10788,0
2022-09-30,514.2075845199315,994.9929888463812,29.74274725789658,253.61096064148464,27697418.965967253,9688,0
2022-10-01,1464.5771998316686,5814.952244095621,68.29064441466208,880.2377283024125,106057336.14459127,27648,2
2022-10-02,3050.391718440045,15023.266125209746,130.66895582584976,1981.574163573294,198233538.18995807,57664,6
2022-10-03,2929.4126693010403,17458.544074470177,82.21712827695693,1811.3159155320304,180094875.47223413,55392,10
2022-10-04,1630.8128830174358,12380.75188882649,47.355152261959994,1009.8845213941155,94621022.3996651,30819,7
2022-10-05,1711.1716056878913,12872.097786087543,77.39429878554498,1162.3520255812784,98479847.63270143,32386,7
2022-10-06,1543.1124689963278,7841.691580835846,71.34677364350644,905.4704338069272,74537748.64122151,29173,3
2022-10-07,1945.9598409037003,10360.141067419318,77.1567757332123,1076.4088858244104,94253181.09077212,36805,8
2022-10-08,849.9716143103362,2211.4560221880674,20.834265049849876,285.25036514437585,26790728.370327096,16041,3
2022-10-09,406.43641351068266,381.15260408306494,11.75099070638136,111.01041009520404,16221456.34344977,7653,1
2022-10-10,447.2154102929557,25.31823705136776,16.025102582654263,103.79858159901192,22036713.247811593,8402,0
2022-10-11,540.9285489364332,18.862837788648903,19.24917599979919,109.75687211531601,35941277.85164581,10159,0
2022-10-12,721.8806701252495,2009.3148047626019,35.297826308231635,264.89504450090374,62187912.37726571,13592,1
2022-10-13,80.80199088105435,119.8263628706336,9.192520912542566,36.6551090734685,4491357.608620822,1527,0
2022-10-14,880.9020397416338,9028.50638974004,59.965691094325756,760.7406229599582,59411030.06591868,16696,4
2022-10-15,652.5124420144449,3979.861979170819,47.18351922053854,617.3303708904768,47597791.57021428,12372,1
2022-10-16,57.671960648288476,74.15760064870119,2.1687085680473848,44.39728338637788,3079795.6751795453,1092,0
2022-10-17,14.013652905986639,0.14623799920082092,0.26425142530208834,9.025318437718804,516824.42666257086,265,0
2022-10-18,15.530360262229244,0.0,0.052851363564746574,2.5463611186173907,187006.14793507993,293,0
2022-10-19,95.68965056146519,0.0,0.26570933303665756,15.175120477633667,3889486.5667886776,1796,0
2022-10-20,77.68024149298529,13.722665071487427,9.406960182715377,15.131270515680427,3142368.72538745,1463,0
2022-10-21,169.0945732261982,429.90633022226393,11.994787633122,99.31830816112232,11866234.35996851,3196,0
2022-10-22,10.976022936070528,20.202513217926025,1.5326084088410672,2.222751480972522,226074.1472775741,206,0
2022-10-23,16.069374624197163,0.0,0.5843424673070727,1.4919468909238303,187581.90210295003,301,0
2022-10-24,578.9225404174323,6852.345538467169,35.59853167772425,347.3457753767353,31709624.647888854,10937,3
2022-10-25,2019.7739245744783,13396.971357865259,107.62485823261706,1266.2898301876796,121059516.28195597,38164,4
2022-10-26,3515.1931622120856,19620.603631913196,231.380234037409,2280.136964643904,220166084.67982098,66471,14
2022-10-27,2861.3489054711836,17035.465642273426,130.96896121518915,1904.8514224821824,155253733.9345186,54104,13
2022-10-28,5097.639773131988,25495.49666598288,306.02658476340696,3584.4842926674305,303403342.0078708,96490,22
2022-10-29,2865.1896124105383,18648.181438250584,159.89683574490434,1945.8541438651744,166515123.50003228,54197,10
2022-10-30,3602.0702624805417,22418.80201455031,216.08088358519174,2638.276944127778,213984048.89826363,68229,21
2022-10-31,2457.558184053681,16369.818047126755,148.12994090618656,1828.0081079258446,150034995.10176226,46530,8
2022-11-01,2749.3046860215113,18144.915643569082,149.5486532017315,2059.386720963674,161054907.40330502,52054,14
2022-11-02,3947.824656359024,22630.159476626548,156.09545754930588,2603.3533893285557,219912228.54856876,74708,18
2022-11-03,2721.78539351415,18281.372845710604,120.72809047513023,1982.0720237126225,159693563.83379227,51524,11
2022-11-04,5526.4714580056125,30113.43459414784,271.6240036396835,3715.3578118253495,317624749.2068947,104624,26
2022-11-05,2343.9669239303857,13709.25218292512,170.00499249442464,1722.4119205401544,155624464.4521268,44350,8
2022-11-06,4118.423653084204,22886.288057396072,244.14550105792966,3028.0901847591203,251030693.59021106,77951,17
2022-11-07,3001.529420055498,18240.11486377695,209.5633238609781,2240.701728080526,177217345.39577115,56823,14
2022-11-08,3087.235876249957,19448.468328428804,200.66917405977426,2312.892592218621,186848895.97251615,58445,16
2022-11-09,3979.661349091183,23609.454416783527,280.3984795923259,2957.604082417439,250761728.63046372,75344,19
2022-11-10,2252.9907533185133,15210.860633743927,91.69606827463294,1619.5271797523767,148043919.25862673,42619,12
2022-11-11,3428.579420461755,21351.749349784106,168.07396263143903,2600.3452269792915,214603623.715129,64892,18
2022-11-12,672.1779076891885,70.91652899980545,36.06294380514588,283.42594819256647,44515654.17579112,12666,1
2022-11-13,3207.361858988614,19316.231179038063,105.04170399621351,2275.419844605678,185377085.18943772,60694,18
2022-11-14,3414.604339989239,22231.183875590446,145.24628289824656,2396.845212766158,190138476.59189934,64634,17
2022-11-15,4335.4833980659405,26521.6619056341,195.5611708952049,2924.7833586850793,253124521.35787708,82025,22
2022-11-16,5311.303813098614,30150.26781953452,308.30697684580997,3689.8373163862907,327987683.5180317,100531,24
2022-11-17,3829.809059749464,21946.724603155628,174.57605678924517,2571.2458752684956,234297892.49200067,72450,16
2022-11-18,6286.974350808982,29566.00891685905,306.5273355733284,4291.632009249716,376942684.8680796,119018,25
2022-11-19,2886.5133532168197,8815.440277123475,170.91114004914,1998.4229452863226,199700607.11139324,54596,6
2022-11-20,4556.111303734153,24053.285840349854,226.77790027884126,3258.952363971958,281773065.5290179,86215,19
2022-11-21,3530.885931897491,21734.577716189437,184.60211635541157,2535.3286131663153,204385199.83948803,66829,15
2022-11-22,3864.992973559846,24199.131035667262,169.23129633044607,2676.126436847016,238317817.3470519,73130,16
2022-11-23,4858.993145944361,28834.404895410757,244.47111525626147,3457.971936799733,286638531.54345834,92012,21
2022-11-24,3423.5675146629656,21216.427756066434,155.51282225551546,2575.375734441397,211924137.91990194,64815,13
2022-11-25,5143.020028899008,27591.762572039617,243.55919949064472,3704.428269032869,300794674.04240113,97381,23
2022-11-26,3452.425380900278,22009.35160500137,161.6975872579929,2619.4621137230774,207045973.53192315,65352,16
2022-11-27,4349.3057508958545,26790.325346642174,185.42452039695578,3187.8559753476657,251258838.10420284,82338,23
2022-11-28,3410.4511429296367,23620.713415781967,164.7131333630448,2590.026209630652,206902624.1097183,64580,15
2022-11-29,2825.2794386986548,19270.987441875972,129.60577688683279,1927.6459729854532,186067139.84445915,53444,12
2022-11-30,2998.1006589397675,21426.742899444886,144.15985285576062,2240.076991370717,179577192.96277976,56750,13
2022-12-01,2655.1500568339666,19193.866098976694,116.83537999293051,1992.966228222614,154178709.73807594,50250,13
2022-12-02,3706.781709632603,24182.31004209863,147.39422382108611,2732.2657834110346,208809013.82327035,70138,19
2022-12-03,3364.312074474707,20976.462440893985,122.07163844550116,2457.1104145314443,193260138.42810452,63650,12
2022-12-04,4773.272800913485,25271.048064365517,184.66861293138743,3322.2008506777956,283413442.88973606,90306,19
2022-12-05,4154.012795969041,26437.820184861077,161.33131700631512,2911.884782620628,233391406.69256702,78611,19
2022-12-06,4335.476621386779,26989.202743929345,152.82347449102372,2987.8329255931053,246282482.43608847,82031,19
2022-12-07,4751.708639227455,30034.64054003032,153.23494362629594,3103.730593334731,262220873.91628414,89890,25
2022-12-08,4283.875332127772,28051.133619651664,148.40068716348668,2851.8200546112143,253592323.9294881,81042,21
2022-12-09,4341.27178945684,28494.744798981585,154.89736793704844,2893.0021787980204,258428613.93952313,82138,18
2022-12-10,3767.9369601905023,25686.055377067532,152.06469908407252,2693.7953286189236,237712707.25238127,71319,15
2022-12-11,5016.204997386462,29648.58129723114,169.88251546458667,3304.7475631431844,293987701.1796257,94939,27
2022-12-12,5189.3976927283475,30355.926643275423,156.8867668598073,3583.461525881877,288270828.90059584,98248,25
2022-12-13,4241.4104951279405,26180.090883532073,125.21608885460809,3126.5040041521775,243250299.33569697,80299,19
2022-12-14,4250.982585132155,28397.514722877648,126.87715753100936,2971.6820738575625,244546047.34531823,80456,21
2022-12-15,4593.453359368095,30842.84191929968,123.9819507916156,3188.777670157444,257356084.6754801,86932,20
2022-12-16,4857.71716479029,32086.26576900389,130.33414740767557,3242.2168415525525,263728180.70128405,91905,26
2022-12-17,5444.076452618291,32987.88889488601,154.25525094415383,3669.5261985514317,302997637.44199044,103004,26
2022-12-18,5784.133348758626,32290.07409554138,150.83640471512425,3567.9686151014816,325044445.10141575,109417,26
2022-12-19,5146.242111706921,26237.339655257994,131.27874532343617,3279.30754442118,291997733.7474368,97362,24
2022-12-20,5078.9177137462675,29362.67697571055,128.0944019385769,3350.4109194640673,288714784.4342807,96088,20
2022-12-21,4241.205786995179,28167.521226365585,111.78430056767853,2828.4742335118694,247730327.0772154,80236,17
2022-12-22,4925.316254933147,32754.726782653946,116.48056917940333,3377.0241307098336,271802854.09047174,93200,25
2022-12-23,4385.173569501354,30826.960009456147,100.5695116134227,2933.1338575234126,246277051.9812774,82968,24
2022-12-24,5348.560666274875,33726.33961893129,133.41889386481608,3589.0461648853557,293498982.81806874,101227,25
2022-12-25,5166.187609296112,31225.005232119234,127.11148810170646,3291.3338921540158,292945573.88057345,97765,25
2022-12-26,4585.914331373429,28626.5358175945,123.35407273311868,3100.4561778662337,262096914.39023688,86760,22
2022-12-27,5097.5510610135125,33037.70677096723,112.87803720432348,3489.422326885054,280182967.2342491,96481,22
2022-12-28,4126.166530930862,28984.030299730133,102.87399366269432,2781.8331265864267,234539136.27693424,78070,18
2022-12-29,5165.474078431929,34607.95173071651,101.118821903845,3811.216287610033,268927942.1069156,97821,25
2022-12-30,4251.692602292095,29929.174005378038,91.77815681001522,2841.862159908077,240026333.13841304,80423,21
2022-12-31,5403.55726550705,34529.27999513922,112.79279313994905,3540.472789799289,294636656.3204589,102235,25
2023-01-02,2470.8141485649194,21146.06463709846,66.52762567906714,2057.3740540040053,152738522.0457245,46796,9
2023-01-03,5066.4444472776695,34272.53525419906,106.76720383049202,3599.870021416182,276541728.33733785,95891,24
2023-01-04,3883.6274811256626,28893.60661729239,104.70383366894903,2652.952549898214,216151399.8288586,73470,18
2023-01-05,6177.608414402044,36850.01069405116,125.88254446272984,4212.753205871031,322313921.8126122,116886,30
2023-01-06,4833.866246420628,30726.10046640411,118.8634082527649,2974.6084749890647,269093708.27102345,91383,19
2023-01-07,6432.246619883012,36669.607224505395,133.4601600085833,4228.768885632457,328837552.59344167,121652,31
2023-01-08,6026.93313126635,35647.44134380296,116.85643252469426,3945.512522375094,313814860.83864164,113981,28
2023-01-09,5799.53690949693,34711.33777781762,125.98103092502012,3860.390456482308,308187914.0090474,109678,25
2023-01-10,5747.21976124126,34627.088908117265,115.2537348650725,3867.9818362851884,314269707.31140834,108737,25
2023-01-11,3163.874480660091,21148.90245551616,90.79632985900723,2017.0739499102235,186439549.61671817,59797,17
2023-01-12,6055.144564119359,34023.13362465426,125.28419312308283,4359.72590799576,317213530.5530671,114618,28
2023-01-13,4446.563402556487,28590.463501645252,107.3015721227439,2991.6197689752207,260342136.19377825,84130,18
2023-01-14,5916.116884222466,35364.8012346793,123.4984727531762,4049.202488511111,309098093.1223331,111934,25
2023-01-15,5344.513126766536,34468.204044351354,109.0224773594379,3457.4547455947513,286479495.33064276,101083,22
2023-01-16,4567.35216031964,30689.908389121294,108.59273424342786,2956.9574773204363,253651655.9584929,86352,20
2023-01-17,6907.626561415811,38578.820782862604,124.57531763571775,4496.986709834175,365245377.9433351,130693,29
2023-01-18,3406.2146159106264,22552.781966773793,99.51773584053764,2117.0766715964082,209146494.97558832,64364,10
2023-01-19,7172.409987845895,39766.65404221788,124.07518679650384,4775.44109738445,351313725.4480303,135680,30
2023-01-20,4356.31472564562,30740.354365361854,99.12103731674581,2750.9452045350513,251744841.0466946,82383,18
2023-01-21,5627.019414497937,34758.39989244379,114.6256264436885,3823.713633127221,300319687.1224397,106459,24
2023-01-22,4821.484886117756,33349.06632705033,98.23764033464263,3483.1213134804243,274287362.8825763,91278,23
2023-01-23,4384.267700817553,27840.189780585468,98.53186599953489,3167.2338743091873,256664552.5629098,82987,22
2023-01-24,5385.492235007568,34318.24635003507,102.77487497902152,3739.846185120969,304083639.83944505,101963,25
2023-01-25,3258.2015221901424,23502.419596981257,86.61715495719872,2245.855520617306,205310231.60146224,61644,10
2023-01-26,5767.178758456571,32256.430388510227,116.72080366716148,4155.220291008207,308838858.25346065,109156,20
2023-01-27,4734.580879310826,30043.08027900569,103.10351252182714,3477.9335999549553,254260527.75404015,89635,18
2023-01-28,5858.266402697758,34625.26458954997,118.9687507532645,4191.059342794401,306124747.16041553,110876,22
2023-01-29,4968.168434949734,30422.686314316466,96.34460767508517,3433.250556851228,278997925.65994084,94004,20
2023-01-31,3286.5687403330153,6681.367036499083,54.24265950624589,2125.1722023318152,188613244.9553169,62129,7
2023-02-01,4267.245692122473,26198.071745418012,103.79039077957842,3145.5689444750524,264162503.07982865,80769,14
2023-02-02,6105.176846719753,32832.85474928096,120.15678006395598,4413.940958915526,334281778.89731914,115554,22
2023-02-03,4713.032417286856,31132.326826421544,97.57965412726583,3340.058995568461,264213277.68736714,89197,19
2023-02-04,5374.5836818098605,33342.8032726571,110.33948158112433,3768.355634215662,283576092.7380741,101716,21
2023-02-05,5985.385084905791,36435.334415297955,107.51978955181859,4204.514452322101,308926653.72282326,113284,25
2023-02-06,5478.865368917779,31950.377667540684,105.71329861998628,3819.203119175513,296578105.5951088,103665,19
2023-02-07,6705.407162683895,38198.84130677208,116.28370562205912,4575.8405925980815,347515759.7245716,126889,26
2023-02-08,4054.673639585157,24519.944203162566,87.95061464462124,2960.6172332261353,229436935.4299407,76720,15
2023-02-09,5541.322888442731,34900.99849682301,103.61944390311369,3825.601651585797,297430060.8506758,104853,24
2023-02-10,3965.071025160328,27840.42941941507,91.50032412313027,2746.0482178151474,231825211.30414805,75019,14
2023-02-11,4956.2103827108485,31235.86057811603,102.89067614865036,3417.6738090891818,282477349.96386516,93779,17
2023-02-12,4903.7335454916665,31772.6723061651,97.28831776838977,3453.752823914778,268182987.4811415,92791,17
2023-02-13,3959.6915597112356,24902.107007350773,78.19164086512744,2651.629064333385,218469130.88479668,74883,15
2023-02-14,5043.294462899819,33278.064675521106,95.986274374129,3381.7135722946073,270960639.033926,95396,23
2023-02-15,4094.1940707848025,28159.192188732326,84.21321714270316,2888.6991464642583,240372733.5178087,77473,16
2023-02-16,4540.145003271114,29340.56092911586,95.0551175814533,3171.1721290646037,274059355.2140659,85906,18
2023-02-17,3225.190577594069,22990.769411507994,86.16740457391352,2346.1149266745724,218500641.2258694,61047,10
2023-02-18,3464.7688088106493,23723.220232967287,90.8327778533472,2430.3939436558267,227180647.22088957,65553,11
2023-02-19,4413.97100790924,30236.025793269277,94.6550306198436,3125.2911211973,238579515.71581277,83550,16
2023-02-20,4627.939702759652,30062.609257329255,91.80869910189811,3231.8549077514854,263880301.6113432,87573,16
2023-02-21,4991.388095800943,33071.977541889995,93.06971038964296,3429.093803436598,281149341.22337097,94448,19
2023-02-22,4297.887727772162,28473.99183888361,79.64064196836222,3060.1093103394724,254458620.02825984,81334,17
2023-02-23,5006.54118614252,30023.13908347115,86.57727197086275,3558.8305134250936,289757977.38372344,94756,18
2023-02-24,4559.49401548214,26847.92650531046,84.50896933386701,3478.740180703571,268379490.51518467,86336,16
2023-02-25,4539.580565245526,29457.01116343029,89.17776728202938,3651.1059245763986,252918591.97589067,86011,16
2023-02-26,4542.77617822392,32222.827388100326,85.07823389012934,3505.1645161144866,236330659.49739528,86065,17
2023-02-28,3995.9771789522165,28890.942903660238,74.84944033829035,3042.4985769099508,213843937.5107948,75689,16
2023-03-01,3486.827884409722,24107.077995613217,65.77382484687068,2853.4964008567986,187296376.62536663,66074,11
2023-03-02,4351.198546178152,26992.556791704148,78.66077383392123,3282.942363615521,244241603.09563175,82423,17
2023-03-03,4577.111610689159,28749.374854005873,81.06977306890643,3649.281703893565,240421910.70272487,86733,17
2023-03-04,5476.486473419767,33606.05612573773,89.52090889324877,4260.87107455533,287369316.57931083,103753,20
2023-03-05,4617.389939936304,31234.23705490306,87.57719549765287,3542.527235215552,247211596.17839438,87462,19
2023-03-06,5159.392205105187,31939.679949901998,89.23711457206329,4075.9234647115,275399636.70810026,97732,16
2023-03-07,3886.9421088526983,27292.27389153838,80.16600134239212,3016.897047782821,216193980.16673172,73610,16
2023-03-08,2001.3861896648107,17015.809377506375,51.88332837328271,1508.9429074150744,113062700.34168306,37891,11
2023-03-09,529.3396305804738,203.21387650072575,8.905640240300874,245.80869599839676,44401615.11189556,9983,0
2023-03-10,925.7585338805335,5679.864954248071,25.450315871030696,720.8209696497796,63597352.171507224,17522,3
2023-03-11,2409.3203599182466,22322.058174431324,64.99802639061735,2075.540101154376,151942736.409809,45658,10
2023-03-12,2281.259310360482,22884.16524841264,64.92895228987365,2021.4775703835292,136905478.34458968,43249,11
2023-03-13,2531.5131271254227,22338.58249683678,62.403353920272146,2268.9099081791032,152306711.57539037,47994,8
2023-03-14,1436.2864444520142,17397.426496926695,49.47503682996215,1313.8756594829663,87957979.84818783,27232,5
2023-03-15,977.589226136289,9554.591771170497,33.49651334106296,895.5434453940909,57417417.26609952,18537,4
2023-03-16,1991.918843188676,10743.011264547706,33.86984514660136,1777.8604838642054,124345644.51765049,37767,8
2023-03-17,606.5938252266487,3569.707117334008,8.55789162114871,499.3654760858491,32965973.941964976,11492,4
2023-03-18,449.9631982894926,1785.5379130765796,3.586866500782579,415.8348668766846,27861501.38327321,8532,2
2023-03-19,145.0052299616267,2528.373369142413,3.0099386407459496,128.02551533112586,9950606.208092816,2747,1
2023-03-20,747.1319026683187,9548.659606270492,30.007771703497735,656.3042594026857,48116472.64417275,14168,2
2023-03-21,1826.4271941556644,20612.94476191327,60.132914867522935,1552.6391264760468,110688941.70612349,34627,8
2023-03-22,2302.831712842907,21700.498306903988,61.39444794534426,2000.046320366646,134088617.51229969,43661,12
2023-03-23,2002.3944651899074,17536.50024112314,49.154892074547185,1785.5954836036651,121313288.91309868,37968,8
2023-03-24,2301.324947951126,20272.60189747438,57.60979531060297,1899.6177224587307,142192543.92293894,43599,11
2023-03-25,2314.418358334023,20671.87914809212,57.8042661265978,1904.0026848978555,136668816.6583231,43861,10
2023-03-26,1893.0377712154684,18634.517175156623,49.99778649029535,1528.0814640571473,111512225.73342168,35870,6
2023-03-27,1348.0150556675746,12124.046064022928,37.08883024579782,984.4533628948362,71559706.12923063,25529,3
2023-03-28,670.4939643541917,3352.797296125442,13.141021260368547,486.3459891999123,38408321.47192431,12699,1
2023-03-29,1477.107746607318,11620.809690970927,41.48924078883693,1072.3574359218635,92536710.6043252,27943,6
2023-03-30,1681.0961112873456,5941.326239708811,22.075671136374098,1313.1311217618197,109519997.78654896,31823,4
2023-03-31,1770.214177880987,16290.793784879148,48.984714598309125,1361.0669760624537,120249982.5728307,33502,6
2023-04-01,1840.5926595960266,13571.364821352065,48.014976629127375,1291.4319124166268,126569712.26606089,34806,5
2023-04-02,1459.1341602308025,12544.663642257452,48.035223932774166,944.942406128018,104572327.08479072,27570,4
2023-04-03,2452.942349400747,19521.754886478186,64.28803125355635,1809.1643426390021,158483585.56380704,46425,7
2023-04-04,3125.6033674589753,25068.204062800854,74.7078464463803,2478.4321048814254,173105840.25806335,59217,11
2023-04-05,3208.2662414824154,24926.535971466452,74.93562600413786,2507.5583566383375,196948709.06958738,60761,12
2023-04-06,2743.548034834152,20649.726578086615,59.27140802473202,2063.789108937168,171140629.15394577,51928,9
2023-04-07,1397.684568854803,4147.746411532164,14.032355431665136,906.0184831748641,91737048.0217434,26408,3
2023-04-08,2541.1854795404715,13997.20269388333,41.679031906435405,1913.2913612897548,146592673.74502918,48093,7
2023-04-09,2292.644221544574,19887.279006946832,64.72140020131039,1757.1897096592488,139984252.76207978,43394,6
2023-04-10,2919.5361288097206,22942.66653175652,71.4709908373203,2289.9743468827323,170338679.7267908,55282,10
2023-04-11,2329.4483490105713,21250.953408870846,61.94427890063857,1805.5043445196534,131384340.5822525,44110,8
2023-04-12,1928.4410768398309,18803.67651378736,53.34488029881426,1425.035658070082,110240633.92042044,36503,5
2023-04-13,345.5189981514676,2382.378559987992,13.348508550744429,141.25175269984243,25030893.559926186,6514,0
2023-04-14,118.45817700951247,0.0,0.8452640715414375,17.304661152580817,11511682.747049091,2227,0
2023-04-15,173.7252083456268,0.0,2.387731453590849,29.345204278561454,15998037.131895518,3265,0
2023-04-16,195.0265789144451,1.515832006931305,2.604909398543452,48.28469823513434,11580350.559565777,3666,0
2023-04-17,1076.8360652733716,11371.41050549969,35.16833704823452,778.8655787596176,75832711.1400794,20366,5
2023-04-18,1374.2940631007214,13914.091339357197,37.764499087791414,1227.8070790114618,90239076.26742473,26045,6
2023-04-19,1613.3215563381495,13961.791028246284,41.21777221182385,1306.0718345444293,106661652.62028517,30539,6
2023-04-20,2403.7419430443406,18510.65349336341,58.268931531632184,1900.1845104794209,151381729.93352714,45506,9
2023-04-21,2402.2809271278807,20272.435108862817,63.70439776555113,1924.493136833443,151458513.80125317,45494,10
2023-04-22,2332.842772450924,20893.454877875745,61.298059763347226,1927.822812481267,140204593.07431316,44204,10
2023-04-23,1367.6342104657183,17634.28929417953,51.05144465608109,1219.1754662180426,85692928.0034645,25929,6
2023-04-24,1842.1863375367157,18920.3931222111,55.44596568160855,1492.9704080601975,109069320.84805918,34904,8
2023-04-25,1754.9613610694382,18004.912308525294,49.67968940912655,1593.1637088081177,111980003.13067813,33280,8
2023-04-26,792.3568221218154,716.0003306418657,7.90359540758368,483.42467232988434,63965939.536691114,14971,1
2023-04-27,849.8968489146993,713.2519288063049,3.290883197258621,572.5438468199848,71249890.25299586,16060,1
2023-04-28,420.6295574134336,109.14876770973206,3.242296150519917,93.36857327566577,40075504.43185145,7898,0
2023-04-29,1151.39839125623,7956.724802803248,15.460081755026767,944.2614629313322,80098998.9138985,21791,4
2023-04-30,396.85910336714943,3242.0324877500534,6.274129468736717,368.99886040910667,31571342.461985257,7523,2
2023-05-01,468.44469326473313,4740.360833346844,7.539595126079179,455.98098304687915,34720839.33830706,8886,3
2023-05-02,986.5631552337937,6343.491299636662,16.082269308309364,890.6297661944391,63490147.669333145,18705,6
2023-05-03,366.38396021990616,2656.0499321073294,5.43351816514296,290.50030902039,24272525.500377376,6935,1
2023-05-04,2262.611397869168,18354.90564585477,60.916454463899825,1756.723329994568,149002292.59777555,42826,9
2023-05-05,2006.133493350021,20040.57299119234,59.46625236913287,1644.8092082619721,122647900.68099011,37998,8
2023-05-06,3033.7917607372146,23294.809448312968,82.8239052422066,2181.6975860157804,202936449.98671997,57381,12
2023-05-07,2549.4253022220128,20791.70517661795,72.18564788277544,1869.7393463325643,167605416.18516025,48216,6
2023-05-08,2475.057863298423,19533.849189590663,78.09847864470905,1742.3801862470893,168332052.78517222,46790,7
2023-05-09,2071.5232200294085,17539.692543003708,63.32097136198708,1573.369762180499,126173276.47026263,39196,6
2023-05-10,1514.097767969298,10439.918232880533,34.07992479364024,1111.585771555159,97764623.55689363,28644,4
2023-05-11,1998.8274962345129,17218.957167182118,57.78244727379987,1521.0580122305587,130934600.33480948,37821,7
2023-05-12,1599.7450947326324,15787.622752185911,52.91484928450028,1178.3906531226592,96841014.4541069,30255,5
2023-05-13,1705.1407141605907,16014.318569231778,53.55940502420882,1249.2730162544444,105473481.19123189,32240,5
2023-05-14,1864.3516763229995,17954.94692901522,57.717147845505174,1425.9666321840093,105710496.30836296,35278,8
2023-05-15,2359.789756860793,19773.387651827186,60.02270987013866,1751.3461992741163,145657560.73690048,44640,9
2023-05-16,2943.4448863930793,22546.706869702786,74.54950409992875,2076.009066563363,180086593.46804455,55656,13
2023-05-17,2263.72892120873,19515.06549366191,61.14537766456903,1715.0168648455362,141577709.23221335,42830,8
2023-05-18,2354.1966043310986,18579.9466910325,69.9382887011652,1692.9880346943282,150420324.65248933,44512,12
2023-05-19,1705.672181285989,14268.69668026641,53.54714602842543,1176.771123864858,107077862.63632987,32229,6
2023-05-20,2660.889594715597,19551.150656882674,77.30551194927507,1808.592065393556,175612519.09695294,50282,10
2023-05-21,2973.4438959327963,20591.855334114283,76.38722624214839,1972.4451800323716,189269473.93362728,56197,10
2023-05-22,2953.9401299210544,21190.10486534983,78.91211586534862,1975.109197516066,187030282.62145343,55837,10
2023-05-23,2795.1841356447567,21141.054340999573,71.95204141277434,1939.7416732848503,174247978.8315403,52852,10
2023-05-24,2495.450317249252,20384.055002536625,68.22813144811816,1828.8002160449062,148712103.5597932,47210,10
2023-05-25,2665.0235650375193,19472.21467043832,67.15303834623498,1884.9002834073874,164546717.49793303,50400,9
2023-05-26,2500.568904984551,18677.656151473522,63.194887788593206,1785.9293135611454,145567355.43578607,47299,7
2023-05-27,1669.5523775320346,12928.61971673742,45.35695450749788,1078.2338829325683,98105060.24801266,31546,4
2023-05-28,1116.3260163563693,11292.9882860519,35.70792246787617,729.882137581027,60513515.85211355,21091,4
2023-05-29,431.44177008018886,8.655537888407707,5.528443940490217,108.60299588133361,14844992.938805731,8113,0
2023-05-30,1892.8807168834282,11292.575810123235,48.596024137860205,1177.0218209674354,118942347.17247355,35765,3
2023-05-31,2088.3381931407844,11973.932067342103,50.678793739483496,1281.161327749667,142093141.04536048,39461,2
2023-06-01,2856.4164171341386,19208.07316993922,74.42307587232658,1878.1298281910213,189993514.42120063,53990,11
2023-06-02,1344.1024255407096,7020.2341936938465,46.48439641974957,645.3062569278941,102338512.54394975,25327,0
2023-06-03,2601.021707307837,15785.792909674346,69.95135830023249,1703.8866022728787,172470465.14480832,49148,10
2023-06-04,1916.384093524346,10311.196145690978,54.685383865843306,1080.9515448548939,137341309.61794978,36175,3
2023-06-05,2042.2941343323396,11887.332125887275,50.35265812883626,1285.6673492236291,137682980.86009473,38593,7
2023-06-06,942.1850873368311,3267.4544071927667,20.135768486777522,397.4079671535572,74049504.62605168,17746,0
2023-06-07,894.515070021144,1093.6756500005722,13.922381487270616,340.90485159944706,69190312.15209694,16831,1
2023-06-08,1261.7385216362527,3137.481136664748,17.58101598642682,652.502853634823,96814617.96164991,23787,1
2023-06-09,1652.572040186014,10676.03503382206,45.428236829999484,1004.0578452235342,124237285.345077,31197,3
2023-06-10,1622.1469004238281,14155.764854885638,50.784477141519275,1135.524282530604,112306892.53168815,30670,4
2023-06-11,939.3597028479168,7801.13730603084,30.006269080246767,647.0893474193646,59244632.00356972,17748,1
2023-06-12,1262.3099878749335,11191.540300127119,37.017200384898146,955.3584178346642,74874116.68436307,23880,4
2023-06-13,1873.5739542844242,16445.337112620473,49.23890577931787,1432.9056063616356,117619645.34007904,35461,6
2023-06-14,2290.9896383538826,19183.840194184333,57.903302452263304,1707.8604572758875,151762191.2639391,43359,10
2023-06-15,955.4510765055303,3478.3288637697697,15.405099994141716,543.584190857625,72177811.04576266,18036,3
2023-06-16,1884.656322072507,14173.643551081419,48.54773623006208,1269.2948281464128,133583590.4224285,35621,6
2023-06-17,1688.0197939294678,12087.93729621917,36.31452894680829,1198.5387282613165,98035618.77697808,31929,6
2023-06-18,1295.716724249461,10492.166798658669,28.537127223288724,979.0115823181252,71977490.34691884,24520,6
2023-06-19,651.880869450395,4394.985997863114,13.824130128203988,309.458863646478,33221933.554059796,12277,6
2023-06-20,526.6601960797398,20.418590158224106,6.601099323060686,154.37158810273024,36297589.606219426,9885,0
2023-06-21,762.1046962606201,2273.6626616232097,25.18991731515247,291.485867457422,51832100.64963561,14333,0
2023-06-22,1724.2671473659846,15552.069699972868,52.63597369825289,1353.0871266951035,106622944.67098953,32637,6
2023-06-23,1444.0291529525161,14917.046939242631,48.92777308206332,1175.769352874955,88897205.95036021,27348,6
2023-06-24,322.58706413601914,59.60201574116945,7.429501448907555,89.88470028803661,15154048.642929727,6068,0
2023-06-25,225.84687038132557,0.0,5.726685215096481,39.901087535372895,10462516.423372576,4241,0
2023-06-26,534.3811103203103,204.3755156174302,14.32278816467028,135.15722513443657,38030068.02108682,10041,0
2023-06-27,1134.4418213323784,5715.298879045993,16.941089687272854,746.1401128616211,75783419.61367463,21430,5
2023-06-28,1751.6080830111812,13501.915502469987,54.88954909107236,1197.0727218096745,122601878.31674384,33105,6
2023-06-29,946.1404250189477,3816.2264751195908,16.167226880428768,406.2370704558028,67781161.29954162,17822,3
2023-06-30,545.5899683018445,301.44820442795753,14.309254692323295,127.50250101864474,48160847.34065227,10245,0
2023-07-01,292.0847170395444,0.0,9.95386348567523,65.38891917807024,24070048.31480329,5482,0
2023-07-02,232.3524827155813,0.0,2.4928810622897006,47.6119634472486,21631407.435389325,4359,0
2023-07-03,386.31954699181335,21.563906997442245,3.415355405108215,95.31178518161435,27936095.27210357,7250,0
2023-07-04,1204.2951731184976,2305.6319775544107,10.160512750129405,743.4188748004592,79733734.22282828,22741,2
2023-07-05,841.0284120739287,1287.1964083127677,11.358224013083477,324.371589673226,67421951.79984196,15824,1
2023-07-06,937.8313728498769,1316.9329312108457,12.708919404504586,514.3223033829981,71641381.93289071,17679,0
2023-07-07,369.7887868487615,54.42294366657734,4.027396958358772,135.6911555125579,26448489.797820218,6956,0
2023-07-08,399.0884627711301,513.2308596745133,4.9354415385632855,191.7313775444046,22950184.31380004,7521,0
2023-07-09,414.06716228269664,1.8463759496808052,4.259385810755488,95.03318979299462,36659655.85722037,7771,0
2023-07-10,743.7950956081821,99.71137689054012,12.356359887374143,185.52166539940413,58915464.49273639,13956,0
2023-07-11,582.7354856586584,13.677782222628593,6.766170071745425,140.71653384182056,45249962.3172883,10931,0
2023-07-12,588.5713425947016,186.19478930532932,9.874266431147252,141.53301791617903,46116547.59358202,11042,0
2023-07-13,1420.7104000242366,12302.914999049157,50.82511494955333,836.9759038681782,99062509.03415965,26813,3
2023-07-14,693.966740800108,931.0366934984922,21.060003926569546,262.4266547455966,58172889.27671591,13053,2
2023-07-15,1538.8649446497018,11818.277733597904,43.96714717263237,952.7286119539998,116443971.79309629,29041,6
2023-07-16,556.8332183726102,202.82623797655106,7.718760423904559,180.37361988534926,44884389.26305886,10455,0
2023-07-17,1755.6575822594675,13537.85256004706,40.82663452207657,1161.2239893471026,122954813.75468749,33148,5
2023-07-18,2445.1324583528285,18580.586950417608,57.521491868499474,1738.4632509375863,162933438.35230333,46228,8
2023-07-19,2181.6246137391004,16560.93154456094,56.667465347218084,1510.4891263525942,152751785.6204801,41234,5
2023-07-20,1495.0632224774147,8061.865148751065,29.855518714007786,671.592335026701,95967607.45921713,28186,3
2023-07-21,498.66719400746837,2.376444935798645,4.9543334352168085,122.19066433390432,46949726.66079189,9357,0
2023-07-22,460.83364460488434,249.8688369989395,4.9099269814961914,121.84898767039662,37176016.24361769,8645,0
2023-07-23,809.4774740720591,7015.313579663634,25.028312225550682,580.8466494643926,48215639.6148423,15298,1
2023-07-24,832.0957195057246,1881.044510319829,11.951069446437774,531.2308099684243,43143753.72230762,15709,2
2023-07-25,2223.1255032057916,13238.550594136119,42.08038012825062,1550.2401246087668,148087750.8884344,42036,9
2023-07-26,565.6049812132026,655.156267143786,5.719178295348817,222.85538966657614,49686199.6169402,10643,2
2023-07-27,555.6651405920593,20.9520201086998,5.489497057686977,140.2270940507695,46695964.30529302,10423,0
2023-07-28,240.5053053631817,0.0,1.4943073427020928,62.11241385068522,11615054.27489979,4507,0
2023-07-29,1356.6781459008996,12015.823307167739,33.252344900936755,1060.7467020594697,79245945.98875126,25658,2
2023-07-30,1373.5150508119057,12045.948327910155,32.82427803856134,1052.5478747451323,80795055.30285107,25980,3
2023-07-31,269.1602787260357,0.0,2.0284509921829037,52.902603253925534,11434933.419652449,5045,0
2023-08-01,243.44321401518653,0.0,1.0682048684971523,58.151474275428434,5201849.767706724,4560,0
2023-08-02,70.51597418906692,0.0,0.053420870036191795,14.411716736699521,1384990.08882593,1321,0
2023-08-03,209.9571407946671,127.23453929275274,0.15955375995006355,86.30838261701552,5112109.3685400365,3945,0
2023-08-04,344.3397832593812,2511.929653953761,3.7453555165955246,251.53208599103536,16788515.564863995,6516,3
2023-08-05,307.5489009041756,176.06406722962856,1.2743109632616638,196.04590460955953,13735945.240861055,5808,1
2023-08-06,919.340954261481,4673.933161877096,7.156659835175434,519.3298234213789,45012460.185221344,17363,4
2023-08-07,869.539046794395,5102.513435073197,20.793624776909628,441.19551564293226,62599660.893906705,16398,3
2023-08-08,1601.3044867051824,8773.636055279523,18.33401078479063,1120.7287519404936,106345129.60201037,30279,4
2023-08-09,1760.800910542787,13089.561847776175,36.20646330033965,1345.6608236025688,124405454.23147775,33314,3
2023-08-10,1425.683559746376,4883.765547722578,11.543141914706846,948.7857285170678,103064036.72977966,26932,2
2023-08-11,1835.5706799876475,11107.118540290743,36.82084085442134,1297.8478194039587,119434788.46869968,34708,2
2023-08-12,894.1408476889034,346.15343806892633,13.708303923135631,320.73926598937413,59823615.944407836,16824,1
2023-08-13,1267.3756535460207,2131.195286400616,19.965935915720326,601.9404716622429,77965032.50334145,23893,1
2023-08-14,725.5347071858062,104.81918109953403,18.690884223142106,199.83651713399237,58531328.97785341,13634,0
2023-08-15,1830.8271033395886,3340.997935462743,46.71738231544895,1024.2097735385964,121502274.04087856,34551,2
2023-08-16,745.0483053664425,419.1388278603554,28.41874376662278,287.2950296475059,52326578.87773751,14023,0
2023-08-17,1614.3325011469528,3579.7917270436883,39.68043510893953,873.3849025580922,110187581.74986722,30465,0
2023-08-18,1209.0367044808418,7850.334420375526,29.200944251025987,516.3482542247677,79230933.65023041,22790,4
2023-08-19,2136.9459528893776,11712.68497664854,59.260051774093576,1147.5770496168059,131147668.57221682,40351,5
2023-08-20,3144.624427125881,18971.92932126671,88.26092839634184,1957.977739767786,184610262.26795,59451,11
2023-08-21,1989.314265921299,7849.605963658541,40.288411386203954,1154.6826284559186,123016889.0720084,37579,4
2023-08-22,2293.611839152792,13944.996639572084,51.15796812218749,1382.9587868238436,144793323.72295794,43344,5
2023-08-23,1788.8905890792576,12515.923409759998,38.453974053005425,1150.1643007202458,125303037.92652568,33810,3
2023-08-24,2691.950288609842,16460.79633229226,61.336181654038704,1733.4166260465404,173025754.0379954,50898,6
2023-08-25,3143.076390882037,20316.72032740712,65.90744107832198,2070.43697729578,191394830.25106138,59439,10
2023-08-26,2386.917886576665,16908.45055296272,72.73833109295842,1524.6111819346977,153666590.36335516,45118,7
2023-08-27,2720.146258302849,18207.79067171365,61.86374037143764,1718.7727326710526,171403508.51794687,51411,6
2023-08-28,1507.811250948988,8287.952660873532,36.0098915492284,839.4339315440546,108469126.62312812,28469,4
2023-08-29,1250.4005180561226,2882.516701452434,19.864804293747845,660.2245231991633,94372582.85985905,23591,0
2023-08-30,318.97038459285534,0.0,3.0349728382287657,79.83864175368983,25110734.258811407,5984,0
2023-08-31,343.3296161310753,0.3076469898223877,5.202079407318769,79.74405955037129,32589185.77936406,6444,0
2023-09-01,563.6862775000051,446.3766239732504,6.964226576265057,192.43450532419013,36755311.508650735,10604,0
2023-09-02,1191.2958366848818,4018.25941773504,18.697701024387413,634.7650037889049,73846687.04628089,22491,0
2023-09-03,2473.3697621507667,14650.673268578947,51.278174374700185,1614.7760323134594,151806531.21893972,46755,5
2023-09-04,1308.1378595462704,5956.822677537799,20.613886779962332,709.7586527442035,91475230.02981718,24677,2
2023-09-05,646.3634968328182,12.811509847640991,18.081317981156623,162.097557172263,56403917.09557579,12135,0
2023-09-06,437.3046630441109,0.0,5.429337596643304,106.13292258676555,43601603.90129673,8206,0
2023-09-07,459.29956238754625,1079.1598055958748,5.975561523099959,337.5891299670452,25948227.371954944,8685,1
2023-09-08,1453.0074044010742,14914.407360173762,47.66491753026081,1158.6773382357608,86967193.3136646,27504,5
2023-09-09,1413.190477693912,13839.440101068467,51.465784486891,1132.4457646025924,84985066.29953918,26755,4
2023-09-10,1490.678175221978,13204.97189643234,46.78289637787702,1191.1742573209349,89283294.68462357,28220,4
2023-09-11,233.14090451081628,191.55676405131817,2.8017736270546907,103.65388233958937,8411469.997608287,4393,0
2023-09-12,265.7662380487443,219.7997505441308,0.6362088959864479,149.19636019326893,12758460.954543298,5010,0
2023-09-13,918.9101296423768,4653.880777385086,14.98084716373759,734.8871577684858,54708014.39379063,17392,3
2023-09-14,1785.2291803904718,14942.88789127767,45.21077056081551,1465.2002868432905,109180547.57236604,33825,6
2023-09-15,1984.667818447301,16763.36252117157,55.04138517734065,1592.3270560021765,117798127.94052611,37591,7
2023-09-16,1216.0803208167501,11916.373151253909,36.032585442189685,955.1283454137233,79407881.57560365,23018,5
2023-09-17,659.7389839442122,170.09491204470396,20.64985573856251,210.33507196782645,53390667.457364805,12402,0
2023-09-18,658.9317458884158,4606.112643759698,25.00206905448,250.23944284719653,51508429.85004831,12407,2
2023-09-19,576.582068724969,2249.965712096542,23.950269774082773,182.4088718301542,46711248.87993632,10857,0
2023-09-20,358.50115136513455,3336.955402765423,8.978573732534187,135.14517190021542,29257588.292392828,6753,1
2023-09-21,270.38840378653106,136.94551333785057,2.2300738546108327,63.679959521971,22790020.933860783,5078,1
2023-09-22,460.3426588992343,405.1079935878515,4.518928401761954,112.9612235710937,43169665.080557175,8646,1
2023-09-23,522.7340778660812,358.9551118314266,7.2199212050921435,141.10201552965734,41806557.011801,9826,0
2023-09-24,470.93281049057276,141.24227361381054,5.10243242507087,129.62807973085177,41946641.169884115,8852,0
2023-09-25,154.89146735490866,0.0,3.556107892714748,29.797916472136148,9251611.799089981,2904,0
2023-09-26,283.6260166023716,10.947335973381996,2.1244151729172,98.60171139642738,16266212.28729137,5333,0
2023-09-27,1040.6411230771444,9864.960946474224,33.89071088003311,695.525926169595,61659417.074414425,19675,2
2023-09-28,1607.6060686189055,13970.126478482038,53.2275529248857,1049.5389112646458,101054088.92633422,30394,4
2023-09-29,1734.6741114516135,14133.25580278039,71.9894988997946,1162.3684351406393,122096218.81584242,32800,5
2023-09-30,963.9705761865291,9010.811355125159,43.438589601438785,516.9392899412267,63366367.496951826,18189,5
2023-10-01,2308.806481423755,16937.91593548283,67.28246728431444,1619.327233105687,140287239.0133773,43692,5
2023-10-02,1704.218556098373,14074.931097794324,69.91208959545833,1259.4910699086856,103884417.04043573,32255,4
2023-10-03,2397.3272465400883,17838.819909173995,83.74566544615249,1727.026406742894,160788504.3384848,45372,4
2023-10-04,1930.1581067452296,14185.671962939203,74.6717957142632,1327.5754697739237,141341099.7619654,36501,4
2023-10-05,2277.5727847480985,15104.000654622912,81.02203051691576,1609.763314652538,158886230.07936832,43093,4
2023-10-06,2690.7662191126083,19073.734547406435,100.71050950059652,1925.0455768625886,178014207.8557629,50927,9
2023-10-07,2645.6565565160026,18960.744659617543,104.15292395287292,1932.3785642446614,172474040.57322785,50084,11
2023-10-08,2726.8333811625466,18963.67848167941,85.62500007878555,1960.7280996813133,171321970.22147298,51628,9
2023-10-09,1946.8954196039617,15099.018520470709,80.19281509901715,1496.6971492995683,120682948.1349008,36875,6
2023-10-10,1888.9924495911362,13191.466634113342,85.59544323116818,1385.3212291600673,123994403.62218691,35763,3
2023-10-11,1025.7158111781107,6083.534975696355,63.399957291927805,737.4748508278213,63677036.78989311,19415,1
2023-10-12,380.5976624861475,867.9550288207829,31.133869215780035,202.6419284493106,23340988.374738753,7187,0
2023-10-13,383.4937350337044,1818.4591448754072,10.569168664807219,269.1789694075279,19314168.83535799,7253,1
2023-10-14,452.1327211790643,589.9146766737103,20.864351244728983,175.414204808831,30509396.111556947,8513,2
2023-10-15,690.0574678312266,397.3082136362791,24.064186727368583,235.68610426980285,54530635.654712096,13002,1
2023-10-16,330.8675696748361,17.418078169226646,30.336107168025872,85.55991285033782,36457687.35212164,6225,0
2023-10-17,474.6666139512894,914.578609585762,27.210244750722406,315.24863544968525,40901834.04907034,8980,0
2023-10-18,1487.3405517649376,14221.782690525055,55.47009709700317,1258.4883006607154,100261629.12738067,28191,4
2023-10-19,1520.6089553332085,15095.297748923302,52.08433913249959,1288.1278219716005,97949259.79261558,28822,4
2023-10-20,1536.886589370255,15882.057905375957,42.562682273087965,1295.9090965108537,102166280.49246317,29132,5
2023-10-21,1220.1259296218022,11898.239932358265,36.88388841041089,1007.420370987299,82894323.23666829,23112,3
2023-10-22,2349.6119593294366,18786.96481846273,66.58756354439168,1693.8579922322922,164937401.5861766,44462,9
2023-10-23,2290.7696926477415,17092.19976823032,70.24691549837506,1626.580890399526,159653137.89863846,43329,5
2023-10-24,2379.888411852438,16478.2086051479,81.87086159661943,1635.624067390061,159673463.55869812,44999,4
2023-10-25,2112.1370708697273,17179.128616027534,62.5485505679299,1605.475245902616,134212845.05926228,40001,4
2023-10-26,1536.045691638461,12504.946181762964,53.592658672916784,1084.6212435385532,107524374.33818078,29049,3
2023-10-27,528.7585633436514,3059.247513946146,16.477708464169815,299.57543055860634,47662228.761850424,9983,0
2023-10-28,294.96353760415303,0.0,4.247072448324139,71.49366270133842,35687706.33725131,5538,0
2023-10-29,393.3926390469775,842.3063178956509,7.721620030978558,192.02746094369147,40326941.16187809,7415,0
2023-10-30,1810.2228708360976,13438.628075029701,42.61738616932202,1440.594509611733,123927873.92678568,34281,6
2023-10-31,2606.279829180364,19494.20856449008,80.95715353428179,1901.490751923522,162735746.8604074,49329,8
2023-11-01,1811.2487872486001,14640.825631707907,45.492921949026304,1415.082983939516,111455932.13148946,34294,4
2023-11-02,334.35316097235324,4839.500415354967,34.18052215752612,200.55815167258368,21731720.488810293,6320,3
2023-11-03,369.5992370711861,6388.591986224055,21.388212067488023,245.96001803559565,28380504.334996596,6990,4
2023-11-04,551.0143474221213,8114.902913697064,24.054596552200586,476.2369875384337,37958567.07130867,10448,1
2023-11-05,1590.3395473610235,17390.935501478612,52.852092002659894,1403.6754568863896,103341363.66528703,30155,9
2023-11-06,1720.5086189865726,16350.023402705789,46.78279794828656,1471.9126530387937,108260689.72312401,32608,6
2023-11-07,2183.372071815929,18898.498773038387,74.96622473894554,1767.5752162724034,133738231.22570874,41372,6
2023-11-08,2759.167334373121,19743.773607056588,75.19852704165464,1945.1889402405775,150763713.70212504,52228,8
2023-11-09,1715.5577755345332,12999.506104622036,97.799017923887,1086.5562552998895,122256421.02318479,32415,5
2023-11-10,1307.065193221921,9295.143432494253,70.70532149806778,552.9044905973075,89468666.82936972,24631,4
2023-11-11,1226.5478635570414,8971.274984080344,68.27096653055438,514.3776881814734,88505904.2536617,23129,2
2023-11-12,2645.694841979661,16905.37445789948,105.23831232253309,1689.039719182455,176653471.0066173,50019,7
2023-11-13,2537.434182408259,19607.719844508916,83.94829425697034,1835.6447770942673,160506327.40103486,48052,8
2023-11-14,2262.149858885938,18105.216035779566,100.26190980659476,1727.4887957665885,162120114.37569803,42835,7
2023-11-15,2842.6084638102884,20844.917287021875,89.53400620842358,2017.316306230071,184844105.3710921,53848,13
2023-11-16,2052.2976206094245,16791.27379374206,82.1031467548592,1516.907403797626,147648214.92985097,38840,5
2023-11-17,2827.383300859762,21096.390873998404,93.04768956429601,2063.9639154798306,178563376.8722045,53535,10
2023-11-18,1917.8881743282889,18102.42572027445,61.85229361001766,1582.6748811360076,123076495.06283298,36334,7
2023-11-19,1863.0583767212538,16129.297825656831,72.06966332232095,1523.2537407886123,113336363.86194211,35290,7
2023-11-20,1540.6301396866593,8357.165851302445,64.03149676201002,1199.5525363983618,93467069.30167012,29152,3
2023-11-21,1268.8216327587056,2313.634251974523,58.710905631990066,734.0405298807935,98062394.2435649,23946,1
2023-11-22,2849.2549303400638,11909.079280432314,119.91412733496087,1818.216951322816,189317688.08306602,53857,9
2023-11-23,2042.3229661130893,15024.80782417953,95.43349689800841,1495.0387734652418,135171607.2047655,38649,6
2023-11-24,2969.7118596993873,19693.17628210783,106.98758136587128,2068.322831753373,167154452.06833914,56202,11
2023-11-25,2854.319636656357,20441.88964594528,113.25296382288136,2039.8850943266123,174779175.3891738,54025,8
2023-11-26,3109.2374419070884,20152.534302793443,133.92688221232308,2146.4239883975747,200791944.03714153,58818,8
2023-11-27,4215.306332439514,23402.367647510022,218.5051510192439,2701.2927655785297,255235992.04485223,79738,10
2023-11-28,2951.856765659051,19947.115085247904,180.76254759421292,2088.260918282615,206628556.44600713,55832,7
2023-11-29,3402.1889072741665,19531.21374853514,206.71674942381028,2201.4068981430833,224869260.95311132,64296,10
2023-11-30,2044.262662500588,14523.433727130294,118.37126291914578,1397.6657555631764,150491775.40251383,38645,3
2023-12-01,2672.903818280889,16358.311422165483,121.47644336249307,1707.4892210357061,186926271.46137983,50485,6
2023-12-02,3570.9977283618564,21657.798960821703,201.02908850257612,2375.4921476502,228354121.67312706,67517,8
2023-12-03,3685.1068315499497,20826.720666173846,165.72811638216166,2390.8894036958627,233147097.73469764,69638,7
2023-12-04,3988.2189065297775,23120.58316343464,216.9189039630065,2632.2394981568245,250831394.19517273,75418,11
2023-12-05,2922.665120845084,19569.294802494347,141.78865015900945,2060.05022732059,195747071.76353642,55267,6
2023-12-06,3725.299008745969,21779.009640558623,198.1984095864092,2464.931219512426,239735740.19886962,70421,11
2023-12-07,3649.249803344402,21671.4401689535,189.88011965923278,2402.486742154763,223230823.22502434,68981,9
2023-12-08,3841.1589929643965,21587.760781971738,153.83189984731,2468.307284813874,223940961.94400606,72587,13
2023-12-09,4717.377333840621,25203.50792116113,176.3792993260448,2903.6188313874263,261637004.4972161,89177,16
2023-12-10,3984.431891516636,22460.193914603442,149.76695012189313,2578.220277149332,237283890.6593008,75326,13
2023-12-11,4351.960808378166,21078.332545062527,176.77435927582428,2578.1375098846474,259622593.7001992,82237,10
2023-12-12,2906.0864690791996,16962.178324267268,129.90318583254833,1892.5641768678454,189876850.80548972,54944,3
2023-12-13,3516.656981736108,18399.44205500884,120.09474944354474,2094.842737473314,212320725.94216448,66442,6
2023-12-14,4305.456587249169,24548.01498089498,139.72063571647539,2775.877655234965,240089673.068457,81427,14
2023-12-15,3996.822401377658,24538.74331957288,128.80083451099003,2612.1771601660457,215970176.51575986,75595,13
2023-12-16,4345.504617433154,25958.21418629214,142.95939809517608,2855.676766555524,225464954.32177797,82187,15
2023-12-17,3943.667911427737,24442.414278876036,124.84495039547399,2649.4548359661517,230793941.05457863,74588,11
2023-12-18,4628.7696850192415,24840.162614098284,162.88785661187345,2968.795105462113,278027047.8606834,87507,14
2023-12-19,4449.638842074688,24411.890378651675,146.71194897684907,2893.744658070974,267311728.86413252,84129,14
2023-12-20,4386.238533828365,23958.613548812922,122.18232510231465,2694.58145820888,258988160.93004945,82898,12
2023-12-21,4623.249790158142,24255.19141421048,120.55356859677516,2820.3306880578252,263148568.47056696,87388,15
2023-12-22,4191.043652803121,24145.827839812264,112.95236221653309,2641.530008177689,250758526.80505332,79234,12
2023-12-23,4699.664728660543,25086.489629160613,124.06043147611098,2888.228815198175,274894432.13662916,88832,15
2023-12-24,4096.686624767632,23964.19283009786,106.24888714670134,2641.213516656491,246016861.17248628,77462,12
2023-12-25,4644.104234841697,23567.24078500271,119.17423655426752,2877.8958729631863,270456029.9127574,87790,14
2023-12-26,4413.309560042247,23687.76773700863,103.71506209378508,2813.3324729725678,249297664.19303498,83450,13
2023-12-27,3827.114936295019,23046.726310275495,100.17792812989697,2528.479847619612,236295485.64892322,72385,12
2023-12-28,3665.2206394922514,22926.60343658179,89.88980022752057,2473.689145682474,227533727.44153658,69352,12
2023-12-29,3340.5429187762447,22344.353152345866,82.05679315776123,2353.7843641565387,208936742.59025958,63229,9
2023-12-30,3798.316187900057,22892.263936152216,85.97346664371253,2547.6048990102254,205742610.03501305,71886,9
2023-12-31,3908.934603787675,23903.341819205787,85.25781793179455,2749.640731786942,208132136.15079927,74007,13
2024-01-01,4485.5299872677515,25364.683353524655,94.48026226668088,2994.259090885354,227562415.15591475,84874,15
2024-01-02,4264.583761330343,24417.89993860945,93.00790753442412,2763.8742053317433,232707458.68391517,80672,16
2024-01-03,3989.4192856781033,23018.88467200473,93.86526570867376,2584.36112833149,236786983.1758159,75457,14
2024-01-04,4218.88652623947,23688.56299176067,100.17665534793379,2646.575857645045,248762285.80871806,79766,13
2024-01-05,4181.902585509994,23792.98090532422,90.50217394511353,2674.0217239678914,243121609.54214174,79084,13
2024-01-06,5477.513359378478,25637.838986314833,106.67335457470197,3264.8067062925174,298888777.5232626,103563,17
2024-01-07,5379.243731114909,25183.652063556015,99.1910869233076,3290.3458339356916,283807151.9638636,101713,14
2024-01-08,5634.6927163174005,26692.803500935435,109.77786931458533,3623.9324809946725,301899729.3629699,106514,17
2024-01-09,5024.278368508418,26262.844664804637,105.14617044778764,3145.38991357554,280117144.09774375,94993,17
2024-01-10,5248.376665272522,27080.698310866952,95.94817519826033,3518.647423793479,292814317.2806896,99256,17
2024-01-11,4867.839268269795,25860.96812618524,91.57948117680264,3012.357393791082,271264598.28013813,92054,17
2024-01-12,5231.341778719548,26313.864179819822,95.34789444884358,3315.0018381419886,286648028.8045639,98964,18
2024-01-13,5427.80426504403,26795.452055826783,99.65677302384582,3339.192527495614,295871986.17103267,102654,20
2024-01-14,4201.116555580923,25137.18450257182,89.35228192034207,2752.5592527918925,228349375.95468813,79505,17
2024-01-15,4011.5045765176046,24942.011011607945,83.44805626075542,2683.7293508522835,233197847.01010048,75912,12
2024-01-16,3596.4567848548704,22401.366064108908,72.45005931043097,2355.825449713077,193710242.11785603,68048,12
2024-01-17,3634.1013688641247,22481.804940074682,72.98493988008556,2481.00047501247,198392468.89952666,68772,11
2024-01-18,3217.0117588024596,21829.210580162704,67.4251993481534,2270.356205439562,169175197.60923058,60903,11
2024-01-19,3589.416546827428,22182.637385070324,67.89746047198894,2543.6640098782145,180666153.32438052,67955,15
2024-01-20,4674.962523919907,25198.340337626636,72.86790292795241,3143.485672062819,228745487.86353678,88457,17
2024-01-21,4474.437588938736,24446.826547548175,74.45473743979646,2905.1988431484924,215990388.71284258,84653,16
2024-01-22,5183.036556926597,27095.172985121608,75.3445679118511,3586.5484378771293,259900836.82473367,98081,19
2024-01-23,4476.369216304788,24732.783261731267,76.55930575772173,2902.7138516271357,254767989.30879787,84693,14
2024-01-24,5704.193253020381,26409.37005932629,89.20834307749696,3651.5174151973188,314243391.8181416,107893,16
2024-01-25,5087.146239108966,24960.392006583512,90.86224354034188,3237.994931819166,297110810.19998014,96233,13
2024-01-26,4253.150916537967,23067.28639830649,89.60515529791526,2681.1933935040797,249518834.19152525,80435,11
2024-01-27,3543.972066808001,21935.82783795148,74.94411257063967,2338.462671911093,211894772.32441,67039,9
2024-01-28,2455.972249070092,15163.683634802699,65.14829047907658,1493.03287886703,148917974.45643044,46412,6
2024-01-29,1563.408330651061,4280.868954688311,26.569713232550026,758.5588005676376,102543108.9739644,29477,4
2024-01-30,1193.2041616746055,883.3381021097302,27.32428749420489,446.54807337093496,86070331.53029066,22464,2
2024-01-31,1306.3432358303917,2223.512147553265,28.780278727858633,573.8846714440838,95176439.64101908,24631,5
2024-02-01,2159.924635011911,16927.847743310034,53.26416703184759,1482.9534761717116,137055307.13382655,40884,8
2024-02-02,545.2562775154624,2070.360528819263,13.012141844547948,332.84254738289707,41328535.582331836,10303,1
2024-02-03,2985.4241100464237,20030.9093156904,51.81016918838994,2105.1094991566465,173921935.1181135,56540,10
2024-02-04,2523.7790797148864,10635.429557316005,48.94121480357786,1495.4307021056782,153997782.92580125,47717,3
2024-02-05,2908.028977832543,9931.576994098723,58.13224971412386,1878.177819461784,181319384.06650972,54962,3
2024-02-06,2261.3425418653414,9166.997971102595,49.753409495455415,1295.5560518112025,150099907.6848314,42733,2
2024-02-07,3365.2134593097603,18807.451061300933,73.40570014150079,2128.873831553045,205866394.50378028,63638,10
2024-02-08,5281.610881532087,24830.82771219313,74.97450928926862,3326.2614990253633,281351969.1929274,99902,12
2024-02-09,4213.564881123239,22230.983142249286,59.82210834977113,2698.9728162458237,215854698.2589818,79730,11
2024-02-10,4890.161369390214,23848.924846947193,68.81379539332792,3246.6539006249673,258527782.7182325,92544,14
2024-02-11,3869.353007889852,22531.33560667187,62.802186881217395,2596.0540257205125,228787118.38744402,73247,12
2024-02-12,3598.8827720547188,20956.36438409984,73.73601572884074,2464.5989728934937,221698071.63779455,68095,12
2024-02-13,4140.46254121243,21256.53674747795,65.639491321994,2703.9163838390864,232435256.0748197,78340,12
2024-02-14,3189.798331080601,18092.09908478707,63.37602845252179,2036.960845452863,189754930.96381083,60329,7
2024-02-15,4453.248849396596,23473.17417370528,60.96128779039183,3004.4462663694853,230053254.28925952,84323,12
2024-02-16,2914.2581757965195,19123.352806419134,56.55812118508526,2022.925584350279,166223381.6244516,55151,7
2024-02-17,1391.8580931532292,1384.259294681251,12.965122815223275,694.9507634360018,62679555.504404366,26268,0
2024-02-18,1513.4645745184305,1388.400801576674,17.311010215764448,588.4704074307313,77316689.83417737,28538,1
2024-02-19,1407.3008178149423,6804.070514135063,30.516621309156854,787.3464731030942,74246729.9328958,26590,2
2024-02-20,2979.845947625284,16801.98390123248,54.975164366698195,1907.8733803351763,175037457.26840502,56394,5
2024-02-21,1904.0441182271961,11443.834496736526,44.27823129044933,1203.75791245321,127039495.50036003,36001,4
2024-02-22,2528.6748081207234,17723.122785173357,53.595299012586146,1611.9215276231853,163774117.48906296,47838,8
2024-02-23,1779.788082471634,14510.639829203486,39.86357513971738,1171.8549939675077,119801902.1060526,33668,7
2024-02-24,572.1326825840998,3682.2789662629366,14.862474926819859,225.23128333432322,31219554.140050936,10785,1
2024-02-25,345.0518971712547,0.3215320110321045,7.84414987946296,104.99412636768804,23856332.931295704,6494,0
2024-02-26,310.0372718456104,0.0,11.185371224084353,77.73535709402243,21192245.927901592,5833,0
2024-02-27,609.6683532481186,3381.058002486825,18.678758409171966,396.38635319666713,37680590.15561537,11530,1
2024-02-28,2437.0346255969926,18217.637153744698,52.8390329052932,1783.1066028915493,135557598.35322994,46182,9
2024-02-29,3350.7876736702187,21029.536964401603,54.603891049776735,2326.194086464162,170131214.69073847,63476,9
2024-03-01,3695.4763135738244,21530.25391281396,53.29921393865963,2512.534072558845,186354552.1560902,69987,10
2024-03-02,3623.6868754607895,19884.44113459438,65.11800605729562,2448.550435421578,195850238.27700105,68565,8
2024-03-03,4076.5929953099776,22617.65677114576,66.00081159890966,2779.488028493684,226659452.32606384,77177,13
2024-03-04,2693.984812280082,18234.57555345446,58.07570308679604,1888.671997877644,163929511.91210377,50988,8
2024-03-05,3122.9692839955137,18688.606268502772,52.95611061213549,2142.315143277235,173674590.2406079,59114,10
2024-03-06,2691.6634313547374,18954.41100754589,49.871724216002725,1857.7303430441834,151536084.1392319,50954,9
2024-03-07,2350.9983722534307,15859.828033566475,54.016436800230075,1667.5282109273385,146458184.63810682,44481,6
2024-03-08,1807.7442058551326,7047.916009239852,34.43326263275971,1224.019970404463,115535861.61999892,34190,2
2024-03-09,1120.3661566156397,3220.1856707930565,30.746123928946705,674.5005166410131,76530655.52431194,21157,2
2024-03-10,2036.6750125149713,6395.459938071668,34.24257202253823,1303.277792977016,110275891.62955427,38518,2
2024-03-11,2534.5926410289694,16511.824290409684,55.01531932592307,1773.8714714123018,151165397.87081987,47970,5
2024-03-12,2916.683570145274,18401.65377061069,59.115781334356335,2052.285240229427,164336725.456668,55191,6
2024-03-13,3003.470530850672,20728.561570815742,63.530129892103645,2209.7581494313667,172014209.6706296,56859,8
2024-03-14,2598.596399548467,17984.449700668454,68.34962136152086,1867.9993746546925,154007880.92530924,49158,6
2024-03-15,1870.2692933506046,10877.73224607855,41.12395009929562,1243.5229105886574,125376134.5722003,35370,3
2024-03-16,621.8108509570366,505.7050522491336,13.320834111418653,242.29195184769816,46141391.97633228,11703,0
2024-03-17,1419.950751234801,4773.495666913688,14.416463984351758,904.1843314768707,92150725.10154516,26837,1
2024-03-18,2981.557919090024,18683.239393197,55.985809205988076,1962.7949702376466,163159607.59663498,56413,9
2024-03-19,2985.0724530656826,18497.09781550616,59.17582437344259,1959.9252867232726,168173955.01927745,56473,9
2024-03-20,535.353215600988,465.5745931789279,10.590932098584148,156.9779701693299,36548164.437734336,10072,0
2024-03-21,413.52832611666133,0.0,12.756618696801162,117.23141434058662,34883472.88413108,7769,0
2024-03-22,663.5383115608503,3125.3386902734637,17.338424764272037,278.9252671965124,47388440.73954438,12504,2
2024-03-23,920.8047815981079,5042.347618363798,17.37732497731683,487.8189057267731,61090186.23710236,17385,3
2024-03-24,1144.627014084256,7593.0247927084565,22.433394001218655,703.9628239320524,74282850.036614,21632,2
2024-03-25,530.372664920038,4678.919535413384,8.092080798279564,322.4186650922722,29781892.254441116,10026,2
2024-03-26,259.8743735900962,30.316324070096016,5.0605271617230985,96.35847087687847,11452693.549779043,4889,0
2024-03-27,479.9523518676741,789.1337126046419,5.25124529469499,293.7466866174947,26699587.013183568,9074,0
2024-03-28,584.9772311249856,6441.396857790649,17.68543047862347,392.5526864947282,35884117.663129024,11070,1
2024-03-29,1844.039536069224,15891.20093203336,44.64179522285266,1423.014524226901,106707053.25056855,34941,6
2024-03-30,2261.025124280657,18597.676818706095,48.98266403350777,1703.1842460900828,125266693.66464107,42834,7
2024-03-31,2271.631846808324,16109.10859105736,49.76525777340266,1695.5461233301135,136080907.95378858,43010,6
2024-04-01,1077.9600074164066,2198.3147959932685,9.437537680674296,807.4395995756147,73315961.41393611,20394,3
2024-04-02,295.8471671739478,34.31259968876839,3.887021260052842,163.10734560914412,27992377.15317954,5571,0
2024-04-03,384.29808794482886,375.3843988850713,0.4755615690384013,320.3930525728664,24471508.439630423,7284,2
2024-04-04,983.3061911084219,7448.500340633094,17.82336073165178,840.1203780192217,57282389.25249768,18643,3
2024-04-05,1491.586420195084,13093.288539998233,35.08080618324196,1263.5595021306497,88764945.87895297,28276,3
2024-04-06,1443.5522696114238,11996.822412930429,33.89036874964773,1214.2483324737293,87719091.26924385,27361,3
2024-04-07,819.3458791327612,4838.301759019494,21.59203788897539,718.3638319656629,53488438.23873246,15535,1
2024-04-08,194.59882791367576,27.65513503551483,7.693664216437971,90.19159580289087,14876278.761251938,3667,0
2024-04-09,795.8399118776961,5830.568882957101,25.461572985854016,678.2737481274455,52555138.45225488,15081,1
2024-04-10,1737.5460290074768,13293.57173525542,48.6254636457753,1332.1861941983566,104618677.62158109,32894,3
2024-04-11,2059.113601667066,14770.94701296091,43.41986780562475,1524.9300594782458,111022498.27317646,38988,4
2024-04-12,2344.472629424505,13402.87502886355,58.57738068260419,1604.0268023065187,138652042.3720862,44337,3
2024-04-13,2676.0980271844837,13064.161458186805,58.198104816328716,1741.5562396423438,145422007.48423356,50633,5
2024-04-14,1453.8593161773174,7628.755347043276,52.06132584285477,985.1415235775117,90542705.50473014,27498,2
2024-04-15,1850.2819350050115,11728.886837229133,47.23454926790126,1318.0578768960636,100783306.48860352,35034,4
2024-04-16,1598.6641081641126,11266.137360699475,32.27993519476836,1180.7440181910438,87251819.5058447,30280,2
2024-04-17,2185.3299462805785,13806.546002656221,47.36028765652081,1500.9176505744558,116443545.09136564,41352,3
2024-04-18,2361.8679810930767,14171.844509489834,44.8777430306614,1618.879930192853,124103961.3614191,44699,5
2024-04-19,1945.7285399500931,10591.85975638032,44.345723884263286,1299.836494460381,110718146.18690746,36803,3
2024-04-20,1107.9979066840626,2850.3638733401895,15.59498342754246,768.7216836494606,67808096.29355267,20955,2
2024-04-21,160.64678079594347,13.903002738952637,2.3790571918708636,28.573983833303824,8762961.773633717,3026,0
2024-04-22,1336.9659101965262,6368.6782142445445,27.18093840264553,854.9201409781823,73174625.61831109,25280,2
2024-04-23,1518.7081964198762,7128.3991614207625,26.76395450973898,981.2459174519572,75298946.9262529,28731,2
2024-04-24,1690.570063733951,5493.709254927933,32.73759086615514,993.2421126594628,85167529.91936381,31943,2
2024-04-25,1265.6223170068602,3835.4545632228255,12.25175001115077,848.8668202374172,61303028.844397806,23953,3
2024-04-26,117.24137167966065,275.61667834967375,0.37190338410218476,40.39001283349416,4436951.207444983,2215,0
2024-04-27,342.31536991771463,710.3530113846064,5.716004064227729,221.9158731458106,15319223.610942116,6471,1
2024-04-28,413.9218609362178,1496.804371766746,8.289785792455229,258.58239534868045,20200942.55256025,7824,0
2024-04-29,1169.9276728744455,4520.341640040278,24.975497291646167,767.7929301998028,65184393.16931239,22106,0
2024-04-30,1951.7068460616006,9076.003223262727,34.577407538020644,1254.6037418567084,109144439.62416488,36898,4
2024-05-01,1161.0815682255848,3614.479721710086,21.502682956310764,709.8661711394532,69683741.00607175,21915,0
2024-05-02,1400.9878604404994,3752.966550551355,25.732270300925492,814.910998404984,65044631.605393566,26485,2
2024-05-03,724.8040403681748,2650.719067029655,10.443451925326483,530.7011023538023,38721504.54198715,13728,1
2024-05-04,794.8427332820781,2844.0471467748284,11.231792849297493,563.815381918825,41872653.49208618,15057,1
2024-05-05,1106.430787407576,4960.910140700638,16.558150726900813,819.3711154223192,61506296.348498724,20964,2
2024-05-06,271.9115217336885,527.4243087545037,3.0780189394728747,98.76457522015968,9489912.38041819,5132,0
2024-05-07,1797.6090517219593,6435.446127325296,33.530669578696504,1185.1737340146462,101334457.08969459,33987,2
2024-05-08,1280.8972764692487,5637.548094429076,23.60809873587633,910.4917300537943,78103503.57621004,24228,2
2024-05-09,2037.6170195132104,8789.924356721342,54.237210741090536,1340.3203345739512,124630072.99260275,38515,3
2024-05-10,1708.1080824631526,7859.047016091645,49.74098432212769,1171.7201258179812,100833030.23837635,32304,2
2024-05-11,2201.168964474058,6565.046408846974,174.05164199090504,1376.654962903907,128601949.15511808,41542,1
2024-05-12,1803.9493027530782,4752.729572817683,145.5475333860172,1149.0309908277566,103626263.23117907,34056,1
2024-05-13,879.6956916389412,255.83009496331215,121.09889891408709,356.8732697397782,55837102.137276076,16518,0
2024-05-14,1079.3973749992263,621.7457588091493,81.36373430311079,623.894873846262,69083463.631637,20317,0
2024-05-15,580.0882032282763,53.53179804980755,15.23107667113962,229.85174381757915,33299144.78899014,10894,0
2024-05-16,750.5019588235879,60.33505304157734,72.27719184722478,318.46967468620176,39883110.63900226,14081,0
2024-05-17,1345.13188763741,1791.9695081710815,80.90137988818834,784.2767380857772,91642029.01440684,25340,0
2024-05-18,1546.1502372679774,1791.9695081710815,93.48947186203792,857.9128447386181,106756002.87258221,29117,0
2024-05-19,1015.6762492727032,69.74845468997955,68.41229805369693,432.4681157980777,73684436.27917013,19077,0
2024-05-20,549.0089240106961,48.05535665154457,17.66367366953949,181.54320296856608,38164599.28851736,10311,0
2024-05-21,1349.6064887131288,3496.3376651778817,36.333348574341954,825.6160098815473,81526689.25731714,25486,0
2024-05-22,1706.454653158546,4633.980467587709,38.912806228960555,991.0797894579136,100680073.26118696,32245,0
2024-05-23,1634.0435649793567,2676.4098973423243,42.35968011928523,844.3321122980867,95932504.5590742,30835,0
2024-05-24,991.4021872006523,662.8703742995858,17.30119195755048,288.4402175740389,50762675.953722365,18660,0
2024-05-25,713.1239758531094,566.3147333785892,17.267038429380378,333.2397275621034,42917355.21100874,13429,0
2024-05-26,938.1737973419624,1172.9743886068463,36.06394057465577,468.8514707217083,56632202.29829373,17666,0
2024-05-27,984.0198455219494,2694.656274020672,27.049900624733194,600.8594122934553,60074096.52074044,18569,0
2024-05-28,1335.7168299776288,2005.789464816451,55.26754273491253,702.9512452211524,90102411.09603915,25161,0
2024-05-29,1348.1456027185677,1818.2875599712133,43.8823143777161,678.9196717081747,84742731.88607919,25394,0
2024-05-30,935.8600280609875,58.33774966746569,39.22744124704755,363.60889147138204,66814124.70625664,17583,0
2024-05-31,1069.8163857430668,431.1594795808196,44.91916343500245,337.474942717742,72546632.86777794,20091,0
2024-06-01,583.0221854604911,0.0,21.294596939152402,178.76351910598075,45784011.04298483,10942,0
2024-06-02,863.4122516843917,0.0,40.018579979432324,284.0520646014927,67387878.80296601,16198,0
2024-06-03,787.9225538973559,24.89608806371689,26.39120752154099,277.44017884514585,57230151.438109346,14794,0
2024-06-04,1129.036364048677,586.4122178032994,39.26832446064873,452.7595017811005,77897979.89250524,21234,0
2024-06-05,1357.4921332967413,1304.5273581370711,45.169424955331046,643.1625744901513,88102040.22430141,25551,0
2024-06-06,689.7974933115186,23.971689201891422,21.932295002836874,234.4453263377093,45520524.32113718,12963,0
2024-06-07,1340.5096476986103,1426.827480442822,57.79493742062413,648.0785904915979,85541269.34747076,25223,0
2024-06-08,1355.0847398063213,2733.332368031144,25.743702398612864,761.7879918728786,66147977.65017366,25588,0
2024-06-09,1736.1140876427498,3221.196766972542,36.664254455706995,916.9055652397839,90473924.25383098,32761,0
2024-06-10,1736.8991440632858,4648.647622063756,21.616722760207466,1028.2974697883176,84316063.21788497,32837,0
2024-06-11,1076.836262274076,2893.3623407408595,15.802393939482624,541.357329194627,54676806.39533122,20331,0
2024-06-12,650.1916250276975,402.9318696856499,25.228869920415264,235.27482988558492,39051955.35797212,12210,0
2024-06-13,294.9681037933745,0.0,10.618674055002373,80.99836389089852,14008394.094951807,5527,0
2024-06-14,822.1776725167912,78.03541827201843,33.25952034331066,251.75705437599345,58409063.58008708,15417,0
2024-06-15,814.9045039341001,130.8137823343277,29.81443851360443,240.75765844075687,56729228.07137695,15287,0
2024-06-16,993.6594160312475,39.18128573894501,36.58074211811169,261.4103911965076,64599716.39715069,18642,0
2024-06-17,905.3919642035393,0.0,33.56453392562968,240.68602469904607,60820588.740525745,16989,0
2024-06-18,691.118311347876,0.0,21.407992945968754,164.14090785632467,43986911.875015765,12968,0
2024-06-19,1132.7082862541959,960.2130466997623,38.43267743528455,424.18707002569477,73464329.96877752,21282,0
2024-06-20,1885.4074167839096,5086.733936473727,43.32400025417562,1056.6982248164047,116401238.32413247,35558,1
2024-06-21,2209.11604655054,4740.117029570043,57.61099626460015,1135.880481679928,131405016.89230873,41656,1
2024-06-22,1495.5074054226513,593.160287745297,38.39336043830847,451.2134246359569,81029003.78550431,28114,0
2024-06-23,916.2436449639267,441.8316777125001,21.437550774450553,232.84963503081264,55200880.15606116,17200,0
2024-06-24,996.7512319256414,391.0343764051795,34.032867268777444,296.33997706883713,65353627.47972073,18700,0
2024-06-25,527.1236034750315,2.2445539236068726,12.746319317519509,158.0193505752301,39671993.46963798,9886,0
2024-06-26,879.4576835776606,0.0,28.64605571270948,261.4563174487719,60163455.40845675,16489,0
2024-06-27,603.3719798178371,1.4163049459457397,20.861030262116433,202.8242357131046,46438856.39113583,11314,0
2024-06-28,594.0388335878448,0.0,19.36039934211265,180.05379854460205,43740318.330470815,11138,0
2024-06-29,656.2386386044225,18.873936414718628,19.997049206920867,200.6038405578704,46967987.91801968,12308,0
2024-06-30,638.9178838306439,56.22019796073437,14.709121332173462,197.04915723119908,42766871.697315276,11995,0
2024-07-01,1027.1628811467563,368.60050927102566,28.721759831324746,335.902028109444,65548506.276447594,19297,0
2024-07-02,1481.851216712444,1462.8931906372309,30.654124824842526,665.9916680834016,85374183.51991582,27920,0
2024-07-03,953.614999581914,0.16012300550937653,29.321957454104357,283.0792471402112,60982364.245702565,17898,0
2024-07-04,1469.8130724869204,363.6060163602233,52.008147694889026,582.89555409292,88017664.82537615,27633,0
2024-07-05,870.9710962608,99.64176093041897,22.186640002553485,298.4337537765637,58636092.817685924,16363,0
2024-07-06,787.6067258009841,99.64176093041897,20.26079572124808,274.80751850453913,54753103.21760952,14798,0
2024-07-07,293.47026635162814,66.27911485731602,8.101826551407292,117.04907131480806,26500543.671951413,5514,0
2024-07-08,425.54514725845,0.0,12.263857058574894,129.17398587640474,33737515.35111978,7982,0
2024-07-09,1453.292568650866,2810.236963428557,29.326659548383706,883.2174617538384,90935324.03989717,27439,0
2024-07-10,618.1909662187537,289.4789812788367,17.06839409092956,181.0050194202,44460934.11881798,11602,0
2024-07-11,1376.3635694400703,3109.5971259102225,33.883794926915414,848.5484565650454,83092363.6163665,25991,0
2024-07-12,508.746797949001,88.31445744633675,14.78616725061584,155.99514561217862,27402790.64526216,9564,0
2024-07-13,1368.8839299543909,1931.5940054804087,26.666014967683573,777.3123343364591,88502955.79483058,25812,1
2024-07-14,1287.4514706329137,2186.76978610456,24.959346455529133,715.7714907302105,81831739.87788923,24259,0
2024-07-15,764.6973696902952,1595.0272345468402,15.996569046562474,371.5512406139971,39794497.784133226,14393,0
2024-07-16,591.139515654945,1080.1615471467376,13.543535677269647,258.91988337403615,30134829.47758798,11124,0
2024-07-17,216.81833497352486,213.9111250191927,1.226417598960478,89.89676563830467,9580793.56981258,4087,0
2024-07-18,152.26520938156952,33.376864433288574,2.559232665656962,64.96407591263488,9593078.426756624,2863,0
2024-07-19,40.174916393674806,0.16152000427246094,1.1180704128920107,16.180847439205223,3429712.0232579447,755,0
2024-07-20,109.94453002743232,10.464131906628609,3.5595800378174958,55.1635752395263,9882311.061027786,2069,0
2024-07-21,28.451435539829557,12.877464845776558,0.0,27.2351802473422,1979606.7041290684,539,0
2024-07-22,241.35189846264495,22.31491643190384,8.157964781652632,82.05539810186292,20941888.60319563,4531,0
2024-07-23,490.9654477543052,0.0,15.150497782052298,153.6773093443407,40713729.866785735,9208,0
2024-07-24,450.11356142445567,0.0,9.012237212253508,131.31276766635517,34682111.261262886,8447,0
2024-07-25,1052.2021894865125,1790.189130678773,20.98349814633018,543.1633766286756,70046491.00107054,19827,0
2024-07-26,1932.1492428769332,5170.62291918695,28.83525744454361,1150.8870553960908,98871214.20871738,36514,1
2024-07-27,1177.5196143802937,3044.803467862308,25.71164747591444,713.2438869187024,57825727.35094322,22242,0
2024-07-28,570.7921624144653,268.98574920743704,10.305363777697938,191.7823990362395,19275611.278546076,10738,0
2024-07-29,117.30138666329499,15.033284083008766,1.7588996966054546,45.656810113515775,3742919.2624928965,2207,0
2024-07-30,112.44444510698521,15.033284083008766,2.6435928563163613,45.86110145817503,3780057.9361872314,2117,0
2024-07-31,4.351274222282299,0.0,2.4309470198347216,1.2155064203098038,446488.1686708164,82,0
2024-08-01,15.96150838688247,0.0,1.796815704229618,1.9108257377848756,576590.718698722,300,0
2024-08-02,470.6417826793578,0.0,14.02196131827772,150.43092447485088,42679384.39424169,8829,0
2024-08-03,1413.0895196251583,1442.455967105925,28.36502579474003,723.5563190533727,91169671.34929761,26638,0
2024-08-04,1715.3103645301426,1757.1624731943011,41.32705595383688,843.1858313989968,107083957.41883403,32321,0
2024-08-05,627.9938741136374,468.67453514784575,12.914806877512046,191.0919460605195,40286426.24234918,11793,0
2024-08-06,520.1671468187018,0.0,14.39341145581753,179.7913690826973,45471223.2860486,9756,0
2024-08-07,359.17560107936373,0.0,9.711106016448786,130.66603336042303,26018994.614278432,6732,0
2024-08-08,424.9267483546166,0.0,12.20944545518618,146.92050269132747,32187899.919581212,7969,0
2024-08-09,793.349370992473,100.52281031757593,32.47452224502173,249.1819961982111,47954389.9856882,14888,0
2024-08-10,768.4407327318604,157.6172881796956,28.48468452907659,254.37884760908048,40649930.61056529,14435,0
2024-08-11,1357.7398090877016,683.1077245175838,38.68830078765794,658.3647242092131,78976460.52761659,25576,0
2024-08-12,1570.6104633412688,1806.5808339864016,35.283681126916335,880.4941612318064,92621400.81659448,29635,1
2024-08-13,884.6284599984385,729.4562450125813,23.103299048006175,427.4543636001478,65189694.43712329,16653,0
2024-08-14,1139.9445756282,774.7625622823834,30.48270768396219,572.3492157960706,84838148.37460151,21456,0
2024-08-15,642.5918466195056,16.411320209503174,25.4252745456044,223.92127053886918,54189181.86889118,12056,0
2024-08-16,790.6740961201087,346.500423155725,27.888709644024267,297.17959830425696,56753171.65839479,14853,0
2024-08-17,315.86114526959665,0.0,11.637715010748547,79.98140443766825,23111654.388179064,5922,0
2024-08-18,387.68941114215994,5.868574991822243,11.151347181558409,91.03942527292655,26413746.981967393,7272,0
2024-08-19,212.48655129856354,7.3109150826931,7.307437867321526,45.58434972796543,9985513.385637678,3983,0
2024-08-20,101.2631711785088,217.9704269170761,3.331450928821213,66.89577465150651,5572007.514526519,1911,0
2024-08-21,45.76462759910985,217.9704269170761,2.479123099630276,35.578954741121485,2786268.6100741513,866,0
2024-08-22,1.2193169622870905,18.00383824110031,0.0,0.05288707322649965,34149.745588279104,23,0
2024-08-23,24.659546231594348,10.436850309371948,0.0,1.9118970433592664,697606.3126706724,465,0
2024-08-24,331.4325570315134,348.338843755424,8.542283568349292,89.2026310800131,12829358.447698986,6221,0
2024-08-25,496.3288431083113,10.596973314881325,15.62536438345876,156.3075845624374,31900204.920524493,9311,0
2024-08-26,716.2619050577304,0.0,26.862437372605072,257.91680884559156,60753503.84761254,13436,0
2024-08-27,690.3710957034557,124.34988394379616,28.441844946142098,266.05571387642027,62364255.98354716,12957,0
2024-08-28,872.1471020159674,147.25521817058325,40.199542567935914,347.04984194251614,70508637.35162358,16368,0
2024-08-29,1481.434535590434,2441.009164981544,52.82497386067916,834.7751185852753,100972252.36729541,27917,0
2024-08-30,1509.5953981958767,1421.901459865272,34.2609650321445,805.4228093790825,81585416.13138342,28486,0
2024-08-31,1373.083995821057,1231.9265973046422,42.606569113800596,753.6315738306266,67301794.98422505,25907,0
2024-09-01,286.1038579747671,0.0,11.958186903082748,54.58717888560972,9491124.271049356,5360,0
2024-09-02,246.75518683161823,0.0,10.908267097490743,59.75825702842662,8138772.426718041,4623,0
2024-09-03,862.3801611454825,156.84315372258425,14.736296480467328,391.53389348939095,29996926.73984873,16252,0
2024-09-04,1015.5596504158782,605.2086377367377,14.51590238595224,486.5491593235107,35663087.62390019,19165,0
2024-09-05,1293.529269372974,176.13029243797064,41.62281753382056,541.7693414980774,66713654.56355797,24341,1
2024-09-06,1194.912919466851,1059.2642753571272,34.03677400925969,641.9979102014236,75486245.92290331,22537,1
2024-09-07,1845.9370910907724,3226.3696081489325,63.50456168385676,1053.770065494952,134409768.1099131,34808,0
2024-09-08,2780.675358797586,7328.473169289529,64.25817675317286,1514.1263289550902,173259723.4351614,52510,2
2024-09-09,2229.6985179165067,7322.080752708018,52.777906324638465,1348.3271308296019,141037639.35748702,42095,2
2024-09-10,2628.4921270837076,7174.627118051052,55.56887691570378,1413.8693098793626,129309221.58164078,49625,2
2024-09-11,1845.094042293027,4383.598348259926,52.35600347217308,977.1757958480175,99638702.52261418,34785,1
2024-09-12,1734.828309282212,1371.609289649874,58.25853076005647,744.0367614826381,115744970.3608983,32671,0
2024-09-13,1048.7403284004279,161.3497459627688,41.02526519893067,409.42760566692124,66161132.577610515,19719,0
2024-09-14,692.8096759315767,186.4699171707034,27.40025515538345,285.5593610284033,34230438.791894086,13028,0
2024-09-15,1552.636308606822,1484.4993571564555,36.090073665235394,680.3924070781864,77169823.0828805,29243,0
2024-09-16,1531.334986111492,1077.7097201868892,38.806313439028585,583.4053731207972,90884314.22601151,28813,0
2024-09-17,1240.3728468518439,606.9637306109071,46.615803973157846,385.3779131098168,85217446.0506827,23298,0
2024-09-18,738.1127738621566,11.976348087191582,23.125865229400407,240.218311559431,52956242.66071751,13847,0
2024-09-19,929.2658354610395,953.0443795397878,24.433639804082745,331.21554428757236,46820514.814051725,17475,0
2024-09-20,1216.588567932648,2883.097029477358,34.94885299692518,617.1621469200544,62556546.63558623,22952,0
2024-09-21,626.9556500052472,867.9910746887326,18.612956748282176,286.1141099726709,28708652.488625966,11816,0
2024-09-22,1294.014611459568,1837.390234131366,44.514528884421374,745.7204658276713,67684652.67416011,24415,0
2024-09-23,1068.0655374487355,928.763140913099,37.89476398891828,669.2792194734424,56767742.04951688,20167,0
2024-09-24,1273.3064573987451,1175.6034416630864,60.4971227670512,706.2114809525199,70019053.05447842,24032,0
2024-09-25,1014.546006861555,2332.392647854984,53.40985646278593,605.0830228964131,60059379.963226505,19163,1
2024-09-26,571.6402810999579,1047.1586453020573,19.527023864888434,231.11556062006605,25706620.375522252,10765,1
2024-09-27,2276.530174429866,5689.4592590257525,64.34667359056141,1313.6032080197874,128699632.11861238,42957,2
2024-09-28,2397.8650625954333,6767.758742615581,49.66432295465082,1380.8716285177127,137686893.1803785,45265,1
2024-09-30,953.3628475395687,1466.827163066715,29.697629490514828,486.4623616881064,59942286.8317072,17998,0
2024-10-01,493.4788337894719,530.1068598031998,8.27712541736627,224.37088683439947,26260905.840198677,9316,0
2024-10-02,2223.0839263241637,5617.5375119149685,30.346764880132408,1273.0057801850562,107572732.81179449,42040,0
2024-10-03,2075.4087702157035,7281.5556831508875,44.283262877138604,1201.7690049481314,112746415.79701106,39229,3
2024-10-04,1161.1328103361163,2269.422011896968,39.81080565959877,561.1743743874733,78905272.40978752,21870,0
2024-10-05,483.56777546897604,47.655722945928574,21.452147859790454,132.30175746135268,22438212.44009184,9081,0
2024-10-06,997.0050300810775,3020.740650780499,16.438544015697516,775.395638896631,56386217.55453815,18873,0
2024-10-07,1575.3549164842932,4853.816597566009,34.92170334991871,1060.9029649433717,82518484.02576508,29819,1
2024-10-08,884.6482160528282,2958.48465923965,11.100390494928448,706.3102198200578,55656531.37741524,16753,1
2024-10-09,801.2591676484052,353.82753025740385,19.54309934591946,362.34200301624145,49967589.47062626,15084,0
2024-10-10,747.7403139870943,547.9423603564501,14.105374543722178,406.55612011918544,43532466.514986776,14091,0
2024-10-11,812.3574128899158,613.1400571539998,18.015954594729735,477.7428024947715,47476964.62275246,15319,0
2024-10-12,986.029829419756,2807.0059188380837,38.400508113492734,629.0109002782124,71505799.6016147,18608,1
2024-10-13,754.9668987082306,2886.6884400099516,33.565782615503814,435.14698654478224,52966533.730188,14241,2
2024-10-14,1811.6332903027117,4881.126275647432,61.70931626520144,1006.5429371024335,115598862.96719608,34180,5
2024-10-15,1745.2126101573615,2949.489013949409,71.84244118718891,1024.3767270617068,90996828.21657673,32949,1
2024-10-16,1849.1355484016815,4057.189889581874,118.92367143148762,1105.4926880074183,105509749.32229435,34922,2
2024-10-17,2082.9603154962338,5660.353115232661,131.25593567946802,1420.3449381447226,121847750.99162666,39403,4
2024-10-18,2324.137433919689,8457.34728310816,101.4364042936501,1586.983843421626,126299328.57947889,44004,4
2024-10-19,3424.7650266075752,9453.93597911112,154.68027014596518,2020.379805634202,198242648.58585635,64754,5
2024-10-20,1594.72903839073,4243.340180981904,78.72255511439258,980.4079287144946,87921885.43554725,30151,3
2024-10-21,1452.5398384429795,2880.9403290189803,91.97947142589045,900.1467978375942,107437608.83016036,27419,2
2024-10-22,1928.3616378918366,8127.585017839447,105.41931336147233,1349.5060325798984,111621615.95218414,36485,4
2024-10-23,1392.417915257366,5186.396334512159,83.42619464562077,960.5408116210709,81599191.17829458,26337,3
2024-10-24,2688.573245593442,7371.100232312456,94.95824993349864,1710.1157373802412,132525689.55869804,50805,5
2024-10-25,1357.456236034497,3012.6909094695,72.78985585916233,831.7995860968572,73889749.04138774,25612,1
2024-10-26,2110.190118926215,5956.648452682421,82.77534072693878,1299.6685122891413,116654117.065185,39854,2
2024-10-27,1939.5196269408805,5883.584231024608,97.68827404848221,1253.6157596304065,112381160.14861347,36688,6
2024-10-28,2050.588736025332,7678.306226944551,102.10427389419726,1369.36881557916,119241439.14696606,38805,5
2024-10-29,3082.9341976362557,10200.6639117226,181.26300710329164,1984.3503016287107,187278949.37277415,58299,6
2024-10-30,2391.9366525023074,5685.895771192387,81.13786399954526,1450.1882022797258,148037759.140047,45177,1
2024-10-31,1131.9689139072661,288.6825889553875,36.46017192657361,426.14234368339226,78382188.53467007,21273,0
2024-11-01,569.6441266815054,60.119892694056034,19.460868899383847,181.6431567102662,36200418.24734266,10695,0
2024-11-02,724.1944615138254,1478.0903845205903,18.573138284461947,394.03819849634806,36936987.05406488,13654,0
2024-11-03,1894.7580112931253,6315.90545104444,64.03276288488088,1185.1293378504774,102209350.32738835,35805,2
2024-11-04,2106.6114521909103,6892.3629841487855,96.58151990476351,1280.9138022703885,116934749.28987497,39807,2
2024-11-05,3180.9294465881153,10500.768165865913,188.46179962551676,1974.7393857252594,194367421.3203961,60140,4
2024-11-06,3646.70284230724,11369.704036621377,239.11794495291642,2329.421126718714,213677234.757838,68977,7
2024-11-07,3577.997296181551,12598.465543279424,259.74199528388925,2323.1533573498687,219616980.45475784,67654,6
2024-11-08,4113.293763697915,13839.11403609626,287.7192672926676,2571.3928201771823,242592993.42900074,77723,9
2024-11-09,2974.3236080629526,11528.866369901225,231.71771262064533,1981.1445981815814,181969791.67279646,56240,8
2024-11-10,2657.1931043623563,6202.143936125562,219.4772921043242,1660.1723433365748,182305760.86948365,50211,6
2024-11-11,2607.327114765846,6235.6320280935615,224.02719293222225,1659.5537343722478,171979087.76759243,49294,4
2024-11-12,2439.947016450459,5873.810176411644,172.45474197691686,1515.0993799647522,160708514.77012432,46118,3
2024-11-13,3429.435499794458,10631.467199696228,202.9058563399639,2203.423760749391,204879648.01805025,64822,5
2024-11-14,2654.160421472593,8145.0545381028205,129.8954871928452,1760.5484732978366,158525729.16735545,50179,3
2024-11-15,3750.508623101457,10920.605699149892,201.58251572330536,2351.1188498348015,239483561.19084263,70903,6
2024-11-16,2557.6920121119124,10095.144727895036,112.2760581275025,1677.9467095011069,171733429.77020395,48406,6
2024-11-17,2229.1401901528147,7678.152608759701,130.06460864725153,1415.7608656386212,160584624.30966797,42130,3
2024-11-18,2760.054619485578,9845.447984224185,158.93309471589055,1734.1347181346887,176857996.63910094,52165,5
2024-11-19,2814.4951903026704,9792.768134167418,182.16253338443556,1825.4036738817915,174325613.67507884,53201,5
2024-11-20,3792.1498568918414,12377.177013093606,249.29725957056485,2391.509648393964,231398365.97845834,71696,7
2024-11-21,3137.5925280198962,11766.288652939722,184.6962981457016,2066.180274892361,175376665.81954813,59395,5
2024-11-22,2911.7852543974222,10212.453704068437,147.01044194964172,1888.375826987072,169975840.13319245,55079,5
2024-11-23,3084.6123365849235,10595.821634152904,123.73654786958119,2020.452258716567,159892836.41374746,58375,5
2024-11-24,2748.5342981808953,9625.732562659308,130.25361279595512,1823.0198429056088,157387256.26873162,51986,4
2024-11-25,3510.467101610375,10218.010406373069,185.02788511801816,2240.568781536666,199287797.210555,66415,7
2024-11-26,2989.257466779686,10061.666601248085,196.18280248545966,2029.6025458563104,167577206.1970986,56581,5
2024-11-27,2711.134272984797,8517.665285274386,118.59521680604168,1801.6720673982802,136295798.69128945,51316,3
2024-11-28,3751.951378989537,12336.457443036139,155.84224810456632,2380.7308312879163,189222419.6414975,71028,4
2024-11-29,3164.959127592705,11337.617163393646,158.24640551178842,2147.681805776742,168882838.80445424,59911,4
2024-11-30,4641.548295377528,13371.276992969215,221.42655379922732,2769.831793221982,250057599.3228877,87761,11
2024-12-01,3988.923507520436,12646.01591556333,206.5118207187632,2502.4929035565046,220169070.57055786,75403,7
2024-12-02,4642.402411760833,11958.851946625859,197.24236281989084,2671.950319661471,267332647.43299618,87666,5
2024-12-03,5388.761764603206,13682.286036631092,222.46161494854226,3035.3334369444183,301355766.3013201,101800,7
2024-12-04,4567.530200428579,11749.882089011371,197.19120522058776,2648.3749665779715,265770653.6707556,86257,5
2024-12-05,5659.831694521999,14067.075800044462,239.8979694608845,3160.015931642735,322122561.66465694,106894,10
2024-12-06,4374.689123659242,12232.086524114013,175.7643534303534,2586.3366505212653,250567589.50472325,82634,6
2024-12-07,4718.961343509767,10898.596529919654,168.7753021637975,2667.7615385700524,265786500.56720573,89090,6
2024-12-08,5206.658956202447,12969.352606533095,182.67531432605102,2910.479291946685,290394645.81296456,98347,7
2024-12-09,4600.127145917862,10832.84284799546,169.52943950057247,2592.3948674086587,264331989.24119884,86844,4
2024-12-10,5793.554482651439,14255.987888524309,211.07166484350313,3167.181268230681,319771062.48379546,109406,10
2024-12-11,4418.378366627343,12413.074509888887,145.57009837747464,2556.1091900274973,245199197.89986086,83450,3
2024-12-12,4787.308879083755,13145.5989202559,153.8769794411364,2750.982996889218,267431126.46094424,90418,6
2024-12-13,1932.1535000814376,12805.878209590912,78.38074006106565,1439.136541831023,125767469.3425638,36609,6
2024-12-14,4113.366101208438,12089.233409333974,136.33103141184938,2441.940382383448,241732609.15002656,77699,5
2024-12-15,4957.01716554684,13961.492093518376,151.4041667597058,2865.000623096326,274820319.67581075,93642,10
2024-12-16,3750.3618763664663,11656.85255010426,101.36294305581589,2227.841199422321,211195111.93572253,70873,3
2024-12-17,4572.874654625698,12773.528086580336,135.88960008611656,2643.173828512467,260431322.83987308,86376,8
2024-12-18,4469.851791914239,13576.18872159347,119.90073700382246,2628.6380140371184,247681337.57907495,84448,6
2024-12-19,4404.416604832668,10422.451632771641,128.48262722307774,2572.938176863653,248340450.97111398,83188,4
2024-12-20,4836.182081169614,13001.503800205886,133.45259589239146,2852.792139418956,263581694.71707764,91381,9
2024-12-21,3614.794259339051,10438.129103407264,88.89285754077054,2247.3731501288685,200111870.0049021,68346,4
2024-12-22,4412.960121355375,13763.532954808325,114.0858381533083,2681.2434707928273,241240850.69102082,83431,11
2024-12-23,4397.040334586973,14075.288665998727,86.95093208766544,2770.2902459941592,220930848.3212987,83164,8
2024-12-24,4450.442639979284,13405.839055404067,104.25023501511333,2758.6461476330546,228566733.91570467,84141,5
2024-12-25,5035.644176752384,15120.768867578357,93.62243639142314,3091.7873176633016,241115683.13242236,95222,10
2024-12-26,3836.5524282403703,13015.461276110262,84.54783245359779,2352.403966662188,198125588.03661567,72544,3
2024-12-27,4280.079005502337,11573.597422424704,98.84089914315095,2575.8994511645956,233710356.7985738,80878,5
2024-12-28,3550.526146284384,8801.547831207514,80.71481677884053,2103.216425208884,201108649.6326584,67064,3
2024-12-29,3503.3957990014337,6407.427658379078,101.93383659908744,2088.5520041007144,206414369.9899061,66120,1
2024-12-30,5382.326245448316,13103.574818126857,118.7565566061961,3067.941903435234,275531342.25946337,101644,5
2024-12-31,4441.629112196448,12758.76494436711,108.88605290410389,2517.121270920843,235497934.75470594,83873,5
2025-01-01,4426.082721968822,11975.539881180972,103.92678723423967,2483.5154086591447,236208489.63764942,83587,5
2025-01-02,3788.02902817079,11069.155500214547,60.246268068868645,2120.3094813173784,192468766.8978659,71574,3
2025-01-03,3963.35934924791,9946.796817280352,82.62929960752021,2248.5761021071685,213850226.87238565,74861,3
2025-01-04,6411.852048542692,15000.574355885386,119.94541360382046,3779.6325511028017,303324705.55203944,121125,8
2025-01-05,4482.784340385632,13624.507979620248,109.31964912464693,2601.137332411129,239109146.70417777,84677,4
2025-01-06,4774.753874449434,12144.691407922655,129.1110474439988,2754.6481247530983,256585723.3866816,90144,9
2025-01-07,3812.875159723937,10854.310152620077,74.8927831241616,2201.7138644059314,201617092.26021737,72011,2
2025-01-08,4260.848481322665,9722.852090284228,102.14195889696413,2477.0729904077493,230199435.39555946,80441,3
2025-01-09,5786.028617228555,15380.127300232649,100.6267261134571,3456.218540995799,281862881.3184962,109310,7
2025-01-10,4489.281894167917,13718.469493974,91.65284917888042,2644.514607276143,240744854.76455066,84821,5
2025-01-11,5296.902211889186,15531.179181087762,109.09674482648177,3019.8195485630204,275337951.34391963,100099,9
2025-01-12,3922.6788640187215,13167.84157462418,67.30677900289078,2284.5225703190363,197033786.0075383,74164,3
2025-01-13,4484.457042235216,13142.343107637018,100.34132447892304,2615.997498607829,242353649.44047725,84734,5
2025-01-14,5138.379344616529,15772.882421847433,82.15095977055454,2969.648263610631,256211445.31401458,97149,8
2025-01-15,3483.0938835963634,12538.080166205764,62.322399091752814,2084.9016134505405,193314310.52142188,65844,4
2025-01-16,4943.546136085694,14337.30439631641,78.62339022648304,2893.6585806078588,249797070.16226596,93459,6
2025-01-17,3615.3683214643142,11137.389072936028,51.51747484539302,2234.306630831677,176734700.80933523,68347,3
2025-01-18,4540.494246296179,12608.337563503534,87.47938498863881,2787.632360439452,237355592.72665763,85784,4
2025-01-19,4793.478413633932,15165.1387989074,82.98443804460214,2938.6202921914187,242485471.07864946,90605,7
2025-01-20,3561.141212139493,11374.434190437198,79.52882610889155,2142.8610974673343,199749716.76769722,67289,3
2025-01-21,5915.39018218347,14972.193337343633,104.8332594318379,3461.4579508443408,288049353.7753026,111782,10
2025-01-22,4604.164600033138,12557.126505646855,65.95786914624823,2842.6315855071502,225279117.17859882,87035,4
2025-01-23,5386.6721167955875,14273.196429345757,97.49099358076391,3398.1174577198312,252742786.24281877,101796,6
2025-01-24,5282.453199337429,16144.756493844092,85.00658533824303,3212.7323458561405,254179863.95136452,99857,9
2025-01-25,4416.375909544893,12969.778839249164,87.51565597700024,2616.9023794004443,229207434.00047085,83462,5
2025-01-26,6138.9077539603695,15841.24337958917,95.02843662146267,3589.4076069412185,293621516.3985685,116045,13
2025-01-27,4598.686548842018,12908.849262654781,63.943889442332654,2722.1718288724815,215547543.68193862,86933,3
2025-01-28,5312.640755469282,15099.680504925549,90.58654668410264,3231.4076293383137,243611202.51274264,100409,5
2025-01-29,5180.153862867423,16311.879379071295,75.84791534968036,3136.566903169805,225187656.6756925,97947,7
2025-01-30,4220.759325128632,12644.099659811705,70.66643764583996,2521.2913810398936,186908975.0253726,79798,4
2025-02-01,3225.96912421511,11840.419816236943,37.90504716309514,2097.869068204565,146419335.67798722,61064,4
2025-02-02,4425.528843152782,14548.432343985885,80.1094769257864,2664.411525258039,212368480.21474925,83669,4
2025-02-03,4390.354666396248,15332.318138085306,80.65143630697823,2681.333408586308,220226945.41252223,83006,7
2025-02-04,3673.7764043872476,12243.175784774125,84.08300357708413,2252.304339973511,211922606.61942682,69425,5
2025-02-05,5171.196935209485,14408.900480587035,83.19459408492772,3022.51940140582,256174836.993921,97748,15
2025-02-06,3195.520402726727,10275.77635005489,50.47752756394467,1899.9007971678282,169184024.31830755,60413,2
2025-02-07,3924.377621462077,12407.794516865164,74.05278040480404,2381.3596965904717,200809439.97115493,74178,5
2025-02-08,3543.7992760216835,13050.147811930627,59.23641080587495,2176.197858039145,193700020.94731903,67015,6
2025-02-09,3047.9637913507713,9938.666324652731,70.65092548855974,1859.5566306277253,187363699.1963963,57595,4
2025-02-10,3992.105220827232,12363.1113319695,63.93511954704038,2317.515639541955,223903144.0388481,75471,7
2025-02-11,3616.81921495082,11357.678652144969,56.25416876536378,2084.177713472363,195584815.6908445,68355,4
2025-02-12,3908.885417393636,11999.476797960699,69.0323483077538,2274.9426077423577,208694038.2614531,73868,5
2025-02-13,3656.067243625811,11060.41022183001,64.07385496850371,2147.7484306052697,193276586.43574387,69092,5
2025-02-14,2571.64374419375,5952.070536568761,63.1852189212794,1448.2972695521833,157310022.2799244,48535,3
2025-02-15,4287.192347303056,11888.697421703488,59.121831084842874,2507.2920997026795,226584190.37110564,81042,4
2025-02-16,3439.3414771783678,11218.432332456112,49.854033161349854,2065.153927401405,193191184.04898804,65028,4
2025-02-17,4099.144003476229,13298.584223978221,59.154913690867545,2476.0961109503664,216676256.6323532,77489,5
2025-02-18,3666.1817589287016,11122.755062006414,67.89502922640798,2202.784691085318,196803823.6985528,69283,4
2025-02-19,3110.165279971264,7003.057700239122,74.70380236129311,1822.547202435596,182089212.77955166,58712,1
2025-02-20,2199.50838332802,4042.2384693175554,46.81478861965753,1193.2593098133507,140544732.9638557,41504,2
2025-02-21,2062.975960604198,5148.343785233796,45.257260471052916,1176.0381581652223,135311660.05405647,38951,1
2025-02-22,3342.7405166389754,7924.8323798030615,53.15313482064521,2010.5513610699145,172461982.10255378,63166,5
2025-02-23,3588.265779155769,7296.181041073054,60.79070666658869,2110.943330727223,179805321.09565714,67797,1
2025-02-24,3047.5266633685005,5393.587317824364,61.49762149149248,1818.9524568826487,166592340.35371518,57542,0
2025-02-25,3206.2162224004455,7485.625500828028,52.59140075629604,1816.312344515988,182249647.91299847,60585,2
2025-02-26,2619.4460949805334,9556.754082471132,51.27998934935855,1583.0831455754674,163096867.97969773,49505,2
2025-02-27,3397.2418405924263,12076.145194754004,54.51131713873766,2069.056007573887,182344815.07826588,64227,3
2025-02-28,3159.6401697782235,11608.066493175924,60.30037158932077,1878.6594229419313,169415278.46997717,59715,3
2025-03-01,2627.252427337146,8537.699273735285,61.28205114848154,1536.0486074839414,151829321.95434102,49618,2
2025-03-03,945.5310117745229,4356.468336496502,21.199716263269696,571.6005225374939,66615213.45871325,17878,0
2025-03-04,2919.445928673705,11585.993050474674,45.77307643944241,1958.861157988412,159722047.34490374,55250,4
2025-03-05,2965.5415537787767,11598.357084780931,49.326454685986064,2006.6512015429514,160265631.30457944,56109,4
2025-03-06,2858.8549918010976,9207.40320906043,61.30411317461762,1883.1513657580626,164573539.03626677,54023,3
2025-03-07,1600.0556045590333,3793.589501257986,33.90084609441922,955.8704150995018,109320812.60760048,30191,0
2025-03-08,1185.0866699919661,2296.6574104502797,26.033475002397783,732.5617010916192,88160653.76849002,22371,0
2025-03-09,1896.6143242066835,7267.265684574842,27.914881978506056,1304.6114873022407,102918620.51817675,35916,3
2025-03-10,2540.0127815529186,8527.264127302915,23.888790137056272,1749.9684211868691,115343918.59395534,48115,3
2025-03-11,2123.2165657222163,7048.962750401348,23.051635747881484,1496.6248260124942,100587699.19513598,40216,2
2025-03-12,1658.9123451170426,6716.856451828033,23.36527692638509,1173.0064011450697,89305856.6920186,31427,2
2025-03-13,1306.1566646594972,5727.388828143477,25.657581152853577,917.6526312604093,75523559.92188421,24742,1
2025-03-14,2063.9619169243683,10773.388450369239,33.532397154853435,1413.5720364334145,106936411.39775118,39088,5
2025-03-15,2624.9007084098043,9404.356329966336,37.819940962882775,1701.8331974290886,119087343.01899067,49662,4
2025-03-16,3044.2909284487855,9268.509829018265,47.96569627743163,1867.7463072050741,160305858.69347963,57538,4
2025-03-17,2556.291141794551,8275.033390417695,37.48627711401128,1607.7099831708194,145232642.90952903,48343,4
2025-03-18,2444.4101639019595,8206.470813632011,38.63125581736363,1546.7679364399012,155338088.32300493,46219,4
2025-03-19,1624.7731990879918,8182.209065407515,25.13389927270077,1198.2410725199334,93906110.9248313,30769,4
2025-03-20,2891.322558941869,10778.756220668554,35.888539827517576,1915.3879329099912,154308620.1957026,54716,4
2025-03-21,2399.1846373711437,9780.359800070524,28.56005478777,1677.2240661467379,114144053.55065277,45422,1
2025-03-22,2174.435711209417,6121.754662141204,34.01601775865347,1421.870645093861,124528820.50045267,41098,0
2025-03-23,937.4269927168805,1511.2132288888097,16.42654650620773,520.6316814506675,69847156.87418522,17666,0
2025-03-24,696.878772335165,233.01134034991264,12.189732799967484,324.27023939688206,56872493.444277495,13130,0
2025-03-25,2221.9383032022743,5520.881893005222,22.147877325347906,1471.5258411220818,107399407.17568645,42056,2
2025-03-26,2495.405780617316,7756.163143701851,25.55194928706625,1658.9523151698418,116057022.07853785,47247,3
2025-03-27,2875.530832987362,10873.483763612807,37.28911963005035,1874.0539587762291,150160296.60762703,54423,3
2025-03-28,2177.5082250287114,6325.790704794228,28.010351240325146,1432.5109033850742,126617380.53773583,41202,2
2025-03-29,1494.1208332198019,5595.040017299354,18.54057087346022,1033.5576807976793,82051283.91855335,28291,2
2025-03-30,2796.4920187681596,10052.689104411751,28.64657170360186,1829.6440899483237,124939320.92222187,52949,3
2025-03-31,2660.2279716765843,9283.926560807973,34.85312898447433,1759.3230958839697,124113815.25773807,50336,2
2025-04-02,46.1599707353723,0.0,1.8693110188639297,27.68869504460657,1455243.6053752808,865,0
2025-04-03,194.98798504355415,127.92344205081463,7.139317046092579,83.51022962818382,9109897.443380633,3664,0
2025-04-04,997.0124837284304,550.768098436296,20.26114963276603,491.03043195691936,56926771.999491796,18821,1
2025-04-05,1290.1137277556695,1571.5636588409543,14.788696701420102,754.8060562314839,60576364.71043862,24392,0
2025-04-06,689.5705848405321,807.4711123257875,9.236945095809643,423.2046990814574,31751930.64496199,13033,0
2025-04-07,226.47438691151888,309.17627201229334,5.255330212118534,111.26027471692655,10099096.861361776,4266,0
2025-04-08,127.33743838397261,0.0,2.396790045220969,35.400554153813665,5701502.660271005,2387,0
2025-04-09,250.1914123399312,6.120475769042969,3.085280171957648,85.75627312439975,14523791.894578187,4698,0
2025-04-10,948.2932832297986,1513.2945492640138,7.096005490039963,543.5900967766067,46501216.018841356,17932,1
2025-04-11,1534.1794423395588,2172.351189866662,19.711027072832987,838.9011434645512,75601271.07420884,28983,1
2025-04-12,547.0810742609341,521.9791593849659,7.115420061737479,275.6371340763943,25822954.71537546,10326,0
2025-04-13,127.25932154997562,384.8422840386629,1.961926883103975,61.44371222912617,6613487.294378601,2402,0
2025-04-14,82.80541938397437,126.77457025647163,0.8518431632187745,34.10065018685042,2525396.1698829136,1556,0
2025-04-15,545.7280356516176,660.5477411970496,3.660159707398108,310.3010152799685,19642802.847818293,10306,0
2025-04-16,1466.7281743645106,944.0365435928106,10.438233356418918,834.931354389809,44599276.57331818,27719,0
2025-04-17,1945.0369720209183,2179.4252597503364,17.544607177093717,1124.8081155677428,71360020.39787269,36753,1
2025-04-18,1878.843817393821,2796.9084033742547,14.591769374951888,1082.858035892414,72613307.51973566,35520,1
2025-04-19,1880.702835943643,2723.455834776163,20.34601491837659,1045.7471403097682,88606595.03256778,35527,0
2025-04-20,1484.0545598499698,2192.4065220355988,9.367119968640898,901.9825052424567,56692926.370300174,28070,0
2025-04-21,2056.9926035825188,2948.307570040226,12.173299190094482,1238.7349093143805,75359795.82787398,38910,0
2025-04-22,2450.159570213101,3174.5233466029167,22.069482141167807,1407.8541668495318,96323880.31944719,46313,1
2025-04-23,2642.122542965624,3752.4041732624173,35.51303666040075,1532.6801416474764,126789565.48596054,49926,2
2025-04-24,1308.962971507572,1374.6633504629135,30.141313065770145,716.5083524591017,83066658.65743843,24691,1
2025-04-25,753.9667327289324,412.84876988083124,19.04914398328977,348.4163513101205,50158530.180015795,14197,0
2025-04-26,1196.4254361772287,801.5313770845532,21.399764502443922,612.7978659233044,51166427.93361124,22562,0
2025-04-27,2207.2143808349656,2516.2293999269605,42.11788236488821,1213.6657489047936,92846445.41492702,41654,1
2025-04-28,1901.5516330595249,2795.8820997551084,43.22449220215472,1007.681664019562,88728139.32188869,35871,1
2025-04-29,1121.8479077958077,524.2532629594207,47.08112633278098,494.31015047634,70951139.94821608,21096,0
2025-04-30,771.1767101271903,783.3950350880623,23.599168073023925,342.61330697138544,41160567.088353604,14528,0
2025-05-01,1335.5671546794156,2042.9069049060345,19.826040288539854,723.8893456358563,56676163.66653294,25229,1
2025-05-02,2102.557157437048,3437.3848084658384,32.647603078343636,1232.0617220138647,88222396.411946,39725,1
2025-05-03,1990.950258864069,3012.881589129567,36.05303748423931,1073.9201643523045,100204461.2347724,37572,1
2025-05-04,628.0854834179971,322.5356918349862,17.63535916527498,279.7750696978938,48233212.918132834,11804,0
2025-05-05,300.4846956096124,271.1081973090768,2.2361030794012255,131.61613535176704,14276878.669683577,5667,0
2025-05-06,542.006299737739,351.8175226598978,0.26704033796162613,302.2256247422848,16126784.624863673,10238,0
2025-05-07,1227.4998506457946,1599.2412846833467,9.348753090756093,742.006988773977,50935280.9746183,23196,1
2025-05-08,753.555030591409,868.5880482196808,10.008074411397471,424.11461749699754,35025206.43385163,14213,0
2025-05-09,1336.1649525165317,2427.9740790985525,30.111837807328694,796.562628327708,77759868.39752871,25220,1
2025-05-10,1947.2702358613938,1576.404253538698,43.83581633665785,1113.2465671154216,108252536.83523367,36734,1
2025-05-11,2542.302864883846,2752.3887946121395,50.78760889369608,1438.5457456534918,127801276.05377874,47995,1
2025-05-12,2136.1459023914804,1375.709171500057,21.544278683663272,1223.21936676481,95319368.65529832,40358,0
2025-05-13,1943.5620305530872,2896.7366635389626,18.557239403906458,1147.253761559484,94725014.59647061,36740,1
2025-05-14,801.5065847360898,318.09428855776787,9.834956547516294,396.9697056616502,50943625.0495587,15120,1
2025-05-15,1413.4162535729074,1240.5573915839195,29.91491170786605,690.7153116543219,81001209.61465329,26623,1
2025-05-16,836.7987302838294,469.7511790692806,16.663690351130633,353.1348713468219,42082674.738316074,15746,0
2025-05-17,1485.380674506768,566.5579245910048,45.9246919917128,744.6395968892787,82378619.09048,27961,0
2025-05-18,1537.8184248024181,1475.4310723990202,27.85798471111257,846.32008050466,82748509.34688401,29000,1
2025-05-19,2220.03350591904,2563.9322985857725,52.629510245152694,1208.6859722316226,124305308.49234556,41864,1
2025-05-20,1377.5134527987352,1622.1913260817528,28.393082598802355,723.5113387112816,84357482.1168502,25961,0
2025-05-21,712.3349753234222,155.3759408891201,25.210948293381954,285.5212554788381,46577458.751155,13376,0
2025-05-22,774.983400260011,936.3743561431766,20.20996631011658,367.455497633742,42843844.246856354,14588,0
2025-05-23,535.8829327794007,341.18206399679184,13.896373141567459,240.75341599514178,25083917.04863803,10090,0
2025-05-24,1240.8944280104956,1442.7567931935191,39.21447258088461,616.3192731426783,77202058.6339708,23371,0
2025-05-25,1517.9399562454175,1024.7353090196848,42.79367850050425,723.5359004693125,86927976.9346824,28595,0
2025-05-26,1751.6883516789862,1778.7735311761498,41.161578164318556,913.0572603701621,96139471.09229153,33027,0
2025-05-27,1195.2064371338681,1092.1032648682594,36.760340792774976,643.2742246858303,71232657.35193038,22503,0
2025-05-28,442.0405213574999,236.63800367712975,5.693804290146868,174.26403732897427,27260858.5759234,8311,0
2025-05-29,899.9508972452929,284.4231701940298,26.15123131692416,371.5536564812,55494043.801323764,16911,0
2025-05-30,1312.896129692107,532.6829626560211,17.297397545560457,588.0754872831432,67050716.725705124,24729,0
2025-05-31,907.7726558653977,260.0676502138376,17.453591419429664,354.6044882053873,55832945.88682191,17078,1
2025-06-01,692.9532271748755,1.8923679888248444,25.09520144321824,269.87978064330366,52995063.269368656,13004,0
2025-06-02,708.071368151942,170.77224508672953,20.035067976020287,296.411491976025,44804259.54244309,13307,1
2025-06-03,1116.5705867461165,418.7314077243209,34.04670199941007,525.5450828278553,66437394.84039957,21002,1
2025-06-04,2281.221454043027,3177.8174255788326,36.22360873335983,1293.6700690438167,108480836.6816651,43074,1
2025-06-05,1552.1144046163488,2610.1280318647623,27.82274645114063,830.0785748041785,88930973.3167085,29307,1
2025-06-06,1800.389664566165,2432.7585584670305,35.86341740019047,1003.5740821673031,103695245.66310586,33990,1
2025-06-07,513.094897596377,754.9804511144757,14.17598709671653,291.2097711374858,38746481.81412404,9670,1
2025-06-08,866.4725900179307,566.3431740701199,31.804614848560274,372.6425940024559,64759027.06915757,16281,0
2025-06-09,1380.8340629212466,1128.2968803830445,40.241623771760764,676.4593336821166,88728607.78496891,26004,1
2025-06-10,1561.6125693287706,1165.625060684979,42.90480260705662,819.6272511858788,97388913.67478904,29417,0
2025-06-11,2568.0793398723577,3164.2846152298152,70.02463310836241,1393.3343682405136,144085056.90461388,48420,4
2025-06-12,2128.0991251630335,2921.3128486946225,45.42356883697506,1164.4737680991307,114301586.56056534,40142,1
2025-06-13,2089.915330414846,2455.4356306418777,58.662570182538126,1099.3111849902746,119371513.237378,39395,1
2025-06-14,1583.332214788821,920.2615836262703,35.98567611462448,922.3340445190615,80047097.50428787,29842,1
2025-06-15,835.3633896968041,91.95573891699314,27.650373024493266,349.58379799523516,57401648.23240927,15681,0
2025-06-16,1247.6007509526842,445.24535296857357,33.401321999717865,631.767929765503,75263267.98805872,23483,0
2025-06-17,430.94459734316035,46.47257899492979,9.839595009898472,147.66755681976926,28138124.8873527,8093,0
2025-06-18,440.1752491590089,174.8531108275056,13.913175351894717,131.42512092741333,23471664.06807579,8264,0
2025-06-19,308.5063568794084,616.9539480805397,5.472108953571127,135.98109957120855,16716309.874432875,5809,0
2025-06-20,612.7821244826804,1694.4326332882047,10.177835467854333,350.70239810419656,38045993.38510586,11574,0
2025-06-21,1042.9512843525933,1692.2226328626275,19.051268506268517,556.401033996721,59662642.72879328,19685,1
2025-06-22,1026.427421226782,1120.9599864333868,13.043672924311064,594.3777964841963,47609439.95938761,19378,1
2025-06-23,1218.8760889329224,487.2906275242567,32.748152065515164,666.299571770934,66291431.929845005,22965,1
2025-06-24,785.7416067072331,82.43846824020147,20.455141794937287,380.27733873451353,45862998.4020045,14782,0
2025-06-25,662.9309002335233,123.82367820292711,22.27772471660675,259.2295530200409,47448784.28692754,12463,0
2025-06-26,1874.3563762398255,1686.6519522741437,50.83344109846021,1012.1692727294945,105650950.53597127,35352,0
2025-06-27,1701.9623299781426,1662.343698747456,33.77538466822102,921.0779138987768,92698706.58523673,32104,0
2025-06-28,926.4691173843642,9.70786003768444,48.81666298075836,368.3444690423658,68346916.7038573,17391,0
2025-06-29,524.7310253241529,1.4526650160551071,17.223016473423733,211.10218348022502,42584456.89117048,9842,0
2025-07-01,56.45249325126975,0.0,1.476771996960149,9.109426565449715,2268138.9190606144,1064,0
2025-07-02,439.28582430260167,304.31192591786385,5.848885443204512,156.701830700969,18893437.413158204,8267,0
2025-07-03,502.14458551716876,0.0,10.204564894977631,212.3902670910125,33312229.18213416,9442,0
2025-07-04,611.3285456094193,53.434514820575714,19.421150440394957,262.5461573375382,44305772.450488396,11476,0
2025-07-05,383.3463505223432,5.726455211639404,11.46632743644323,152.27239137346353,30947744.82536968,7191,0
2025-07-06,617.2077024990338,111.34697803854942,19.20343745000445,265.878660973085,47067990.40825079,11587,0
2025-07-07,417.1379933838283,388.87123193591833,9.161483609832977,190.80994794456427,31978680.753948543,7837,0
2025-07-08,426.08087563388113,388.87123193591833,8.147270476987678,184.44683982878507,33282895.024589717,8005,0
2025-07-09,273.51283531631077,315.67718198150396,5.859494736779645,116.46322448981432,19942322.031519514,5136,0
2025-07-10,137.87126284404331,0.0,2.5590397610435915,31.360527982305026,5914004.11108943,2585,0
2025-07-11,57.31459726857417,12.31276798248291,2.0293876589600863,26.55881506753415,3065497.0440546363,1077,0
2025-07-12,69.96414613310056,0.0,1.7086506363136469,34.096120426567346,3441124.2814469347,1313,0
2025-07-13,232.87830323343553,13.376476734876633,8.27538810942634,137.8245472963407,9173082.959961878,4379,0
2025-07-14,1198.660079040556,466.4493308365345,27.241013291479998,721.0008483487943,49991133.550857134,22608,0
2025-07-15,660.288861160514,708.3351080864668,25.210160092286348,328.13310914898085,36566510.48014033,12427,0
2025-07-16,786.8020008959083,105.68012393265963,32.78162765532338,350.1660749238106,57259201.92228154,14774,0
2025-07-17,500.5923663315238,116.27632883191109,15.714658596154216,197.65918138223375,38809866.88703951,9394,0
2025-07-18,572.19468027195,116.27632883191109,21.86828647914174,230.74515564965017,40297438.736510895,10733,0
2025-07-19,728.6782460885378,22.016830444335938,34.963858560940764,313.5123828728333,44389470.43982535,13676,0
2025-07-20,682.3441688580286,5.3535531759262085,27.21641270127785,288.3726707347235,48194818.05905295,12796,0
2025-07-21,1207.9687988075166,303.29591754823923,42.7614998862821,590.5935251605896,78424611.84263301,22711,0
2025-07-22,1617.208295433637,813.0916682519019,23.763393619773932,887.4875459528233,85190668.96305357,30518,0
2025-07-23,1269.4158240950883,724.7947413735092,23.605947971771936,642.9828630718272,70915325.6015143,23927,0
2025-07-24,1311.7626214013997,630.7617510966957,27.894527612661243,695.7311498512807,78309527.10880934,24719,0
2025-07-25,620.5000201011026,0.5600370168685913,22.673592162213236,272.4161237442033,49074526.756893225,11644,0
2025-07-26,1099.5097588975498,125.0471653342247,43.446385113192214,508.33209243203976,65052847.089680955,20682,0
2025-07-27,2099.7963777026334,1746.9503691345453,34.23223463636963,1153.9548155148336,101203341.69926138,39632,1
2025-07-28,2077.9462691819344,1631.082247018814,51.40532033671252,1142.7556956107233,106884177.59162208,39189,1
2025-07-29,1489.103842857626,1063.4300074279308,32.026567484048684,828.7255865173742,92875699.0456846,28068,0
2025-07-31,243.4846960596457,14.9092116355896,5.328175415888839,75.64626101180485,16703350.274167424,4566,0
2025-08-01,792.2225725150105,620.6285629943013,12.464999097802616,352.63842601443145,48643006.90592779,14908,1
2025-08-02,936.9628590434916,908.9868400394917,23.6471936863543,492.38420794166245,65748073.06179634,17647,0
2025-08-03,598.3058695012447,1441.7158370390534,5.29440482378716,352.64726426612214,29676329.42174172,11300,0
2025-08-04,329.91027418525107,787.2501892670989,3.392684847117327,188.7275719789821,18934846.396010794,6224,0
2025-08-05,450.2491896479408,1226.9949032776058,4.81075650756928,280.1385510963993,24234634.964616336,8503,0
2025-08-06,874.7307011732416,491.8606216907501,10.93995261227532,390.1618779023637,34450706.78053723,16491,1
2025-08-08,342.432381630667,288.3671382814646,7.8480366661535905,96.62815686298431,12260755.1375102,6426,0
2025-08-09,176.65301577187145,0.0,3.7377183119626176,49.22829716154974,8023894.386342548,3309,0
2025-08-10,399.7084795234237,159.85603754222393,14.659045480036566,170.01960083390853,34865044.0451278,7500,0
2025-08-11,773.0593102799189,30.916642978787422,9.677724964962508,482.48016498853434,46959285.63339221,14569,0
2025-08-12,916.1499347407532,34.10922893881798,16.919709015598347,522.3200656638985,53520401.8814933,17256,0
2025-08-13,56.01255788501479,0.6641870141029358,0.0,42.529142276446365,3818690.6140673533,1059,1
2025-08-14,587.1840135325227,0.0,23.486911573310206,243.23935419286417,41210274.11581783,11008,0
2025-08-15,517.2583710475848,0.0,26.98715092372203,207.38189437571847,29606166.081633076,9693,0
2025-08-16,396.6238778951409,0.0,20.605685277422246,145.75286501005857,21536258.965767495,7435,0
2025-08-17,177.59698084426842,5.077326774597168,8.593670638121425,62.76900303323926,8129020.475442672,3337,0
2025-08-18,107.27115264836608,5.077326774597168,2.5498149334366755,43.71332371897891,4202705.016589431,2019,0
2025-08-19,28.805745549686648,24.604036331176758,0.1587854982352447,21.651968219812893,1374606.5043224536,545,0
2025-08-20,15.728487137033614,0.0,0.0,2.879562637448598,169464.9641658052,295,0
2025-08-21,0.21340683881548692,0.0,0.0,0.0,0.0,4,0
2025-08-22,35.100582732856914,3.1734520196914673,0.10681487073490642,9.110111132729639,1968052.4976190538,658,0
2025-08-23,117.44917362086223,8.357316195964813,2.7718924469491406,53.97205849669213,8880198.592508655,2205,0
2025-08-24,274.32048863229653,63.66832712292671,7.419563668860712,136.56271964062674,13745801.676139401,5158,0
2025-08-25,166.43416179120297,566.8063336387277,6.952924745869966,98.17095163340387,10889163.291532297,3134,0
2025-08-26,494.7092147672208,1021.5487414598465,13.872096457302728,237.4097427061872,29043526.58783788,9308,0
2025-08-27,792.09258243323,500.1661335080862,15.01582645843774,340.2471384708024,43901952.91448393,14902,0
2025-08-28,846.9241205864697,256.4938599616289,19.9952552849566,352.01972728930366,47741111.86110106,15924,0
2025-08-30,393.08927329929446,901.5388639122248,7.544783413835312,213.26680495886714,17255818.54782517,7414,1
2025-08-31,643.1335379120919,915.7395868748426,13.191469336427097,309.82004532409553,28758872.47465519,12115,2
2025-09-01,574.573189260742,6.2287009209394455,12.642250038520674,211.46295432289347,23461563.280274913,10783,0
2025-09-02,471.1960635782965,0.0,11.684160630432917,159.8685262512672,23614180.599540066,8830,0
2025-09-03,538.7021408432064,0.0,21.086113572506605,198.82268794014777,26304139.445497412,10096,0
2025-09-04,708.9040198477192,64.25509697198868,6.244742535009531,421.86903169445276,21430824.57061662,13371,0
2025-09-05,800.2887073008138,274.366219766438,8.320790745032813,462.73225170063256,27093855.80051751,15117,0
2025-09-06,515.9077958847117,65.16381848603487,16.60806916595845,241.18020865156163,22213034.714251794,9698,0
2025-09-07,416.5202866056012,0.0,18.75173087791098,156.2578390911341,20846272.378993355,7806,0
2025-09-08,579.6089186232841,0.0,32.18311837131005,239.73237281989776,31243748.642588515,10860,0
2025-09-09,449.48061720348545,4.782341957092285,16.53265846381482,176.83468222710894,21925716.647984773,8427,0
2025-09-10,577.5630901058383,116.7266202121973,19.341080321440206,255.80556164097223,41584101.207103066,10841,0
2025-09-11,476.3899024789694,34.95481351017952,12.539371652718199,204.3811598935116,20075550.918150652,8940,0
2025-09-12,343.28703330887714,0.0,9.2302726401985,118.32902917620677,14304185.15506747,6434,0
2025-09-13,509.2479906934806,0.0,16.547737390037774,186.80012945680863,23403388.973329213,9546,0
2025-09-14,609.9258067591354,108.28591495752335,8.533659284030723,317.5634684751192,22692002.572629455,11488,0
2025-09-15,1291.3716482480738,1156.4845722615719,13.03324379871949,681.2415247485583,48452884.83546115,24369,0
2025-09-16,1375.2918472042377,1078.4960325956345,21.59335511379783,703.6576204499543,62048798.26616146,25927,0
2025-09-17,723.3336278797107,97.21547935903072,23.858408495629174,295.261710941101,40193752.91768634,13589,0
2025-09-18,854.0230787239964,0.0,34.661207663835015,352.7469914206865,65016885.36804159,16032,0
2025-09-19,589.1467820895476,51.942387983202934,11.441085656936641,250.29818208284337,32883696.527803037,11072,0
2025-09-20,659.2942476606288,58.65318417549133,8.561799799216354,271.9968119510857,36166293.17592212,12420,0
2025-09-21,1337.517054121361,486.22897354513407,12.098210181525785,640.3123204945597,61399874.86034365,25238,0
2025-09-22,744.5719277702818,199.53271852433681,12.318424732299206,360.9874251232309,38674529.243708566,14022,0
2025-09-23,723.2669188075735,5.726455211639404,25.60957794568669,310.5095359925899,58278930.73325462,13571,0
2025-09-24,291.65129740594057,0.0,5.756926363767118,104.29676878841808,24000244.418656293,5470,0
2025-09-25,307.18544858099347,0.0,7.755687183326836,94.69936843873164,20692242.742651667,5763,0
2025-09-26,272.65519844598083,1.253303050994873,7.119318102417309,77.46110121442356,15639440.500920748,5115,0
2025-09-27,248.01980276389676,4.531636118888855,5.59485306742106,92.69305785988053,8868519.783083346,4659,0
2025-09-29,471.46123055859437,869.2687838971615,18.511762431099815,270.7889996005687,27808457.437119253,8911,0
2025-09-30,685.90169773282,869.2687838971615,38.25083993107149,364.0117728815664,38754671.94891036,12949,0
2025-10-01,471.9278028612678,139.9641589820385,23.99510864153088,250.22955049342195,19205777.189159226,8881,1
2025-10-02,172.6164776958758,0.0,7.710716971178935,58.67954255158688,7433186.573580739,3240,0
2025-10-03,261.1016538173766,0.9228079915046692,30.112766873661336,118.28965700184251,11138321.411580004,4914,0
2025-10-04,152.39251396932758,69.74428328871727,1.0124271028131075,85.92255223981687,4264374.870136056,2871,0
2025-10-05,115.15137776699754,4.79775507748127,21.7194521930874,25.079288716610964,6176827.572780797,2171,0
2025-10-06,471.6439123716187,150.54473499953747,19.395150398789713,179.6716513930664,29844440.300862394,8893,0
2025-10-07,336.1746355806291,63.46377190947533,15.5560358846753,211.52978534586146,21103052.00242652,6353,0
2025-10-08,418.1262610962026,63.21939091384411,40.455906962009536,264.6615366780605,16844288.772806644,7898,0
2025-10-09,549.9693398832958,431.0717642828822,22.188799806276304,342.1738657733045,22948143.536678806,10379,0
2025-10-10,561.633049677409,1125.8322765603662,31.448116195179814,287.8862005442539,29188031.183732454,10593,0
2025-10-11,1144.6727046682345,1517.7925981730223,38.83155843722709,611.4692634209516,66510007.70718847,21599,1
2025-10-12,980.0039907330336,1155.2207791432738,24.071010319774135,560.3342123824708,53241066.02856573,18510,1
2025-10-13,792.8740728258518,160.28952784836292,23.708173979661623,429.1427636896874,39133023.933063425,14951,0
2025-10-14,686.3785129280745,162.03598978370428,10.176354485604957,415.85551369929766,27819626.66213472,12941,0
2025-10-15,464.1544080238437,257.58796518296003,10.525722041157184,229.59179281607538,33306497.805010553,8729,0
2025-10-16,781.5871371705755,796.723610535264,28.33744051234483,386.34396450101576,59789590.39669654,14723,0
2025-10-17,836.3173727226645,1170.500070810318,15.551040819878274,486.79681557249825,53081666.5294894,15818,0
2025-10-18,885.2986083431989,880.4486726298928,40.42174919075476,495.08466993979914,45907758.28564589,16741,0
2025-10-19,2045.988396574199,1393.6176553666592,35.46506163338458,912.1190660622459,83498840.45488879,38691,0
2025-10-20,594.4538760071373,84.51894102990627,26.26959723971072,224.7736978314271,21804862.299620707,11209,0
2025-10-21,1059.7524182351372,240.41169157624245,17.175485347815247,396.8872567309501,51245962.12586386,19995,0
2025-10-22,822.1758296090143,318.5739873945713,7.1101581673817495,344.7413637099656,34267800.200287305,15561,0
2025-10-23,1010.1971493436862,638.164504468441,14.821894816346719,521.8128894025652,41951715.67040183,19127,0
2025-10-24,2089.8231331216416,1552.2275222465396,47.99920903646112,1101.5704235687638,99069188.35298987,39556,1
2025-10-25,727.2301794690078,787.3056348413229,41.1347377905768,372.1280994015874,37342392.203685366,13745,0
2025-10-26,2333.471081099988,2813.0214129537344,51.490942824167846,1309.4418384585128,103223492.3240263,44133,4
2025-10-27,2551.114443495594,3324.634311337024,16.006911483650825,1493.1446332000903,99097056.25054465,48289,2
2025-10-28,2723.663839498892,2782.5532718487084,42.561487115393646,1577.4209283346813,104272932.06486748,51538,2
2025-10-29,2573.095892627917,3098.4247320219874,49.790932847067275,1448.946233444313,113143246.51302823,48699,1
2025-10-30,782.0655914061462,1294.6638048887253,43.9288329038275,501.9985042765789,45889373.71616512,14807,1
2025-10-31,691.7310184680848,1160.6827228292823,57.568119441622244,431.4669809341831,44227199.81877276,13094,0
2025-11-01,829.6444724422261,1173.3702733367682,33.40814320376166,426.65008805169384,41856141.85597399,15713,0
2025-11-02,902.9730218776893,1343.8522571399808,50.007995836216686,482.19857986161406,46252620.087563924,17093,0
2025-11-03,1532.5226486616123,2527.6887906342745,42.100131839792795,757.7046842554312,72026842.46654235,28988,1
2025-11-04,890.1834867163008,827.7885997891426,41.23087727271579,437.0910360342794,52880442.28863446,16801,0
2025-11-05,1322.1091523592777,995.1254941001534,64.38066586797045,684.8149233919069,78880117.9466288,24943,0
2025-11-06,1753.2586501178623,1785.734959371388,50.86956653745644,898.1656171071188,94815341.04454331,33115,0
2025-11-07,2281.2877046004014,1749.3530826717615,77.68205637180019,1319.5658677939477,114595419.84057136,43086,1
2025-11-08,3567.87106535375,3756.2402408085763,62.46332290979443,1904.5322258700742,164425494.00336015,67451,4
2025-11-09,2759.2953700920416,2831.8229277953506,50.12842355850507,1568.6167612527693,133330158.55119823,52175,2
2025-11-10,2863.9328153880747,3186.7046304680407,60.43084100404956,1588.8007317875547,133201922.53910683,54176,4
2025-11-11,2648.5608636699612,2760.693365070969,50.716183194431665,1482.6582796122113,124397144.13819934,50101,2
2025-11-12,2654.1290445816185,2072.2188451886177,68.80010489793983,1478.0941913263655,124643995.41991332,50150,2
2025-11-13,3233.0302942095846,2614.197930663824,72.50195190029135,1717.0997118773184,158283440.2827135,61063,2
2025-11-14,2426.557655643071,2266.4523762464523,54.51362194623899,1354.0109114380489,123575955.67573787,45822,1
2025-11-15,2673.777154914475,2521.0401863902807,60.95265322176903,1496.805497249344,131768589.96813384,50533,2
2025-11-16,3059.8188517699123,3204.27810523659,40.29292715935064,1715.7981537219798,137469258.4109907,57852,2
2025-11-17,2834.257227033645,2352.1539111435413,57.408005945859955,1615.3844592488742,132204852.86658145,53562,2
2025-11-18,3478.6443805459467,2813.722261890769,76.85432427858304,1951.5548924003585,175643962.67710254,65700,2
2025-11-19,3055.4871239709228,2582.5159256607294,79.47597454843032,1735.7127818090287,157374463.25465357,57674,1
2025-11-20,907.8833836997997,2311.6365291699767,15.620871612753009,599.4184859822868,53789595.092632905,17200,1
2025-11-21,4056.657649140215,4070.386251784861,69.96239247160914,2243.608217420617,181098014.99103826,76657,3
2025-11-22,3319.026981852526,2742.645435847342,67.19398977253923,1934.6795424363982,152288373.36585185,62711,2
2025-11-23,3860.4554361369987,3412.1973621845245,77.95213589688095,2119.477572043379,179694257.9630427,72942,2
2025-11-24,3138.060411245274,2507.5663819238544,77.54120964506644,1693.2680346303748,153933311.0412175,59265,2
2025-11-25,3963.2449808007104,2937.6772801727057,84.84186609377988,2149.0912375648495,178251663.54699227,74846,3
2025-11-26,4229.419898646346,3838.6086849048734,76.17731545883407,2287.834878972158,187913785.60032296,79896,4
2025-11-27,3629.126248546483,2727.2864949330688,78.03299545077718,2044.815927797677,169596399.2961768,68541,3
2025-11-28,3831.8889756414446,3377.210242934525,80.96779792379262,2156.0258600965644,176454346.02634704,72393,3
2025-11-29,2887.6529328496863,2738.237473472953,63.733941936804264,1630.9721957458812,143203486.58852857,54529,1
2025-11-30,2690.9836017150024,2777.8391188383102,54.58222165810297,1597.718289300482,130758180.83642617,50855,2
2025-12-01,2565.127459114848,2433.7031135112047,45.92149802018193,1533.3870265953383,126086147.1582092,48481,3
2025-12-02,2750.5348938920515,1687.7819759845734,60.71270255735196,1564.7542366266098,143822948.41431406,51930,1
2025-12-03,2904.238754654955,1971.2508446872234,46.62620442131499,1557.2088507446972,136756739.10414466,54860,3
2025-12-04,2042.8067528874144,1758.6586235836148,36.082828479264734,1091.787989129711,109981504.34271206,38577,2
2025-12-05,876.09149820784,1405.3463440909982,10.574881459604251,527.0842006948211,41335847.03595058,16590,1
2025-12-06,1240.0574718238079,1390.4060318097472,9.732634290450953,749.6402714707583,56361975.83618408,23470,1
2025-12-07,1324.3739664084871,473.111406840384,20.223369662943487,768.9598689917759,56987343.00990712,25010,0
2025-12-08,1491.0723475176858,169.12662752717733,54.44592148002261,738.7188465119789,85463716.57079975,28065,0
2025-12-09,1234.2335555770476,29.223517388105392,69.48652436928514,592.8531576406871,84026427.04323992,23191,0
2025-12-10,1291.2277966018517,521.9153369963169,49.64847131467139,672.2529424693391,76976885.0766818,24308,0
2025-12-11,2611.2949963137426,2199.906922839582,47.660996801021106,1551.8376945300279,127470312.03355815,49345,3
2025-12-12,3367.7655108696786,3694.3803239762783,58.79282754780339,1931.692397026522,153102197.93683252,63662,5
2025-12-13,3518.9774971635366,4388.684483915567,45.070753568523514,2022.5520879793162,143002191.3576786,66573,8
2025-12-14,3892.1902001099743,4113.183587454259,55.01052521136817,2187.560958830644,150644927.6130567,73608,6
2025-12-15,3846.253120066836,3727.0295896455646,48.875385971818815,2237.9485699397906,153607419.68075663,72739,4
2025-12-16,3626.0482560783203,3513.7674750089645,50.64163575004702,2087.2578245104955,156422417.64348134,68564,3
2025-12-17,3771.680022356575,3704.7877218946815,36.93330830653546,2171.6064628220133,158335068.0305907,71315,6
2025-12-18,3792.330758833063,3870.3856644779444,26.080227155949856,2184.953265657897,145015684.81933677,71742,3
2025-12-19,4206.172165980454,3849.649371340871,42.02955879522239,2437.4151705256127,161580964.2780178,79538,1
2025-12-20,4412.342705008398,3647.3468375876546,45.234166791657465,2451.494335758173,175203169.59014437,83409,2
2025-12-21,4124.957196180345,3387.046137139201,37.32939384066555,2418.2046929684416,158998075.0794298,77979,3
2025-12-22,4697.350051471538,3846.6398582570255,66.4228958091666,2705.77437743102,193978848.39960623,88769,4
2025-12-23,3819.062530019975,3051.1915347725153,42.74766768983151,2242.2456659664886,163289397.31938636,72217,4
2025-12-24,3460.3528116180064,2002.0734282135963,60.296657812309995,1942.4157746380467,169648836.47435424,65365,2
2025-12-25,3901.413280536133,2639.740593343973,62.49167603883363,2212.2168072206296,187630197.92798734,73724,3
2025-12-26,3766.151745520438,2480.156044997275,54.51930408878598,2196.821200007763,175188456.06166187,71194,3
2025-12-27,4864.375488264719,4012.043362375349,79.6463887709435,2766.915359600092,217692974.47870967,91924,6
2025-12-28,4098.489996911355,3721.9913461878896,28.06331312273864,2442.4089916988455,156655119.12739062,77557,4
2025-12-29,2536.266957516165,1881.1326822713017,25.11960682764116,1480.7848741058558,95070276.53241198,47992,1
2025-12-30,2199.417657695847,2282.4020033553243,20.80271728673562,1387.1462534754146,91177366.97281334,41647,1
2025-12-31,800.6675822102566,1621.6370115801692,13.415007188766303,509.8763404701854,43342566.62210516,15161,1
